path,label,y,source,generator,speaker,sentence,group,sr,duration
data/external/LibriSpeech/dev-other/116/288045/116-288045-0000.flac,bonafide,0,librispeech,bonafide_libri_dev-other,libri_116,116-288045-0000,libri_116,16000,
data/external/LibriSpeech/dev-other/116/288045/116-288045-0001.flac,bonafide,0,librispeech,bonafide_libri_dev-other,libri_116,116-288045-0001,libri_116,16000,
data/external/LibriSpeech/dev-other/116/288045/116-288045-0002.flac,bonafide,0,librispeech,bonafide_libri_dev-other,libri_116,116-288045-0002,libri_116,16000,
data/external/LibriSpeech/dev-other/116/288045/116-288045-0003.flac,bonafide,0,librispeech,bonafide_libri_dev-other,libri_116,116-288045-0003,libri_116,16000,
data/external/LibriSpeech/dev-other/116/288045/116-288045-0004.flac,bonafide,0,librispeech,bonafide_libri_dev-other,libri_116,116-288045-0004,libri_116,16000,
data/external/LibriSpeech/dev-other/116/288045/116-288045-0005.flac,bonafide,0,librispeech,bonafide_libri_dev-other,libri_116,116-288045-0005,libri_116,16000,
data/external/LibriSpeech/dev-other/116/288045/116-288045-0006.flac,bonafide,0,librispeech,bonafide_libri_dev-other,libri_116,116-288045-0006,libri_116,16000,
data/external/LibriSpeech/dev-other/116/288045/116-288045-0007.flac,bonafide,0,librispeech,bonafide_libri_dev-other,libri_116,116-288045-0007,libri_116,16000,
data/external/LibriSpeech/dev-other/116/288045/116-288045-0008.flac,bonafide,0,librispeech,bonafide_libri_dev-other,libri_116,116-288045-0008,libri_116,16000,
data/external/LibriSpeech/dev-other/116/288045/116-288045-0009.flac,bonafide,0,librispeech,bonafide_libri_dev-other,libri_116,116-288045-0009,libri_116,16000,
data/external/LibriSpeech/dev-other/116/288045/116-288045-0010.flac,bonafide,0,librispeech,bonafide_libri_dev-other,libri_116,116-288045-0010,libri_116,16000,
data/external/LibriSpeech/dev-other/116/288045/116-288045-0011.flac,bonafide,0,librispeech,bonafide_libri_dev-other,libri_116,116-288045-0011,libri_116,16000,
data/external/LibriSpeech/dev-other/116/288045/116-288045-0012.flac,bonafide,0,librispeech,bonafide_libri_dev-other,libri_116,116-288045-0012,libri_116,16000,
data/external/LibriSpeech/dev-other/116/288045/116-288045-0013.flac,bonafide,0,librispeech,bonafide_libri_dev-other,libri_116,116-288045-0013,libri_116,16000,
data/external/LibriSpeech/dev-other/116/288045/116-288045-0014.flac,bonafide,0,librispeech,bonafide_libri_dev-other,libri_116,116-288045-0014,libri_116,16000,
data/external/LibriSpeech/dev-other/116/288045/116-288045-0015.flac,bonafide,0,librispeech,bonafide_libri_dev-other,libri_116,116-288045-0015,libri_116,16000,
data/external/LibriSpeech/dev-other/116/288045/116-288045-0016.flac,bonafide,0,librispeech,bonafide_libri_dev-other,libri_116,116-288045-0016,libri_116,16000,
data/external/LibriSpeech/dev-other/116/288045/116-288045-0017.flac,bonafide,0,librispeech,bonafide_libri_dev-other,libri_116,116-288045-0017,libri_116,16000,
data/external/LibriSpeech/dev-other/116/288045/116-288045-0018.flac,bonafide,0,librispeech,bonafide_libri_dev-other,libri_116,116-288045-0018,libri_116,16000,
data/external/LibriSpeech/dev-other/116/288045/116-288045-0019.flac,bonafide,0,librispeech,bonafide_libri_dev-other,libri_116,116-288045-0019,libri_116,16000,
data/external/LibriSpeech/dev-other/116/288045/116-288045-0020.flac,bonafide,0,librispeech,bonafide_libri_dev-other,libri_116,116-288045-0020,libri_116,16000,
data/external/LibriSpeech/dev-other/116/288045/116-288045-0021.flac,bonafide,0,librispeech,bonafide_libri_dev-other,libri_116,116-288045-0021,libri_116,16000,
data/external/LibriSpeech/dev-other/116/288045/116-288045-0022.flac,bonafide,0,librispeech,bonafide_libri_dev-other,libri_116,116-288045-0022,libri_116,16000,
data/external/LibriSpeech/dev-other/116/288045/116-288045-0023.flac,bonafide,0,librispeech,bonafide_libri_dev-other,libri_116,116-288045-0023,libri_116,16000,
data/external/LibriSpeech/dev-other/116/288045/116-288045-0024.flac,bonafide,0,librispeech,bonafide_libri_dev-other,libri_116,116-288045-0024,libri_116,16000,
data/external/LibriSpeech/dev-other/116/288045/116-288045-0025.flac,bonafide,0,librispeech,bonafide_libri_dev-other,libri_116,116-288045-0025,libri_116,16000,
data/external/LibriSpeech/dev-other/116/288045/116-288045-0026.flac,bonafide,0,librispeech,bonafide_libri_dev-other,libri_116,116-288045-0026,libri_116,16000,
data/external/LibriSpeech/dev-other/116/288045/116-288045-0027.flac,bonafide,0,librispeech,bonafide_libri_dev-other,libri_116,116-288045-0027,libri_116,16000,
data/external/LibriSpeech/dev-other/116/288045/116-288045-0028.flac,bonafide,0,librispeech,bonafide_libri_dev-other,libri_116,116-288045-0028,libri_116,16000,
data/external/LibriSpeech/dev-other/116/288045/116-288045-0029.flac,bonafide,0,librispeech,bonafide_libri_dev-other,libri_116,116-288045-0029,libri_116,16000,
data/external/LibriSpeech/dev-other/116/288045/116-288045-0030.flac,bonafide,0,librispeech,bonafide_libri_dev-other,libri_116,116-288045-0030,libri_116,16000,
data/external/LibriSpeech/dev-other/116/288045/116-288045-0031.flac,bonafide,0,librispeech,bonafide_libri_dev-other,libri_116,116-288045-0031,libri_116,16000,
data/external/LibriSpeech/dev-other/116/288045/116-288045-0032.flac,bonafide,0,librispeech,bonafide_libri_dev-other,libri_116,116-288045-0032,libri_116,16000,
data/external/LibriSpeech/dev-other/116/288046/116-288046-0000.flac,bonafide,0,librispeech,bonafide_libri_dev-other,libri_116,116-288046-0000,libri_116,16000,
data/external/LibriSpeech/dev-other/116/288046/116-288046-0001.flac,bonafide,0,librispeech,bonafide_libri_dev-other,libri_116,116-288046-0001,libri_116,16000,
data/external/LibriSpeech/dev-other/116/288046/116-288046-0002.flac,bonafide,0,librispeech,bonafide_libri_dev-other,libri_116,116-288046-0002,libri_116,16000,
data/external/LibriSpeech/dev-other/116/288046/116-288046-0003.flac,bonafide,0,librispeech,bonafide_libri_dev-other,libri_116,116-288046-0003,libri_116,16000,
data/external/LibriSpeech/dev-other/116/288046/116-288046-0004.flac,bonafide,0,librispeech,bonafide_libri_dev-other,libri_116,116-288046-0004,libri_116,16000,
data/external/LibriSpeech/dev-other/116/288046/116-288046-0005.flac,bonafide,0,librispeech,bonafide_libri_dev-other,libri_116,116-288046-0005,libri_116,16000,
data/external/LibriSpeech/dev-other/116/288046/116-288046-0006.flac,bonafide,0,librispeech,bonafide_libri_dev-other,libri_116,116-288046-0006,libri_116,16000,
data/external/LibriSpeech/dev-other/116/288046/116-288046-0007.flac,bonafide,0,librispeech,bonafide_libri_dev-other,libri_116,116-288046-0007,libri_116,16000,
data/external/LibriSpeech/dev-other/116/288046/116-288046-0008.flac,bonafide,0,librispeech,bonafide_libri_dev-other,libri_116,116-288046-0008,libri_116,16000,
data/external/LibriSpeech/dev-other/116/288046/116-288046-0009.flac,bonafide,0,librispeech,bonafide_libri_dev-other,libri_116,116-288046-0009,libri_116,16000,
data/external/LibriSpeech/dev-other/116/288046/116-288046-0010.flac,bonafide,0,librispeech,bonafide_libri_dev-other,libri_116,116-288046-0010,libri_116,16000,
data/external/LibriSpeech/dev-other/116/288046/116-288046-0011.flac,bonafide,0,librispeech,bonafide_libri_dev-other,libri_116,116-288046-0011,libri_116,16000,
data/external/LibriSpeech/dev-other/116/288047/116-288047-0000.flac,bonafide,0,librispeech,bonafide_libri_dev-other,libri_116,116-288047-0000,libri_116,16000,
data/external/LibriSpeech/dev-other/116/288047/116-288047-0001.flac,bonafide,0,librispeech,bonafide_libri_dev-other,libri_116,116-288047-0001,libri_116,16000,
data/external/LibriSpeech/dev-other/116/288047/116-288047-0002.flac,bonafide,0,librispeech,bonafide_libri_dev-other,libri_116,116-288047-0002,libri_116,16000,
data/external/LibriSpeech/dev-other/116/288047/116-288047-0003.flac,bonafide,0,librispeech,bonafide_libri_dev-other,libri_116,116-288047-0003,libri_116,16000,
data/external/LibriSpeech/dev-other/116/288047/116-288047-0004.flac,bonafide,0,librispeech,bonafide_libri_dev-other,libri_116,116-288047-0004,libri_116,16000,
data/external/LibriSpeech/dev-other/116/288047/116-288047-0005.flac,bonafide,0,librispeech,bonafide_libri_dev-other,libri_116,116-288047-0005,libri_116,16000,
data/external/LibriSpeech/dev-other/116/288047/116-288047-0006.flac,bonafide,0,librispeech,bonafide_libri_dev-other,libri_116,116-288047-0006,libri_116,16000,
data/external/LibriSpeech/dev-other/116/288047/116-288047-0007.flac,bonafide,0,librispeech,bonafide_libri_dev-other,libri_116,116-288047-0007,libri_116,16000,
data/external/LibriSpeech/dev-other/116/288047/116-288047-0008.flac,bonafide,0,librispeech,bonafide_libri_dev-other,libri_116,116-288047-0008,libri_116,16000,
data/external/LibriSpeech/dev-other/116/288047/116-288047-0009.flac,bonafide,0,librispeech,bonafide_libri_dev-other,libri_116,116-288047-0009,libri_116,16000,
data/external/LibriSpeech/dev-other/116/288047/116-288047-0010.flac,bonafide,0,librispeech,bonafide_libri_dev-other,libri_116,116-288047-0010,libri_116,16000,
data/external/LibriSpeech/dev-other/116/288047/116-288047-0011.flac,bonafide,0,librispeech,bonafide_libri_dev-other,libri_116,116-288047-0011,libri_116,16000,
data/external/LibriSpeech/dev-other/116/288047/116-288047-0012.flac,bonafide,0,librispeech,bonafide_libri_dev-other,libri_116,116-288047-0012,libri_116,16000,
data/external/LibriSpeech/dev-other/116/288047/116-288047-0013.flac,bonafide,0,librispeech,bonafide_libri_dev-other,libri_116,116-288047-0013,libri_116,16000,
data/external/LibriSpeech/dev-other/116/288047/116-288047-0014.flac,bonafide,0,librispeech,bonafide_libri_dev-other,libri_116,116-288047-0014,libri_116,16000,
data/external/LibriSpeech/dev-other/116/288047/116-288047-0015.flac,bonafide,0,librispeech,bonafide_libri_dev-other,libri_116,116-288047-0015,libri_116,16000,
data/external/LibriSpeech/dev-other/116/288047/116-288047-0016.flac,bonafide,0,librispeech,bonafide_libri_dev-other,libri_116,116-288047-0016,libri_116,16000,
data/external/LibriSpeech/dev-other/116/288047/116-288047-0017.flac,bonafide,0,librispeech,bonafide_libri_dev-other,libri_116,116-288047-0017,libri_116,16000,
data/external/LibriSpeech/dev-other/116/288047/116-288047-0018.flac,bonafide,0,librispeech,bonafide_libri_dev-other,libri_116,116-288047-0018,libri_116,16000,
data/external/LibriSpeech/dev-other/116/288047/116-288047-0019.flac,bonafide,0,librispeech,bonafide_libri_dev-other,libri_116,116-288047-0019,libri_116,16000,
data/external/LibriSpeech/dev-other/116/288047/116-288047-0020.flac,bonafide,0,librispeech,bonafide_libri_dev-other,libri_116,116-288047-0020,libri_116,16000,
data/external/LibriSpeech/dev-other/116/288047/116-288047-0021.flac,bonafide,0,librispeech,bonafide_libri_dev-other,libri_116,116-288047-0021,libri_116,16000,
data/external/LibriSpeech/dev-other/116/288047/116-288047-0022.flac,bonafide,0,librispeech,bonafide_libri_dev-other,libri_116,116-288047-0022,libri_116,16000,
data/external/LibriSpeech/dev-other/116/288048/116-288048-0000.flac,bonafide,0,librispeech,bonafide_libri_dev-other,libri_116,116-288048-0000,libri_116,16000,
data/external/LibriSpeech/dev-other/116/288048/116-288048-0001.flac,bonafide,0,librispeech,bonafide_libri_dev-other,libri_116,116-288048-0001,libri_116,16000,
data/external/LibriSpeech/dev-other/116/288048/116-288048-0002.flac,bonafide,0,librispeech,bonafide_libri_dev-other,libri_116,116-288048-0002,libri_116,16000,
data/external/LibriSpeech/dev-other/116/288048/116-288048-0003.flac,bonafide,0,librispeech,bonafide_libri_dev-other,libri_116,116-288048-0003,libri_116,16000,
data/external/LibriSpeech/dev-other/116/288048/116-288048-0004.flac,bonafide,0,librispeech,bonafide_libri_dev-other,libri_116,116-288048-0004,libri_116,16000,
data/external/LibriSpeech/dev-other/116/288048/116-288048-0005.flac,bonafide,0,librispeech,bonafide_libri_dev-other,libri_116,116-288048-0005,libri_116,16000,
data/external/LibriSpeech/dev-other/116/288048/116-288048-0006.flac,bonafide,0,librispeech,bonafide_libri_dev-other,libri_116,116-288048-0006,libri_116,16000,
data/external/LibriSpeech/dev-other/116/288048/116-288048-0007.flac,bonafide,0,librispeech,bonafide_libri_dev-other,libri_116,116-288048-0007,libri_116,16000,
data/external/LibriSpeech/dev-other/116/288048/116-288048-0008.flac,bonafide,0,librispeech,bonafide_libri_dev-other,libri_116,116-288048-0008,libri_116,16000,
data/external/LibriSpeech/dev-other/116/288048/116-288048-0009.flac,bonafide,0,librispeech,bonafide_libri_dev-other,libri_116,116-288048-0009,libri_116,16000,
data/external/LibriSpeech/dev-other/116/288048/116-288048-0010.flac,bonafide,0,librispeech,bonafide_libri_dev-other,libri_116,116-288048-0010,libri_116,16000,
data/external/LibriSpeech/dev-other/116/288048/116-288048-0011.flac,bonafide,0,librispeech,bonafide_libri_dev-other,libri_116,116-288048-0011,libri_116,16000,
data/external/LibriSpeech/dev-other/116/288048/116-288048-0012.flac,bonafide,0,librispeech,bonafide_libri_dev-other,libri_116,116-288048-0012,libri_116,16000,
data/external/LibriSpeech/dev-other/116/288048/116-288048-0013.flac,bonafide,0,librispeech,bonafide_libri_dev-other,libri_116,116-288048-0013,libri_116,16000,
data/external/LibriSpeech/dev-other/116/288048/116-288048-0014.flac,bonafide,0,librispeech,bonafide_libri_dev-other,libri_116,116-288048-0014,libri_116,16000,
data/external/LibriSpeech/dev-other/116/288048/116-288048-0015.flac,bonafide,0,librispeech,bonafide_libri_dev-other,libri_116,116-288048-0015,libri_116,16000,
data/external/LibriSpeech/dev-other/116/288048/116-288048-0016.flac,bonafide,0,librispeech,bonafide_libri_dev-other,libri_116,116-288048-0016,libri_116,16000,
data/external/LibriSpeech/dev-other/116/288048/116-288048-0017.flac,bonafide,0,librispeech,bonafide_libri_dev-other,libri_116,116-288048-0017,libri_116,16000,
data/external/LibriSpeech/dev-other/116/288048/116-288048-0018.flac,bonafide,0,librispeech,bonafide_libri_dev-other,libri_116,116-288048-0018,libri_116,16000,
data/external/LibriSpeech/dev-other/116/288048/116-288048-0019.flac,bonafide,0,librispeech,bonafide_libri_dev-other,libri_116,116-288048-0019,libri_116,16000,
data/external/LibriSpeech/dev-other/116/288048/116-288048-0020.flac,bonafide,0,librispeech,bonafide_libri_dev-other,libri_116,116-288048-0020,libri_116,16000,
data/external/LibriSpeech/dev-other/116/288048/116-288048-0021.flac,bonafide,0,librispeech,bonafide_libri_dev-other,libri_116,116-288048-0021,libri_116,16000,
data/external/LibriSpeech/dev-other/116/288048/116-288048-0022.flac,bonafide,0,librispeech,bonafide_libri_dev-other,libri_116,116-288048-0022,libri_116,16000,
data/external/LibriSpeech/dev-other/116/288048/116-288048-0023.flac,bonafide,0,librispeech,bonafide_libri_dev-other,libri_116,116-288048-0023,libri_116,16000,
data/external/LibriSpeech/dev-other/116/288048/116-288048-0024.flac,bonafide,0,librispeech,bonafide_libri_dev-other,libri_116,116-288048-0024,libri_116,16000,
data/external/LibriSpeech/dev-other/116/288048/116-288048-0025.flac,bonafide,0,librispeech,bonafide_libri_dev-other,libri_116,116-288048-0025,libri_116,16000,
data/external/LibriSpeech/dev-other/116/288048/116-288048-0026.flac,bonafide,0,librispeech,bonafide_libri_dev-other,libri_116,116-288048-0026,libri_116,16000,
data/external/LibriSpeech/dev-other/116/288048/116-288048-0027.flac,bonafide,0,librispeech,bonafide_libri_dev-other,libri_116,116-288048-0027,libri_116,16000,
data/external/LibriSpeech/dev-other/116/288048/116-288048-0028.flac,bonafide,0,librispeech,bonafide_libri_dev-other,libri_116,116-288048-0028,libri_116,16000,
data/external/LibriSpeech/dev-other/116/288048/116-288048-0029.flac,bonafide,0,librispeech,bonafide_libri_dev-other,libri_116,116-288048-0029,libri_116,16000,
data/external/LibriSpeech/dev-other/116/288048/116-288048-0030.flac,bonafide,0,librispeech,bonafide_libri_dev-other,libri_116,116-288048-0030,libri_116,16000,
data/external/LibriSpeech/dev-other/116/288048/116-288048-0031.flac,bonafide,0,librispeech,bonafide_libri_dev-other,libri_116,116-288048-0031,libri_116,16000,
data/external/LibriSpeech/dev-other/116/288048/116-288048-0032.flac,bonafide,0,librispeech,bonafide_libri_dev-other,libri_116,116-288048-0032,libri_116,16000,
data/external/LibriSpeech/dev-other/1255/138279/1255-138279-0000.flac,bonafide,0,librispeech,bonafide_libri_dev-other,libri_1255,1255-138279-0000,libri_1255,16000,
data/external/LibriSpeech/dev-other/1255/138279/1255-138279-0001.flac,bonafide,0,librispeech,bonafide_libri_dev-other,libri_1255,1255-138279-0001,libri_1255,16000,
data/external/LibriSpeech/dev-other/1255/138279/1255-138279-0002.flac,bonafide,0,librispeech,bonafide_libri_dev-other,libri_1255,1255-138279-0002,libri_1255,16000,
data/external/LibriSpeech/dev-other/1255/138279/1255-138279-0003.flac,bonafide,0,librispeech,bonafide_libri_dev-other,libri_1255,1255-138279-0003,libri_1255,16000,
data/external/LibriSpeech/dev-other/1255/138279/1255-138279-0004.flac,bonafide,0,librispeech,bonafide_libri_dev-other,libri_1255,1255-138279-0004,libri_1255,16000,
data/external/LibriSpeech/dev-other/1255/138279/1255-138279-0005.flac,bonafide,0,librispeech,bonafide_libri_dev-other,libri_1255,1255-138279-0005,libri_1255,16000,
data/external/LibriSpeech/dev-other/1255/138279/1255-138279-0006.flac,bonafide,0,librispeech,bonafide_libri_dev-other,libri_1255,1255-138279-0006,libri_1255,16000,
data/external/LibriSpeech/dev-other/1255/138279/1255-138279-0007.flac,bonafide,0,librispeech,bonafide_libri_dev-other,libri_1255,1255-138279-0007,libri_1255,16000,
data/external/LibriSpeech/dev-other/1255/138279/1255-138279-0008.flac,bonafide,0,librispeech,bonafide_libri_dev-other,libri_1255,1255-138279-0008,libri_1255,16000,
data/external/LibriSpeech/dev-other/1255/138279/1255-138279-0009.flac,bonafide,0,librispeech,bonafide_libri_dev-other,libri_1255,1255-138279-0009,libri_1255,16000,
data/external/LibriSpeech/dev-other/1255/138279/1255-138279-0010.flac,bonafide,0,librispeech,bonafide_libri_dev-other,libri_1255,1255-138279-0010,libri_1255,16000,
data/external/LibriSpeech/dev-other/1255/138279/1255-138279-0011.flac,bonafide,0,librispeech,bonafide_libri_dev-other,libri_1255,1255-138279-0011,libri_1255,16000,
data/external/LibriSpeech/dev-other/1255/138279/1255-138279-0012.flac,bonafide,0,librispeech,bonafide_libri_dev-other,libri_1255,1255-138279-0012,libri_1255,16000,
data/external/LibriSpeech/dev-other/1255/138279/1255-138279-0013.flac,bonafide,0,librispeech,bonafide_libri_dev-other,libri_1255,1255-138279-0013,libri_1255,16000,
data/external/LibriSpeech/dev-other/1255/138279/1255-138279-0014.flac,bonafide,0,librispeech,bonafide_libri_dev-other,libri_1255,1255-138279-0014,libri_1255,16000,
data/external/LibriSpeech/dev-other/1255/138279/1255-138279-0015.flac,bonafide,0,librispeech,bonafide_libri_dev-other,libri_1255,1255-138279-0015,libri_1255,16000,
data/external/LibriSpeech/dev-other/1255/138279/1255-138279-0016.flac,bonafide,0,librispeech,bonafide_libri_dev-other,libri_1255,1255-138279-0016,libri_1255,16000,
data/external/LibriSpeech/dev-other/1255/138279/1255-138279-0017.flac,bonafide,0,librispeech,bonafide_libri_dev-other,libri_1255,1255-138279-0017,libri_1255,16000,
data/external/LibriSpeech/dev-other/1255/138279/1255-138279-0018.flac,bonafide,0,librispeech,bonafide_libri_dev-other,libri_1255,1255-138279-0018,libri_1255,16000,
data/external/LibriSpeech/dev-other/1255/138279/1255-138279-0019.flac,bonafide,0,librispeech,bonafide_libri_dev-other,libri_1255,1255-138279-0019,libri_1255,16000,
data/external/LibriSpeech/dev-other/1255/138279/1255-138279-0020.flac,bonafide,0,librispeech,bonafide_libri_dev-other,libri_1255,1255-138279-0020,libri_1255,16000,
data/external/LibriSpeech/dev-other/1255/138279/1255-138279-0021.flac,bonafide,0,librispeech,bonafide_libri_dev-other,libri_1255,1255-138279-0021,libri_1255,16000,
data/external/LibriSpeech/dev-other/1255/138279/1255-138279-0022.flac,bonafide,0,librispeech,bonafide_libri_dev-other,libri_1255,1255-138279-0022,libri_1255,16000,
data/external/LibriSpeech/dev-other/1255/138279/1255-138279-0023.flac,bonafide,0,librispeech,bonafide_libri_dev-other,libri_1255,1255-138279-0023,libri_1255,16000,
data/external/LibriSpeech/dev-other/1255/138279/1255-138279-0024.flac,bonafide,0,librispeech,bonafide_libri_dev-other,libri_1255,1255-138279-0024,libri_1255,16000,
data/external/LibriSpeech/dev-other/1255/74899/1255-74899-0000.flac,bonafide,0,librispeech,bonafide_libri_dev-other,libri_1255,1255-74899-0000,libri_1255,16000,
data/external/LibriSpeech/dev-other/1255/74899/1255-74899-0001.flac,bonafide,0,librispeech,bonafide_libri_dev-other,libri_1255,1255-74899-0001,libri_1255,16000,
data/external/LibriSpeech/dev-other/1255/74899/1255-74899-0002.flac,bonafide,0,librispeech,bonafide_libri_dev-other,libri_1255,1255-74899-0002,libri_1255,16000,
data/external/LibriSpeech/dev-other/1255/74899/1255-74899-0003.flac,bonafide,0,librispeech,bonafide_libri_dev-other,libri_1255,1255-74899-0003,libri_1255,16000,
data/external/LibriSpeech/dev-other/1255/74899/1255-74899-0004.flac,bonafide,0,librispeech,bonafide_libri_dev-other,libri_1255,1255-74899-0004,libri_1255,16000,
data/external/LibriSpeech/dev-other/1255/74899/1255-74899-0005.flac,bonafide,0,librispeech,bonafide_libri_dev-other,libri_1255,1255-74899-0005,libri_1255,16000,
data/external/LibriSpeech/dev-other/1255/74899/1255-74899-0006.flac,bonafide,0,librispeech,bonafide_libri_dev-other,libri_1255,1255-74899-0006,libri_1255,16000,
data/external/LibriSpeech/dev-other/1255/74899/1255-74899-0007.flac,bonafide,0,librispeech,bonafide_libri_dev-other,libri_1255,1255-74899-0007,libri_1255,16000,
data/external/LibriSpeech/dev-other/1255/74899/1255-74899-0008.flac,bonafide,0,librispeech,bonafide_libri_dev-other,libri_1255,1255-74899-0008,libri_1255,16000,
data/external/LibriSpeech/dev-other/1255/74899/1255-74899-0009.flac,bonafide,0,librispeech,bonafide_libri_dev-other,libri_1255,1255-74899-0009,libri_1255,16000,
data/external/LibriSpeech/dev-other/1255/74899/1255-74899-0010.flac,bonafide,0,librispeech,bonafide_libri_dev-other,libri_1255,1255-74899-0010,libri_1255,16000,
data/external/LibriSpeech/dev-other/1255/74899/1255-74899-0011.flac,bonafide,0,librispeech,bonafide_libri_dev-other,libri_1255,1255-74899-0011,libri_1255,16000,
data/external/LibriSpeech/dev-other/1255/74899/1255-74899-0012.flac,bonafide,0,librispeech,bonafide_libri_dev-other,libri_1255,1255-74899-0012,libri_1255,16000,
data/external/LibriSpeech/dev-other/1255/74899/1255-74899-0013.flac,bonafide,0,librispeech,bonafide_libri_dev-other,libri_1255,1255-74899-0013,libri_1255,16000,
data/external/LibriSpeech/dev-other/1255/74899/1255-74899-0014.flac,bonafide,0,librispeech,bonafide_libri_dev-other,libri_1255,1255-74899-0014,libri_1255,16000,
data/external/LibriSpeech/dev-other/1255/74899/1255-74899-0015.flac,bonafide,0,librispeech,bonafide_libri_dev-other,libri_1255,1255-74899-0015,libri_1255,16000,
data/external/LibriSpeech/dev-other/1255/74899/1255-74899-0016.flac,bonafide,0,librispeech,bonafide_libri_dev-other,libri_1255,1255-74899-0016,libri_1255,16000,
data/external/LibriSpeech/dev-other/1255/74899/1255-74899-0017.flac,bonafide,0,librispeech,bonafide_libri_dev-other,libri_1255,1255-74899-0017,libri_1255,16000,
data/external/LibriSpeech/dev-other/1255/74899/1255-74899-0018.flac,bonafide,0,librispeech,bonafide_libri_dev-other,libri_1255,1255-74899-0018,libri_1255,16000,
data/external/LibriSpeech/dev-other/1255/74899/1255-74899-0019.flac,bonafide,0,librispeech,bonafide_libri_dev-other,libri_1255,1255-74899-0019,libri_1255,16000,
data/external/LibriSpeech/dev-other/1255/74899/1255-74899-0020.flac,bonafide,0,librispeech,bonafide_libri_dev-other,libri_1255,1255-74899-0020,libri_1255,16000,
data/external/LibriSpeech/dev-other/1255/74899/1255-74899-0021.flac,bonafide,0,librispeech,bonafide_libri_dev-other,libri_1255,1255-74899-0021,libri_1255,16000,
data/external/LibriSpeech/dev-other/1255/74899/1255-74899-0022.flac,bonafide,0,librispeech,bonafide_libri_dev-other,libri_1255,1255-74899-0022,libri_1255,16000,
data/external/LibriSpeech/dev-other/1255/90407/1255-90407-0000.flac,bonafide,0,librispeech,bonafide_libri_dev-other,libri_1255,1255-90407-0000,libri_1255,16000,
data/external/LibriSpeech/dev-other/1255/90407/1255-90407-0001.flac,bonafide,0,librispeech,bonafide_libri_dev-other,libri_1255,1255-90407-0001,libri_1255,16000,
data/external/LibriSpeech/dev-other/1255/90407/1255-90407-0002.flac,bonafide,0,librispeech,bonafide_libri_dev-other,libri_1255,1255-90407-0002,libri_1255,16000,
data/external/LibriSpeech/dev-other/1255/90407/1255-90407-0003.flac,bonafide,0,librispeech,bonafide_libri_dev-other,libri_1255,1255-90407-0003,libri_1255,16000,
data/external/LibriSpeech/dev-other/1255/90407/1255-90407-0004.flac,bonafide,0,librispeech,bonafide_libri_dev-other,libri_1255,1255-90407-0004,libri_1255,16000,
data/external/LibriSpeech/dev-other/1255/90407/1255-90407-0005.flac,bonafide,0,librispeech,bonafide_libri_dev-other,libri_1255,1255-90407-0005,libri_1255,16000,
data/external/LibriSpeech/dev-other/1255/90407/1255-90407-0006.flac,bonafide,0,librispeech,bonafide_libri_dev-other,libri_1255,1255-90407-0006,libri_1255,16000,
data/external/LibriSpeech/dev-other/1255/90407/1255-90407-0007.flac,bonafide,0,librispeech,bonafide_libri_dev-other,libri_1255,1255-90407-0007,libri_1255,16000,
data/external/LibriSpeech/dev-other/1255/90407/1255-90407-0008.flac,bonafide,0,librispeech,bonafide_libri_dev-other,libri_1255,1255-90407-0008,libri_1255,16000,
data/external/LibriSpeech/dev-other/1255/90407/1255-90407-0009.flac,bonafide,0,librispeech,bonafide_libri_dev-other,libri_1255,1255-90407-0009,libri_1255,16000,
data/external/LibriSpeech/dev-other/1255/90407/1255-90407-0010.flac,bonafide,0,librispeech,bonafide_libri_dev-other,libri_1255,1255-90407-0010,libri_1255,16000,
data/external/LibriSpeech/dev-other/1255/90407/1255-90407-0011.flac,bonafide,0,librispeech,bonafide_libri_dev-other,libri_1255,1255-90407-0011,libri_1255,16000,
data/external/LibriSpeech/dev-other/1255/90407/1255-90407-0012.flac,bonafide,0,librispeech,bonafide_libri_dev-other,libri_1255,1255-90407-0012,libri_1255,16000,
data/external/LibriSpeech/dev-other/1255/90407/1255-90407-0013.flac,bonafide,0,librispeech,bonafide_libri_dev-other,libri_1255,1255-90407-0013,libri_1255,16000,
data/external/LibriSpeech/dev-other/1255/90407/1255-90407-0014.flac,bonafide,0,librispeech,bonafide_libri_dev-other,libri_1255,1255-90407-0014,libri_1255,16000,
data/external/LibriSpeech/dev-other/1255/90407/1255-90407-0015.flac,bonafide,0,librispeech,bonafide_libri_dev-other,libri_1255,1255-90407-0015,libri_1255,16000,
data/external/LibriSpeech/dev-other/1255/90407/1255-90407-0016.flac,bonafide,0,librispeech,bonafide_libri_dev-other,libri_1255,1255-90407-0016,libri_1255,16000,
data/external/LibriSpeech/dev-other/1255/90407/1255-90407-0017.flac,bonafide,0,librispeech,bonafide_libri_dev-other,libri_1255,1255-90407-0017,libri_1255,16000,
data/external/LibriSpeech/dev-other/1255/90407/1255-90407-0018.flac,bonafide,0,librispeech,bonafide_libri_dev-other,libri_1255,1255-90407-0018,libri_1255,16000,
data/external/LibriSpeech/dev-other/1255/90407/1255-90407-0019.flac,bonafide,0,librispeech,bonafide_libri_dev-other,libri_1255,1255-90407-0019,libri_1255,16000,
data/external/LibriSpeech/dev-other/1255/90407/1255-90407-0020.flac,bonafide,0,librispeech,bonafide_libri_dev-other,libri_1255,1255-90407-0020,libri_1255,16000,
data/external/LibriSpeech/dev-other/1255/90407/1255-90407-0021.flac,bonafide,0,librispeech,bonafide_libri_dev-other,libri_1255,1255-90407-0021,libri_1255,16000,
data/external/LibriSpeech/dev-other/1255/90407/1255-90407-0022.flac,bonafide,0,librispeech,bonafide_libri_dev-other,libri_1255,1255-90407-0022,libri_1255,16000,
data/external/LibriSpeech/dev-other/1255/90407/1255-90407-0023.flac,bonafide,0,librispeech,bonafide_libri_dev-other,libri_1255,1255-90407-0023,libri_1255,16000,
data/external/LibriSpeech/dev-other/1255/90407/1255-90407-0024.flac,bonafide,0,librispeech,bonafide_libri_dev-other,libri_1255,1255-90407-0024,libri_1255,16000,
data/external/LibriSpeech/dev-other/1255/90407/1255-90407-0025.flac,bonafide,0,librispeech,bonafide_libri_dev-other,libri_1255,1255-90407-0025,libri_1255,16000,
data/external/LibriSpeech/dev-other/1255/90407/1255-90407-0026.flac,bonafide,0,librispeech,bonafide_libri_dev-other,libri_1255,1255-90407-0026,libri_1255,16000,
data/external/LibriSpeech/dev-other/1255/90407/1255-90407-0027.flac,bonafide,0,librispeech,bonafide_libri_dev-other,libri_1255,1255-90407-0027,libri_1255,16000,
data/external/LibriSpeech/dev-other/1255/90407/1255-90407-0028.flac,bonafide,0,librispeech,bonafide_libri_dev-other,libri_1255,1255-90407-0028,libri_1255,16000,
data/external/LibriSpeech/dev-other/1255/90407/1255-90407-0029.flac,bonafide,0,librispeech,bonafide_libri_dev-other,libri_1255,1255-90407-0029,libri_1255,16000,
data/external/LibriSpeech/dev-other/1255/90407/1255-90407-0030.flac,bonafide,0,librispeech,bonafide_libri_dev-other,libri_1255,1255-90407-0030,libri_1255,16000,
data/external/LibriSpeech/dev-other/1255/90413/1255-90413-0000.flac,bonafide,0,librispeech,bonafide_libri_dev-other,libri_1255,1255-90413-0000,libri_1255,16000,
data/external/LibriSpeech/dev-other/1255/90413/1255-90413-0001.flac,bonafide,0,librispeech,bonafide_libri_dev-other,libri_1255,1255-90413-0001,libri_1255,16000,
data/external/LibriSpeech/dev-other/1255/90413/1255-90413-0002.flac,bonafide,0,librispeech,bonafide_libri_dev-other,libri_1255,1255-90413-0002,libri_1255,16000,
data/external/LibriSpeech/dev-other/1255/90413/1255-90413-0003.flac,bonafide,0,librispeech,bonafide_libri_dev-other,libri_1255,1255-90413-0003,libri_1255,16000,
data/external/LibriSpeech/dev-other/1255/90413/1255-90413-0004.flac,bonafide,0,librispeech,bonafide_libri_dev-other,libri_1255,1255-90413-0004,libri_1255,16000,
data/external/LibriSpeech/dev-other/1255/90413/1255-90413-0005.flac,bonafide,0,librispeech,bonafide_libri_dev-other,libri_1255,1255-90413-0005,libri_1255,16000,
data/external/LibriSpeech/dev-other/1255/90413/1255-90413-0006.flac,bonafide,0,librispeech,bonafide_libri_dev-other,libri_1255,1255-90413-0006,libri_1255,16000,
data/external/LibriSpeech/dev-other/1255/90413/1255-90413-0007.flac,bonafide,0,librispeech,bonafide_libri_dev-other,libri_1255,1255-90413-0007,libri_1255,16000,
data/external/LibriSpeech/dev-other/1255/90413/1255-90413-0008.flac,bonafide,0,librispeech,bonafide_libri_dev-other,libri_1255,1255-90413-0008,libri_1255,16000,
data/external/LibriSpeech/dev-other/1255/90413/1255-90413-0009.flac,bonafide,0,librispeech,bonafide_libri_dev-other,libri_1255,1255-90413-0009,libri_1255,16000,
data/external/LibriSpeech/dev-other/1255/90413/1255-90413-0010.flac,bonafide,0,librispeech,bonafide_libri_dev-other,libri_1255,1255-90413-0010,libri_1255,16000,
data/external/LibriSpeech/dev-other/1255/90413/1255-90413-0011.flac,bonafide,0,librispeech,bonafide_libri_dev-other,libri_1255,1255-90413-0011,libri_1255,16000,
data/external/LibriSpeech/dev-other/1255/90413/1255-90413-0012.flac,bonafide,0,librispeech,bonafide_libri_dev-other,libri_1255,1255-90413-0012,libri_1255,16000,
data/external/LibriSpeech/dev-other/1255/90413/1255-90413-0013.flac,bonafide,0,librispeech,bonafide_libri_dev-other,libri_1255,1255-90413-0013,libri_1255,16000,
data/external/LibriSpeech/dev-other/1255/90413/1255-90413-0014.flac,bonafide,0,librispeech,bonafide_libri_dev-other,libri_1255,1255-90413-0014,libri_1255,16000,
data/external/LibriSpeech/dev-other/1255/90413/1255-90413-0015.flac,bonafide,0,librispeech,bonafide_libri_dev-other,libri_1255,1255-90413-0015,libri_1255,16000,
data/external/LibriSpeech/dev-other/1255/90413/1255-90413-0016.flac,bonafide,0,librispeech,bonafide_libri_dev-other,libri_1255,1255-90413-0016,libri_1255,16000,
data/external/LibriSpeech/dev-other/1255/90413/1255-90413-0017.flac,bonafide,0,librispeech,bonafide_libri_dev-other,libri_1255,1255-90413-0017,libri_1255,16000,
data/external/LibriSpeech/dev-other/1255/90413/1255-90413-0018.flac,bonafide,0,librispeech,bonafide_libri_dev-other,libri_1255,1255-90413-0018,libri_1255,16000,
data/external/LibriSpeech/dev-other/1255/90413/1255-90413-0019.flac,bonafide,0,librispeech,bonafide_libri_dev-other,libri_1255,1255-90413-0019,libri_1255,16000,
data/external/LibriSpeech/dev-other/1255/90413/1255-90413-0020.flac,bonafide,0,librispeech,bonafide_libri_dev-other,libri_1255,1255-90413-0020,libri_1255,16000,
data/external/LibriSpeech/dev-other/1255/90413/1255-90413-0021.flac,bonafide,0,librispeech,bonafide_libri_dev-other,libri_1255,1255-90413-0021,libri_1255,16000,
data/external/LibriSpeech/dev-other/1255/90413/1255-90413-0022.flac,bonafide,0,librispeech,bonafide_libri_dev-other,libri_1255,1255-90413-0022,libri_1255,16000,
data/external/LibriSpeech/dev-other/1255/90413/1255-90413-0023.flac,bonafide,0,librispeech,bonafide_libri_dev-other,libri_1255,1255-90413-0023,libri_1255,16000,
data/external/LibriSpeech/dev-other/1255/90413/1255-90413-0024.flac,bonafide,0,librispeech,bonafide_libri_dev-other,libri_1255,1255-90413-0024,libri_1255,16000,
data/external/LibriSpeech/dev-other/1255/90413/1255-90413-0025.flac,bonafide,0,librispeech,bonafide_libri_dev-other,libri_1255,1255-90413-0025,libri_1255,16000,
data/external/LibriSpeech/dev-other/1255/90413/1255-90413-0026.flac,bonafide,0,librispeech,bonafide_libri_dev-other,libri_1255,1255-90413-0026,libri_1255,16000,
data/external/LibriSpeech/dev-other/1255/90413/1255-90413-0027.flac,bonafide,0,librispeech,bonafide_libri_dev-other,libri_1255,1255-90413-0027,libri_1255,16000,
data/external/LibriSpeech/dev-other/1255/90413/1255-90413-0028.flac,bonafide,0,librispeech,bonafide_libri_dev-other,libri_1255,1255-90413-0028,libri_1255,16000,
data/external/LibriSpeech/dev-other/1585/131718/1585-131718-0000.flac,bonafide,0,librispeech,bonafide_libri_dev-other,libri_1585,1585-131718-0000,libri_1585,16000,
data/external/LibriSpeech/dev-other/1585/131718/1585-131718-0001.flac,bonafide,0,librispeech,bonafide_libri_dev-other,libri_1585,1585-131718-0001,libri_1585,16000,
data/external/LibriSpeech/dev-other/1585/131718/1585-131718-0002.flac,bonafide,0,librispeech,bonafide_libri_dev-other,libri_1585,1585-131718-0002,libri_1585,16000,
data/external/LibriSpeech/dev-other/1585/131718/1585-131718-0003.flac,bonafide,0,librispeech,bonafide_libri_dev-other,libri_1585,1585-131718-0003,libri_1585,16000,
data/external/LibriSpeech/dev-other/1585/131718/1585-131718-0004.flac,bonafide,0,librispeech,bonafide_libri_dev-other,libri_1585,1585-131718-0004,libri_1585,16000,
data/external/LibriSpeech/dev-other/1585/131718/1585-131718-0005.flac,bonafide,0,librispeech,bonafide_libri_dev-other,libri_1585,1585-131718-0005,libri_1585,16000,
data/external/LibriSpeech/dev-other/1585/131718/1585-131718-0006.flac,bonafide,0,librispeech,bonafide_libri_dev-other,libri_1585,1585-131718-0006,libri_1585,16000,
data/external/LibriSpeech/dev-other/1585/131718/1585-131718-0007.flac,bonafide,0,librispeech,bonafide_libri_dev-other,libri_1585,1585-131718-0007,libri_1585,16000,
data/external/LibriSpeech/dev-other/1585/131718/1585-131718-0008.flac,bonafide,0,librispeech,bonafide_libri_dev-other,libri_1585,1585-131718-0008,libri_1585,16000,
data/external/LibriSpeech/dev-other/1585/131718/1585-131718-0009.flac,bonafide,0,librispeech,bonafide_libri_dev-other,libri_1585,1585-131718-0009,libri_1585,16000,
data/external/LibriSpeech/dev-other/1585/131718/1585-131718-0010.flac,bonafide,0,librispeech,bonafide_libri_dev-other,libri_1585,1585-131718-0010,libri_1585,16000,
data/external/LibriSpeech/dev-other/1585/131718/1585-131718-0011.flac,bonafide,0,librispeech,bonafide_libri_dev-other,libri_1585,1585-131718-0011,libri_1585,16000,
data/external/LibriSpeech/dev-other/1585/131718/1585-131718-0012.flac,bonafide,0,librispeech,bonafide_libri_dev-other,libri_1585,1585-131718-0012,libri_1585,16000,
data/external/LibriSpeech/dev-other/1585/131718/1585-131718-0013.flac,bonafide,0,librispeech,bonafide_libri_dev-other,libri_1585,1585-131718-0013,libri_1585,16000,
data/external/LibriSpeech/dev-other/1585/131718/1585-131718-0014.flac,bonafide,0,librispeech,bonafide_libri_dev-other,libri_1585,1585-131718-0014,libri_1585,16000,
data/external/LibriSpeech/dev-other/1585/131718/1585-131718-0015.flac,bonafide,0,librispeech,bonafide_libri_dev-other,libri_1585,1585-131718-0015,libri_1585,16000,
data/external/LibriSpeech/dev-other/1585/131718/1585-131718-0016.flac,bonafide,0,librispeech,bonafide_libri_dev-other,libri_1585,1585-131718-0016,libri_1585,16000,
data/external/LibriSpeech/dev-other/1585/131718/1585-131718-0017.flac,bonafide,0,librispeech,bonafide_libri_dev-other,libri_1585,1585-131718-0017,libri_1585,16000,
data/external/LibriSpeech/dev-other/1585/131718/1585-131718-0018.flac,bonafide,0,librispeech,bonafide_libri_dev-other,libri_1585,1585-131718-0018,libri_1585,16000,
data/external/LibriSpeech/dev-other/1585/131718/1585-131718-0019.flac,bonafide,0,librispeech,bonafide_libri_dev-other,libri_1585,1585-131718-0019,libri_1585,16000,
data/external/LibriSpeech/dev-other/1585/131718/1585-131718-0020.flac,bonafide,0,librispeech,bonafide_libri_dev-other,libri_1585,1585-131718-0020,libri_1585,16000,
data/external/LibriSpeech/dev-other/1585/131718/1585-131718-0021.flac,bonafide,0,librispeech,bonafide_libri_dev-other,libri_1585,1585-131718-0021,libri_1585,16000,
data/external/LibriSpeech/dev-other/1585/131718/1585-131718-0022.flac,bonafide,0,librispeech,bonafide_libri_dev-other,libri_1585,1585-131718-0022,libri_1585,16000,
data/external/LibriSpeech/dev-other/1585/131718/1585-131718-0023.flac,bonafide,0,librispeech,bonafide_libri_dev-other,libri_1585,1585-131718-0023,libri_1585,16000,
data/external/LibriSpeech/dev-other/1585/131718/1585-131718-0024.flac,bonafide,0,librispeech,bonafide_libri_dev-other,libri_1585,1585-131718-0024,libri_1585,16000,
data/external/LibriSpeech/dev-other/1585/131718/1585-131718-0025.flac,bonafide,0,librispeech,bonafide_libri_dev-other,libri_1585,1585-131718-0025,libri_1585,16000,
data/external/LibriSpeech/dev-other/1585/131718/1585-131718-0026.flac,bonafide,0,librispeech,bonafide_libri_dev-other,libri_1585,1585-131718-0026,libri_1585,16000,
data/external/LibriSpeech/dev-other/1585/131718/1585-131718-0027.flac,bonafide,0,librispeech,bonafide_libri_dev-other,libri_1585,1585-131718-0027,libri_1585,16000,
data/external/LibriSpeech/dev-other/1585/131718/1585-131718-0028.flac,bonafide,0,librispeech,bonafide_libri_dev-other,libri_1585,1585-131718-0028,libri_1585,16000,
data/external/LibriSpeech/dev-other/1585/131718/1585-131718-0029.flac,bonafide,0,librispeech,bonafide_libri_dev-other,libri_1585,1585-131718-0029,libri_1585,16000,
data/external/LibriSpeech/dev-other/1585/131718/1585-131718-0030.flac,bonafide,0,librispeech,bonafide_libri_dev-other,libri_1585,1585-131718-0030,libri_1585,16000,
data/external/LibriSpeech/dev-other/1585/131718/1585-131718-0031.flac,bonafide,0,librispeech,bonafide_libri_dev-other,libri_1585,1585-131718-0031,libri_1585,16000,
data/external/LibriSpeech/dev-other/1585/131718/1585-131718-0032.flac,bonafide,0,librispeech,bonafide_libri_dev-other,libri_1585,1585-131718-0032,libri_1585,16000,
data/external/LibriSpeech/dev-other/1585/131718/1585-131718-0033.flac,bonafide,0,librispeech,bonafide_libri_dev-other,libri_1585,1585-131718-0033,libri_1585,16000,
data/external/LibriSpeech/dev-other/1585/131718/1585-131718-0034.flac,bonafide,0,librispeech,bonafide_libri_dev-other,libri_1585,1585-131718-0034,libri_1585,16000,
data/external/LibriSpeech/dev-other/1585/131718/1585-131718-0035.flac,bonafide,0,librispeech,bonafide_libri_dev-other,libri_1585,1585-131718-0035,libri_1585,16000,
data/external/LibriSpeech/dev-other/1585/131718/1585-131718-0036.flac,bonafide,0,librispeech,bonafide_libri_dev-other,libri_1585,1585-131718-0036,libri_1585,16000,
data/external/LibriSpeech/dev-other/1585/131718/1585-131718-0037.flac,bonafide,0,librispeech,bonafide_libri_dev-other,libri_1585,1585-131718-0037,libri_1585,16000,
data/external/LibriSpeech/dev-other/1585/131718/1585-131718-0038.flac,bonafide,0,librispeech,bonafide_libri_dev-other,libri_1585,1585-131718-0038,libri_1585,16000,
data/external/LibriSpeech/dev-other/1585/131718/1585-131718-0039.flac,bonafide,0,librispeech,bonafide_libri_dev-other,libri_1585,1585-131718-0039,libri_1585,16000,
data/external/LibriSpeech/dev-other/1585/131718/1585-131718-0040.flac,bonafide,0,librispeech,bonafide_libri_dev-other,libri_1585,1585-131718-0040,libri_1585,16000,
data/external/LibriSpeech/dev-other/1585/131718/1585-131718-0041.flac,bonafide,0,librispeech,bonafide_libri_dev-other,libri_1585,1585-131718-0041,libri_1585,16000,
data/external/LibriSpeech/dev-other/1585/131718/1585-131718-0042.flac,bonafide,0,librispeech,bonafide_libri_dev-other,libri_1585,1585-131718-0042,libri_1585,16000,
data/external/LibriSpeech/dev-other/1585/131718/1585-131718-0043.flac,bonafide,0,librispeech,bonafide_libri_dev-other,libri_1585,1585-131718-0043,libri_1585,16000,
data/external/LibriSpeech/dev-other/1585/131718/1585-131718-0044.flac,bonafide,0,librispeech,bonafide_libri_dev-other,libri_1585,1585-131718-0044,libri_1585,16000,
data/external/LibriSpeech/dev-other/1585/131718/1585-131718-0045.flac,bonafide,0,librispeech,bonafide_libri_dev-other,libri_1585,1585-131718-0045,libri_1585,16000,
data/external/LibriSpeech/dev-other/1585/131718/1585-131718-0046.flac,bonafide,0,librispeech,bonafide_libri_dev-other,libri_1585,1585-131718-0046,libri_1585,16000,
data/external/LibriSpeech/dev-other/1585/131718/1585-131718-0047.flac,bonafide,0,librispeech,bonafide_libri_dev-other,libri_1585,1585-131718-0047,libri_1585,16000,
data/external/LibriSpeech/dev-other/1585/131718/1585-131718-0048.flac,bonafide,0,librispeech,bonafide_libri_dev-other,libri_1585,1585-131718-0048,libri_1585,16000,
data/external/LibriSpeech/dev-other/1585/131718/1585-131718-0049.flac,bonafide,0,librispeech,bonafide_libri_dev-other,libri_1585,1585-131718-0049,libri_1585,16000,
data/external/LibriSpeech/dev-other/1585/131718/1585-131718-0050.flac,bonafide,0,librispeech,bonafide_libri_dev-other,libri_1585,1585-131718-0050,libri_1585,16000,
data/external/LibriSpeech/dev-other/1585/131718/1585-131718-0051.flac,bonafide,0,librispeech,bonafide_libri_dev-other,libri_1585,1585-131718-0051,libri_1585,16000,
data/external/LibriSpeech/dev-other/1585/131718/1585-131718-0052.flac,bonafide,0,librispeech,bonafide_libri_dev-other,libri_1585,1585-131718-0052,libri_1585,16000,
data/external/LibriSpeech/dev-other/1585/131718/1585-131718-0053.flac,bonafide,0,librispeech,bonafide_libri_dev-other,libri_1585,1585-131718-0053,libri_1585,16000,
data/external/LibriSpeech/dev-other/1585/131718/1585-131718-0054.flac,bonafide,0,librispeech,bonafide_libri_dev-other,libri_1585,1585-131718-0054,libri_1585,16000,
data/external/LibriSpeech/dev-other/1585/157660/1585-157660-0000.flac,bonafide,0,librispeech,bonafide_libri_dev-other,libri_1585,1585-157660-0000,libri_1585,16000,
data/external/LibriSpeech/dev-other/1585/157660/1585-157660-0001.flac,bonafide,0,librispeech,bonafide_libri_dev-other,libri_1585,1585-157660-0001,libri_1585,16000,
data/external/LibriSpeech/dev-other/1585/157660/1585-157660-0002.flac,bonafide,0,librispeech,bonafide_libri_dev-other,libri_1585,1585-157660-0002,libri_1585,16000,
data/external/LibriSpeech/dev-other/1585/157660/1585-157660-0003.flac,bonafide,0,librispeech,bonafide_libri_dev-other,libri_1585,1585-157660-0003,libri_1585,16000,
data/external/LibriSpeech/dev-other/1585/157660/1585-157660-0004.flac,bonafide,0,librispeech,bonafide_libri_dev-other,libri_1585,1585-157660-0004,libri_1585,16000,
data/external/LibriSpeech/dev-other/1585/157660/1585-157660-0005.flac,bonafide,0,librispeech,bonafide_libri_dev-other,libri_1585,1585-157660-0005,libri_1585,16000,
data/external/LibriSpeech/dev-other/1585/157660/1585-157660-0006.flac,bonafide,0,librispeech,bonafide_libri_dev-other,libri_1585,1585-157660-0006,libri_1585,16000,
data/external/LibriSpeech/dev-other/1585/157660/1585-157660-0007.flac,bonafide,0,librispeech,bonafide_libri_dev-other,libri_1585,1585-157660-0007,libri_1585,16000,
data/external/LibriSpeech/dev-other/1585/157660/1585-157660-0008.flac,bonafide,0,librispeech,bonafide_libri_dev-other,libri_1585,1585-157660-0008,libri_1585,16000,
data/external/LibriSpeech/dev-other/1585/157660/1585-157660-0009.flac,bonafide,0,librispeech,bonafide_libri_dev-other,libri_1585,1585-157660-0009,libri_1585,16000,
data/external/LibriSpeech/dev-other/1585/157660/1585-157660-0010.flac,bonafide,0,librispeech,bonafide_libri_dev-other,libri_1585,1585-157660-0010,libri_1585,16000,
data/external/LibriSpeech/dev-other/1585/157660/1585-157660-0011.flac,bonafide,0,librispeech,bonafide_libri_dev-other,libri_1585,1585-157660-0011,libri_1585,16000,
data/external/LibriSpeech/dev-other/1585/157660/1585-157660-0012.flac,bonafide,0,librispeech,bonafide_libri_dev-other,libri_1585,1585-157660-0012,libri_1585,16000,
data/external/LibriSpeech/dev-other/1585/157660/1585-157660-0013.flac,bonafide,0,librispeech,bonafide_libri_dev-other,libri_1585,1585-157660-0013,libri_1585,16000,
data/external/LibriSpeech/dev-other/1585/157660/1585-157660-0014.flac,bonafide,0,librispeech,bonafide_libri_dev-other,libri_1585,1585-157660-0014,libri_1585,16000,
data/external/LibriSpeech/dev-other/1585/157660/1585-157660-0015.flac,bonafide,0,librispeech,bonafide_libri_dev-other,libri_1585,1585-157660-0015,libri_1585,16000,
data/external/LibriSpeech/dev-other/1585/157660/1585-157660-0016.flac,bonafide,0,librispeech,bonafide_libri_dev-other,libri_1585,1585-157660-0016,libri_1585,16000,
data/external/LibriSpeech/dev-other/1630/102884/1630-102884-0000.flac,bonafide,0,librispeech,bonafide_libri_dev-other,libri_1630,1630-102884-0000,libri_1630,16000,
data/external/LibriSpeech/dev-other/1630/102884/1630-102884-0001.flac,bonafide,0,librispeech,bonafide_libri_dev-other,libri_1630,1630-102884-0001,libri_1630,16000,
data/external/LibriSpeech/dev-other/1630/102884/1630-102884-0002.flac,bonafide,0,librispeech,bonafide_libri_dev-other,libri_1630,1630-102884-0002,libri_1630,16000,
data/external/LibriSpeech/dev-other/1630/102884/1630-102884-0003.flac,bonafide,0,librispeech,bonafide_libri_dev-other,libri_1630,1630-102884-0003,libri_1630,16000,
data/external/LibriSpeech/dev-other/1630/102884/1630-102884-0004.flac,bonafide,0,librispeech,bonafide_libri_dev-other,libri_1630,1630-102884-0004,libri_1630,16000,
data/external/LibriSpeech/dev-other/1630/102884/1630-102884-0005.flac,bonafide,0,librispeech,bonafide_libri_dev-other,libri_1630,1630-102884-0005,libri_1630,16000,
data/external/LibriSpeech/dev-other/1630/102884/1630-102884-0006.flac,bonafide,0,librispeech,bonafide_libri_dev-other,libri_1630,1630-102884-0006,libri_1630,16000,
data/external/LibriSpeech/dev-other/1630/102884/1630-102884-0007.flac,bonafide,0,librispeech,bonafide_libri_dev-other,libri_1630,1630-102884-0007,libri_1630,16000,
data/external/LibriSpeech/dev-other/1630/102884/1630-102884-0008.flac,bonafide,0,librispeech,bonafide_libri_dev-other,libri_1630,1630-102884-0008,libri_1630,16000,
data/external/LibriSpeech/dev-other/1630/102884/1630-102884-0009.flac,bonafide,0,librispeech,bonafide_libri_dev-other,libri_1630,1630-102884-0009,libri_1630,16000,
data/external/LibriSpeech/dev-other/1630/102884/1630-102884-0010.flac,bonafide,0,librispeech,bonafide_libri_dev-other,libri_1630,1630-102884-0010,libri_1630,16000,
data/external/LibriSpeech/dev-other/1630/102884/1630-102884-0011.flac,bonafide,0,librispeech,bonafide_libri_dev-other,libri_1630,1630-102884-0011,libri_1630,16000,
data/external/LibriSpeech/dev-other/1630/102884/1630-102884-0012.flac,bonafide,0,librispeech,bonafide_libri_dev-other,libri_1630,1630-102884-0012,libri_1630,16000,
data/external/LibriSpeech/dev-other/1630/102884/1630-102884-0013.flac,bonafide,0,librispeech,bonafide_libri_dev-other,libri_1630,1630-102884-0013,libri_1630,16000,
data/external/LibriSpeech/dev-other/1630/102884/1630-102884-0014.flac,bonafide,0,librispeech,bonafide_libri_dev-other,libri_1630,1630-102884-0014,libri_1630,16000,
data/external/LibriSpeech/dev-other/1630/102884/1630-102884-0015.flac,bonafide,0,librispeech,bonafide_libri_dev-other,libri_1630,1630-102884-0015,libri_1630,16000,
data/external/LibriSpeech/dev-other/1630/102884/1630-102884-0016.flac,bonafide,0,librispeech,bonafide_libri_dev-other,libri_1630,1630-102884-0016,libri_1630,16000,
data/external/LibriSpeech/dev-other/1630/141772/1630-141772-0000.flac,bonafide,0,librispeech,bonafide_libri_dev-other,libri_1630,1630-141772-0000,libri_1630,16000,
data/external/LibriSpeech/dev-other/1630/141772/1630-141772-0001.flac,bonafide,0,librispeech,bonafide_libri_dev-other,libri_1630,1630-141772-0001,libri_1630,16000,
data/external/LibriSpeech/dev-other/1630/141772/1630-141772-0002.flac,bonafide,0,librispeech,bonafide_libri_dev-other,libri_1630,1630-141772-0002,libri_1630,16000,
data/external/LibriSpeech/dev-other/1630/141772/1630-141772-0003.flac,bonafide,0,librispeech,bonafide_libri_dev-other,libri_1630,1630-141772-0003,libri_1630,16000,
data/external/LibriSpeech/dev-other/1630/141772/1630-141772-0004.flac,bonafide,0,librispeech,bonafide_libri_dev-other,libri_1630,1630-141772-0004,libri_1630,16000,
data/external/LibriSpeech/dev-other/1630/141772/1630-141772-0005.flac,bonafide,0,librispeech,bonafide_libri_dev-other,libri_1630,1630-141772-0005,libri_1630,16000,
data/external/LibriSpeech/dev-other/1630/141772/1630-141772-0006.flac,bonafide,0,librispeech,bonafide_libri_dev-other,libri_1630,1630-141772-0006,libri_1630,16000,
data/external/LibriSpeech/dev-other/1630/141772/1630-141772-0007.flac,bonafide,0,librispeech,bonafide_libri_dev-other,libri_1630,1630-141772-0007,libri_1630,16000,
data/external/LibriSpeech/dev-other/1630/141772/1630-141772-0008.flac,bonafide,0,librispeech,bonafide_libri_dev-other,libri_1630,1630-141772-0008,libri_1630,16000,
data/external/LibriSpeech/dev-other/1630/141772/1630-141772-0009.flac,bonafide,0,librispeech,bonafide_libri_dev-other,libri_1630,1630-141772-0009,libri_1630,16000,
data/external/LibriSpeech/dev-other/1630/141772/1630-141772-0010.flac,bonafide,0,librispeech,bonafide_libri_dev-other,libri_1630,1630-141772-0010,libri_1630,16000,
data/external/LibriSpeech/dev-other/1630/141772/1630-141772-0011.flac,bonafide,0,librispeech,bonafide_libri_dev-other,libri_1630,1630-141772-0011,libri_1630,16000,
data/external/LibriSpeech/dev-other/1630/141772/1630-141772-0012.flac,bonafide,0,librispeech,bonafide_libri_dev-other,libri_1630,1630-141772-0012,libri_1630,16000,
data/external/LibriSpeech/dev-other/1630/141772/1630-141772-0013.flac,bonafide,0,librispeech,bonafide_libri_dev-other,libri_1630,1630-141772-0013,libri_1630,16000,
data/external/LibriSpeech/dev-other/1630/141772/1630-141772-0014.flac,bonafide,0,librispeech,bonafide_libri_dev-other,libri_1630,1630-141772-0014,libri_1630,16000,
data/external/LibriSpeech/dev-other/1630/141772/1630-141772-0015.flac,bonafide,0,librispeech,bonafide_libri_dev-other,libri_1630,1630-141772-0015,libri_1630,16000,
data/external/LibriSpeech/dev-other/1630/141772/1630-141772-0016.flac,bonafide,0,librispeech,bonafide_libri_dev-other,libri_1630,1630-141772-0016,libri_1630,16000,
data/external/LibriSpeech/dev-other/1630/141772/1630-141772-0017.flac,bonafide,0,librispeech,bonafide_libri_dev-other,libri_1630,1630-141772-0017,libri_1630,16000,
data/external/LibriSpeech/dev-other/1630/141772/1630-141772-0018.flac,bonafide,0,librispeech,bonafide_libri_dev-other,libri_1630,1630-141772-0018,libri_1630,16000,
data/external/LibriSpeech/dev-other/1630/141772/1630-141772-0019.flac,bonafide,0,librispeech,bonafide_libri_dev-other,libri_1630,1630-141772-0019,libri_1630,16000,
data/external/LibriSpeech/dev-other/1630/141772/1630-141772-0020.flac,bonafide,0,librispeech,bonafide_libri_dev-other,libri_1630,1630-141772-0020,libri_1630,16000,
data/external/LibriSpeech/dev-other/1630/141772/1630-141772-0021.flac,bonafide,0,librispeech,bonafide_libri_dev-other,libri_1630,1630-141772-0021,libri_1630,16000,
data/external/LibriSpeech/dev-other/1630/141772/1630-141772-0022.flac,bonafide,0,librispeech,bonafide_libri_dev-other,libri_1630,1630-141772-0022,libri_1630,16000,
data/external/LibriSpeech/dev-other/1630/73710/1630-73710-0000.flac,bonafide,0,librispeech,bonafide_libri_dev-other,libri_1630,1630-73710-0000,libri_1630,16000,
data/external/LibriSpeech/dev-other/1630/73710/1630-73710-0001.flac,bonafide,0,librispeech,bonafide_libri_dev-other,libri_1630,1630-73710-0001,libri_1630,16000,
data/external/LibriSpeech/dev-other/1630/73710/1630-73710-0002.flac,bonafide,0,librispeech,bonafide_libri_dev-other,libri_1630,1630-73710-0002,libri_1630,16000,
data/external/LibriSpeech/dev-other/1630/73710/1630-73710-0003.flac,bonafide,0,librispeech,bonafide_libri_dev-other,libri_1630,1630-73710-0003,libri_1630,16000,
data/external/LibriSpeech/dev-other/1630/73710/1630-73710-0004.flac,bonafide,0,librispeech,bonafide_libri_dev-other,libri_1630,1630-73710-0004,libri_1630,16000,
data/external/LibriSpeech/dev-other/1630/73710/1630-73710-0005.flac,bonafide,0,librispeech,bonafide_libri_dev-other,libri_1630,1630-73710-0005,libri_1630,16000,
data/external/LibriSpeech/dev-other/1630/73710/1630-73710-0006.flac,bonafide,0,librispeech,bonafide_libri_dev-other,libri_1630,1630-73710-0006,libri_1630,16000,
data/external/LibriSpeech/dev-other/1630/73710/1630-73710-0007.flac,bonafide,0,librispeech,bonafide_libri_dev-other,libri_1630,1630-73710-0007,libri_1630,16000,
data/external/LibriSpeech/dev-other/1630/73710/1630-73710-0008.flac,bonafide,0,librispeech,bonafide_libri_dev-other,libri_1630,1630-73710-0008,libri_1630,16000,
data/external/LibriSpeech/dev-other/1630/73710/1630-73710-0009.flac,bonafide,0,librispeech,bonafide_libri_dev-other,libri_1630,1630-73710-0009,libri_1630,16000,
data/external/LibriSpeech/dev-other/1630/73710/1630-73710-0010.flac,bonafide,0,librispeech,bonafide_libri_dev-other,libri_1630,1630-73710-0010,libri_1630,16000,
data/external/LibriSpeech/dev-other/1630/73710/1630-73710-0011.flac,bonafide,0,librispeech,bonafide_libri_dev-other,libri_1630,1630-73710-0011,libri_1630,16000,
data/external/LibriSpeech/dev-other/1630/73710/1630-73710-0012.flac,bonafide,0,librispeech,bonafide_libri_dev-other,libri_1630,1630-73710-0012,libri_1630,16000,
data/external/LibriSpeech/dev-other/1630/73710/1630-73710-0013.flac,bonafide,0,librispeech,bonafide_libri_dev-other,libri_1630,1630-73710-0013,libri_1630,16000,
data/external/LibriSpeech/dev-other/1630/73710/1630-73710-0014.flac,bonafide,0,librispeech,bonafide_libri_dev-other,libri_1630,1630-73710-0014,libri_1630,16000,
data/external/LibriSpeech/dev-other/1630/73710/1630-73710-0015.flac,bonafide,0,librispeech,bonafide_libri_dev-other,libri_1630,1630-73710-0015,libri_1630,16000,
data/external/LibriSpeech/dev-other/1630/73710/1630-73710-0016.flac,bonafide,0,librispeech,bonafide_libri_dev-other,libri_1630,1630-73710-0016,libri_1630,16000,
data/external/LibriSpeech/dev-other/1630/73710/1630-73710-0017.flac,bonafide,0,librispeech,bonafide_libri_dev-other,libri_1630,1630-73710-0017,libri_1630,16000,
data/external/LibriSpeech/dev-other/1630/73710/1630-73710-0018.flac,bonafide,0,librispeech,bonafide_libri_dev-other,libri_1630,1630-73710-0018,libri_1630,16000,
data/external/LibriSpeech/dev-other/1630/73710/1630-73710-0019.flac,bonafide,0,librispeech,bonafide_libri_dev-other,libri_1630,1630-73710-0019,libri_1630,16000,
data/external/LibriSpeech/dev-other/1630/73710/1630-73710-0020.flac,bonafide,0,librispeech,bonafide_libri_dev-other,libri_1630,1630-73710-0020,libri_1630,16000,
data/external/LibriSpeech/dev-other/1630/73710/1630-73710-0021.flac,bonafide,0,librispeech,bonafide_libri_dev-other,libri_1630,1630-73710-0021,libri_1630,16000,
data/external/LibriSpeech/dev-other/1630/96099/1630-96099-0000.flac,bonafide,0,librispeech,bonafide_libri_dev-other,libri_1630,1630-96099-0000,libri_1630,16000,
data/external/LibriSpeech/dev-other/1630/96099/1630-96099-0001.flac,bonafide,0,librispeech,bonafide_libri_dev-other,libri_1630,1630-96099-0001,libri_1630,16000,
data/external/LibriSpeech/dev-other/1630/96099/1630-96099-0002.flac,bonafide,0,librispeech,bonafide_libri_dev-other,libri_1630,1630-96099-0002,libri_1630,16000,
data/external/LibriSpeech/dev-other/1630/96099/1630-96099-0003.flac,bonafide,0,librispeech,bonafide_libri_dev-other,libri_1630,1630-96099-0003,libri_1630,16000,
data/external/LibriSpeech/dev-other/1630/96099/1630-96099-0004.flac,bonafide,0,librispeech,bonafide_libri_dev-other,libri_1630,1630-96099-0004,libri_1630,16000,
data/external/LibriSpeech/dev-other/1630/96099/1630-96099-0005.flac,bonafide,0,librispeech,bonafide_libri_dev-other,libri_1630,1630-96099-0005,libri_1630,16000,
data/external/LibriSpeech/dev-other/1630/96099/1630-96099-0006.flac,bonafide,0,librispeech,bonafide_libri_dev-other,libri_1630,1630-96099-0006,libri_1630,16000,
data/external/LibriSpeech/dev-other/1630/96099/1630-96099-0007.flac,bonafide,0,librispeech,bonafide_libri_dev-other,libri_1630,1630-96099-0007,libri_1630,16000,
data/external/LibriSpeech/dev-other/1630/96099/1630-96099-0008.flac,bonafide,0,librispeech,bonafide_libri_dev-other,libri_1630,1630-96099-0008,libri_1630,16000,
data/external/LibriSpeech/dev-other/1630/96099/1630-96099-0009.flac,bonafide,0,librispeech,bonafide_libri_dev-other,libri_1630,1630-96099-0009,libri_1630,16000,
data/external/LibriSpeech/dev-other/1630/96099/1630-96099-0010.flac,bonafide,0,librispeech,bonafide_libri_dev-other,libri_1630,1630-96099-0010,libri_1630,16000,
data/external/LibriSpeech/dev-other/1630/96099/1630-96099-0011.flac,bonafide,0,librispeech,bonafide_libri_dev-other,libri_1630,1630-96099-0011,libri_1630,16000,
data/external/LibriSpeech/dev-other/1630/96099/1630-96099-0012.flac,bonafide,0,librispeech,bonafide_libri_dev-other,libri_1630,1630-96099-0012,libri_1630,16000,
data/external/LibriSpeech/dev-other/1630/96099/1630-96099-0013.flac,bonafide,0,librispeech,bonafide_libri_dev-other,libri_1630,1630-96099-0013,libri_1630,16000,
data/external/LibriSpeech/dev-other/1630/96099/1630-96099-0014.flac,bonafide,0,librispeech,bonafide_libri_dev-other,libri_1630,1630-96099-0014,libri_1630,16000,
data/external/LibriSpeech/dev-other/1630/96099/1630-96099-0015.flac,bonafide,0,librispeech,bonafide_libri_dev-other,libri_1630,1630-96099-0015,libri_1630,16000,
data/external/LibriSpeech/dev-other/1630/96099/1630-96099-0016.flac,bonafide,0,librispeech,bonafide_libri_dev-other,libri_1630,1630-96099-0016,libri_1630,16000,
data/external/LibriSpeech/dev-other/1630/96099/1630-96099-0017.flac,bonafide,0,librispeech,bonafide_libri_dev-other,libri_1630,1630-96099-0017,libri_1630,16000,
data/external/LibriSpeech/dev-other/1630/96099/1630-96099-0018.flac,bonafide,0,librispeech,bonafide_libri_dev-other,libri_1630,1630-96099-0018,libri_1630,16000,
data/external/LibriSpeech/dev-other/1630/96099/1630-96099-0019.flac,bonafide,0,librispeech,bonafide_libri_dev-other,libri_1630,1630-96099-0019,libri_1630,16000,
data/external/LibriSpeech/dev-other/1630/96099/1630-96099-0020.flac,bonafide,0,librispeech,bonafide_libri_dev-other,libri_1630,1630-96099-0020,libri_1630,16000,
data/external/LibriSpeech/dev-other/1630/96099/1630-96099-0021.flac,bonafide,0,librispeech,bonafide_libri_dev-other,libri_1630,1630-96099-0021,libri_1630,16000,
data/external/LibriSpeech/dev-other/1630/96099/1630-96099-0022.flac,bonafide,0,librispeech,bonafide_libri_dev-other,libri_1630,1630-96099-0022,libri_1630,16000,
data/external/LibriSpeech/dev-other/1630/96099/1630-96099-0023.flac,bonafide,0,librispeech,bonafide_libri_dev-other,libri_1630,1630-96099-0023,libri_1630,16000,
data/external/LibriSpeech/dev-other/1630/96099/1630-96099-0024.flac,bonafide,0,librispeech,bonafide_libri_dev-other,libri_1630,1630-96099-0024,libri_1630,16000,
data/external/LibriSpeech/dev-other/1650/157641/1650-157641-0000.flac,bonafide,0,librispeech,bonafide_libri_dev-other,libri_1650,1650-157641-0000,libri_1650,16000,
data/external/LibriSpeech/dev-other/1650/157641/1650-157641-0001.flac,bonafide,0,librispeech,bonafide_libri_dev-other,libri_1650,1650-157641-0001,libri_1650,16000,
data/external/LibriSpeech/dev-other/1650/157641/1650-157641-0002.flac,bonafide,0,librispeech,bonafide_libri_dev-other,libri_1650,1650-157641-0002,libri_1650,16000,
data/external/LibriSpeech/dev-other/1650/157641/1650-157641-0003.flac,bonafide,0,librispeech,bonafide_libri_dev-other,libri_1650,1650-157641-0003,libri_1650,16000,
data/external/LibriSpeech/dev-other/1650/157641/1650-157641-0004.flac,bonafide,0,librispeech,bonafide_libri_dev-other,libri_1650,1650-157641-0004,libri_1650,16000,
data/external/LibriSpeech/dev-other/1650/157641/1650-157641-0005.flac,bonafide,0,librispeech,bonafide_libri_dev-other,libri_1650,1650-157641-0005,libri_1650,16000,
data/external/LibriSpeech/dev-other/1650/157641/1650-157641-0006.flac,bonafide,0,librispeech,bonafide_libri_dev-other,libri_1650,1650-157641-0006,libri_1650,16000,
data/external/LibriSpeech/dev-other/1650/157641/1650-157641-0007.flac,bonafide,0,librispeech,bonafide_libri_dev-other,libri_1650,1650-157641-0007,libri_1650,16000,
data/external/LibriSpeech/dev-other/1650/157641/1650-157641-0008.flac,bonafide,0,librispeech,bonafide_libri_dev-other,libri_1650,1650-157641-0008,libri_1650,16000,
data/external/LibriSpeech/dev-other/1650/157641/1650-157641-0009.flac,bonafide,0,librispeech,bonafide_libri_dev-other,libri_1650,1650-157641-0009,libri_1650,16000,
data/external/LibriSpeech/dev-other/1650/157641/1650-157641-0010.flac,bonafide,0,librispeech,bonafide_libri_dev-other,libri_1650,1650-157641-0010,libri_1650,16000,
data/external/LibriSpeech/dev-other/1650/157641/1650-157641-0011.flac,bonafide,0,librispeech,bonafide_libri_dev-other,libri_1650,1650-157641-0011,libri_1650,16000,
data/external/LibriSpeech/dev-other/1650/157641/1650-157641-0012.flac,bonafide,0,librispeech,bonafide_libri_dev-other,libri_1650,1650-157641-0012,libri_1650,16000,
data/external/LibriSpeech/dev-other/1650/157641/1650-157641-0013.flac,bonafide,0,librispeech,bonafide_libri_dev-other,libri_1650,1650-157641-0013,libri_1650,16000,
data/external/LibriSpeech/dev-other/1650/157641/1650-157641-0014.flac,bonafide,0,librispeech,bonafide_libri_dev-other,libri_1650,1650-157641-0014,libri_1650,16000,
data/external/LibriSpeech/dev-other/1650/157641/1650-157641-0015.flac,bonafide,0,librispeech,bonafide_libri_dev-other,libri_1650,1650-157641-0015,libri_1650,16000,
data/external/LibriSpeech/dev-other/1650/167613/1650-167613-0000.flac,bonafide,0,librispeech,bonafide_libri_dev-other,libri_1650,1650-167613-0000,libri_1650,16000,
data/external/LibriSpeech/dev-other/1650/167613/1650-167613-0001.flac,bonafide,0,librispeech,bonafide_libri_dev-other,libri_1650,1650-167613-0001,libri_1650,16000,
data/external/LibriSpeech/dev-other/1650/167613/1650-167613-0002.flac,bonafide,0,librispeech,bonafide_libri_dev-other,libri_1650,1650-167613-0002,libri_1650,16000,
data/external/LibriSpeech/dev-other/1650/167613/1650-167613-0003.flac,bonafide,0,librispeech,bonafide_libri_dev-other,libri_1650,1650-167613-0003,libri_1650,16000,
data/external/LibriSpeech/dev-other/1650/167613/1650-167613-0004.flac,bonafide,0,librispeech,bonafide_libri_dev-other,libri_1650,1650-167613-0004,libri_1650,16000,
data/external/LibriSpeech/dev-other/1650/167613/1650-167613-0005.flac,bonafide,0,librispeech,bonafide_libri_dev-other,libri_1650,1650-167613-0005,libri_1650,16000,
data/external/LibriSpeech/dev-other/1650/167613/1650-167613-0006.flac,bonafide,0,librispeech,bonafide_libri_dev-other,libri_1650,1650-167613-0006,libri_1650,16000,
data/external/LibriSpeech/dev-other/1650/167613/1650-167613-0007.flac,bonafide,0,librispeech,bonafide_libri_dev-other,libri_1650,1650-167613-0007,libri_1650,16000,
data/external/LibriSpeech/dev-other/1650/167613/1650-167613-0008.flac,bonafide,0,librispeech,bonafide_libri_dev-other,libri_1650,1650-167613-0008,libri_1650,16000,
data/external/LibriSpeech/dev-other/1650/167613/1650-167613-0009.flac,bonafide,0,librispeech,bonafide_libri_dev-other,libri_1650,1650-167613-0009,libri_1650,16000,
data/external/LibriSpeech/dev-other/1650/167613/1650-167613-0010.flac,bonafide,0,librispeech,bonafide_libri_dev-other,libri_1650,1650-167613-0010,libri_1650,16000,
data/external/LibriSpeech/dev-other/1650/167613/1650-167613-0011.flac,bonafide,0,librispeech,bonafide_libri_dev-other,libri_1650,1650-167613-0011,libri_1650,16000,
data/external/LibriSpeech/dev-other/1650/167613/1650-167613-0012.flac,bonafide,0,librispeech,bonafide_libri_dev-other,libri_1650,1650-167613-0012,libri_1650,16000,
data/external/LibriSpeech/dev-other/1650/167613/1650-167613-0013.flac,bonafide,0,librispeech,bonafide_libri_dev-other,libri_1650,1650-167613-0013,libri_1650,16000,
data/external/LibriSpeech/dev-other/1650/167613/1650-167613-0014.flac,bonafide,0,librispeech,bonafide_libri_dev-other,libri_1650,1650-167613-0014,libri_1650,16000,
data/external/LibriSpeech/dev-other/1650/167613/1650-167613-0015.flac,bonafide,0,librispeech,bonafide_libri_dev-other,libri_1650,1650-167613-0015,libri_1650,16000,
data/external/LibriSpeech/dev-other/1650/167613/1650-167613-0016.flac,bonafide,0,librispeech,bonafide_libri_dev-other,libri_1650,1650-167613-0016,libri_1650,16000,
data/external/LibriSpeech/dev-other/1650/167613/1650-167613-0017.flac,bonafide,0,librispeech,bonafide_libri_dev-other,libri_1650,1650-167613-0017,libri_1650,16000,
data/external/LibriSpeech/dev-other/1650/167613/1650-167613-0018.flac,bonafide,0,librispeech,bonafide_libri_dev-other,libri_1650,1650-167613-0018,libri_1650,16000,
data/external/LibriSpeech/dev-other/1650/167613/1650-167613-0019.flac,bonafide,0,librispeech,bonafide_libri_dev-other,libri_1650,1650-167613-0019,libri_1650,16000,
data/external/LibriSpeech/dev-other/1650/167613/1650-167613-0020.flac,bonafide,0,librispeech,bonafide_libri_dev-other,libri_1650,1650-167613-0020,libri_1650,16000,
data/external/LibriSpeech/dev-other/1650/167613/1650-167613-0021.flac,bonafide,0,librispeech,bonafide_libri_dev-other,libri_1650,1650-167613-0021,libri_1650,16000,
data/external/LibriSpeech/dev-other/1650/167613/1650-167613-0022.flac,bonafide,0,librispeech,bonafide_libri_dev-other,libri_1650,1650-167613-0022,libri_1650,16000,
data/external/LibriSpeech/dev-other/1650/167613/1650-167613-0023.flac,bonafide,0,librispeech,bonafide_libri_dev-other,libri_1650,1650-167613-0023,libri_1650,16000,
data/external/LibriSpeech/dev-other/1650/167613/1650-167613-0024.flac,bonafide,0,librispeech,bonafide_libri_dev-other,libri_1650,1650-167613-0024,libri_1650,16000,
data/external/LibriSpeech/dev-other/1650/167613/1650-167613-0025.flac,bonafide,0,librispeech,bonafide_libri_dev-other,libri_1650,1650-167613-0025,libri_1650,16000,
data/external/LibriSpeech/dev-other/1650/167613/1650-167613-0026.flac,bonafide,0,librispeech,bonafide_libri_dev-other,libri_1650,1650-167613-0026,libri_1650,16000,
data/external/LibriSpeech/dev-other/1650/167613/1650-167613-0027.flac,bonafide,0,librispeech,bonafide_libri_dev-other,libri_1650,1650-167613-0027,libri_1650,16000,
data/external/LibriSpeech/dev-other/1650/167613/1650-167613-0028.flac,bonafide,0,librispeech,bonafide_libri_dev-other,libri_1650,1650-167613-0028,libri_1650,16000,
data/external/LibriSpeech/dev-other/1650/167613/1650-167613-0029.flac,bonafide,0,librispeech,bonafide_libri_dev-other,libri_1650,1650-167613-0029,libri_1650,16000,
data/external/LibriSpeech/dev-other/1650/167613/1650-167613-0030.flac,bonafide,0,librispeech,bonafide_libri_dev-other,libri_1650,1650-167613-0030,libri_1650,16000,
data/external/LibriSpeech/dev-other/1650/167613/1650-167613-0031.flac,bonafide,0,librispeech,bonafide_libri_dev-other,libri_1650,1650-167613-0031,libri_1650,16000,
data/external/LibriSpeech/dev-other/1650/167613/1650-167613-0032.flac,bonafide,0,librispeech,bonafide_libri_dev-other,libri_1650,1650-167613-0032,libri_1650,16000,
data/external/LibriSpeech/dev-other/1650/167613/1650-167613-0033.flac,bonafide,0,librispeech,bonafide_libri_dev-other,libri_1650,1650-167613-0033,libri_1650,16000,
data/external/LibriSpeech/dev-other/1650/167613/1650-167613-0034.flac,bonafide,0,librispeech,bonafide_libri_dev-other,libri_1650,1650-167613-0034,libri_1650,16000,
data/external/LibriSpeech/dev-other/1650/167613/1650-167613-0035.flac,bonafide,0,librispeech,bonafide_libri_dev-other,libri_1650,1650-167613-0035,libri_1650,16000,
data/external/LibriSpeech/dev-other/1650/167613/1650-167613-0036.flac,bonafide,0,librispeech,bonafide_libri_dev-other,libri_1650,1650-167613-0036,libri_1650,16000,
data/external/LibriSpeech/dev-other/1650/167613/1650-167613-0037.flac,bonafide,0,librispeech,bonafide_libri_dev-other,libri_1650,1650-167613-0037,libri_1650,16000,
data/external/LibriSpeech/dev-other/1650/167613/1650-167613-0038.flac,bonafide,0,librispeech,bonafide_libri_dev-other,libri_1650,1650-167613-0038,libri_1650,16000,
data/external/LibriSpeech/dev-other/1650/167613/1650-167613-0039.flac,bonafide,0,librispeech,bonafide_libri_dev-other,libri_1650,1650-167613-0039,libri_1650,16000,
data/external/LibriSpeech/dev-other/1650/167613/1650-167613-0040.flac,bonafide,0,librispeech,bonafide_libri_dev-other,libri_1650,1650-167613-0040,libri_1650,16000,
data/external/LibriSpeech/dev-other/1650/167613/1650-167613-0041.flac,bonafide,0,librispeech,bonafide_libri_dev-other,libri_1650,1650-167613-0041,libri_1650,16000,
data/external/LibriSpeech/dev-other/1650/167613/1650-167613-0042.flac,bonafide,0,librispeech,bonafide_libri_dev-other,libri_1650,1650-167613-0042,libri_1650,16000,
data/external/LibriSpeech/dev-other/1650/167613/1650-167613-0043.flac,bonafide,0,librispeech,bonafide_libri_dev-other,libri_1650,1650-167613-0043,libri_1650,16000,
data/external/LibriSpeech/dev-other/1650/167613/1650-167613-0044.flac,bonafide,0,librispeech,bonafide_libri_dev-other,libri_1650,1650-167613-0044,libri_1650,16000,
data/external/LibriSpeech/dev-other/1650/167613/1650-167613-0045.flac,bonafide,0,librispeech,bonafide_libri_dev-other,libri_1650,1650-167613-0045,libri_1650,16000,
data/external/LibriSpeech/dev-other/1650/167613/1650-167613-0046.flac,bonafide,0,librispeech,bonafide_libri_dev-other,libri_1650,1650-167613-0046,libri_1650,16000,
data/external/LibriSpeech/dev-other/1650/167613/1650-167613-0047.flac,bonafide,0,librispeech,bonafide_libri_dev-other,libri_1650,1650-167613-0047,libri_1650,16000,
data/external/LibriSpeech/dev-other/1650/167613/1650-167613-0048.flac,bonafide,0,librispeech,bonafide_libri_dev-other,libri_1650,1650-167613-0048,libri_1650,16000,
data/external/LibriSpeech/dev-other/1650/167613/1650-167613-0049.flac,bonafide,0,librispeech,bonafide_libri_dev-other,libri_1650,1650-167613-0049,libri_1650,16000,
data/external/LibriSpeech/dev-other/1650/167613/1650-167613-0050.flac,bonafide,0,librispeech,bonafide_libri_dev-other,libri_1650,1650-167613-0050,libri_1650,16000,
data/external/LibriSpeech/dev-other/1650/167613/1650-167613-0051.flac,bonafide,0,librispeech,bonafide_libri_dev-other,libri_1650,1650-167613-0051,libri_1650,16000,
data/external/LibriSpeech/dev-other/1650/167613/1650-167613-0052.flac,bonafide,0,librispeech,bonafide_libri_dev-other,libri_1650,1650-167613-0052,libri_1650,16000,
data/external/LibriSpeech/dev-other/1650/167613/1650-167613-0053.flac,bonafide,0,librispeech,bonafide_libri_dev-other,libri_1650,1650-167613-0053,libri_1650,16000,
data/external/LibriSpeech/dev-other/1650/167613/1650-167613-0054.flac,bonafide,0,librispeech,bonafide_libri_dev-other,libri_1650,1650-167613-0054,libri_1650,16000,
data/external/LibriSpeech/dev-other/1650/167613/1650-167613-0055.flac,bonafide,0,librispeech,bonafide_libri_dev-other,libri_1650,1650-167613-0055,libri_1650,16000,
data/external/LibriSpeech/dev-other/1650/173551/1650-173551-0000.flac,bonafide,0,librispeech,bonafide_libri_dev-other,libri_1650,1650-173551-0000,libri_1650,16000,
data/external/LibriSpeech/dev-other/1650/173551/1650-173551-0001.flac,bonafide,0,librispeech,bonafide_libri_dev-other,libri_1650,1650-173551-0001,libri_1650,16000,
data/external/LibriSpeech/dev-other/1650/173551/1650-173551-0002.flac,bonafide,0,librispeech,bonafide_libri_dev-other,libri_1650,1650-173551-0002,libri_1650,16000,
data/external/LibriSpeech/dev-other/1650/173551/1650-173551-0003.flac,bonafide,0,librispeech,bonafide_libri_dev-other,libri_1650,1650-173551-0003,libri_1650,16000,
data/external/LibriSpeech/dev-other/1650/173551/1650-173551-0004.flac,bonafide,0,librispeech,bonafide_libri_dev-other,libri_1650,1650-173551-0004,libri_1650,16000,
data/external/LibriSpeech/dev-other/1650/173551/1650-173551-0005.flac,bonafide,0,librispeech,bonafide_libri_dev-other,libri_1650,1650-173551-0005,libri_1650,16000,
data/external/LibriSpeech/dev-other/1650/173551/1650-173551-0006.flac,bonafide,0,librispeech,bonafide_libri_dev-other,libri_1650,1650-173551-0006,libri_1650,16000,
data/external/LibriSpeech/dev-other/1650/173551/1650-173551-0007.flac,bonafide,0,librispeech,bonafide_libri_dev-other,libri_1650,1650-173551-0007,libri_1650,16000,
data/external/LibriSpeech/dev-other/1650/173551/1650-173551-0008.flac,bonafide,0,librispeech,bonafide_libri_dev-other,libri_1650,1650-173551-0008,libri_1650,16000,
data/external/LibriSpeech/dev-other/1650/173551/1650-173551-0009.flac,bonafide,0,librispeech,bonafide_libri_dev-other,libri_1650,1650-173551-0009,libri_1650,16000,
data/external/LibriSpeech/dev-other/1650/173552/1650-173552-0000.flac,bonafide,0,librispeech,bonafide_libri_dev-other,libri_1650,1650-173552-0000,libri_1650,16000,
data/external/LibriSpeech/dev-other/1650/173552/1650-173552-0001.flac,bonafide,0,librispeech,bonafide_libri_dev-other,libri_1650,1650-173552-0001,libri_1650,16000,
data/external/LibriSpeech/dev-other/1650/173552/1650-173552-0002.flac,bonafide,0,librispeech,bonafide_libri_dev-other,libri_1650,1650-173552-0002,libri_1650,16000,
data/external/LibriSpeech/dev-other/1650/173552/1650-173552-0003.flac,bonafide,0,librispeech,bonafide_libri_dev-other,libri_1650,1650-173552-0003,libri_1650,16000,
data/external/LibriSpeech/dev-other/1650/173552/1650-173552-0004.flac,bonafide,0,librispeech,bonafide_libri_dev-other,libri_1650,1650-173552-0004,libri_1650,16000,
data/external/LibriSpeech/dev-other/1650/173552/1650-173552-0005.flac,bonafide,0,librispeech,bonafide_libri_dev-other,libri_1650,1650-173552-0005,libri_1650,16000,
data/external/LibriSpeech/dev-other/1650/173552/1650-173552-0006.flac,bonafide,0,librispeech,bonafide_libri_dev-other,libri_1650,1650-173552-0006,libri_1650,16000,
data/external/LibriSpeech/dev-other/1650/173552/1650-173552-0007.flac,bonafide,0,librispeech,bonafide_libri_dev-other,libri_1650,1650-173552-0007,libri_1650,16000,
data/external/LibriSpeech/dev-other/1650/173552/1650-173552-0008.flac,bonafide,0,librispeech,bonafide_libri_dev-other,libri_1650,1650-173552-0008,libri_1650,16000,
data/external/LibriSpeech/dev-other/1650/173552/1650-173552-0009.flac,bonafide,0,librispeech,bonafide_libri_dev-other,libri_1650,1650-173552-0009,libri_1650,16000,
data/external/LibriSpeech/dev-other/1651/136854/1651-136854-0000.flac,bonafide,0,librispeech,bonafide_libri_dev-other,libri_1651,1651-136854-0000,libri_1651,16000,
data/external/LibriSpeech/dev-other/1651/136854/1651-136854-0001.flac,bonafide,0,librispeech,bonafide_libri_dev-other,libri_1651,1651-136854-0001,libri_1651,16000,
data/external/LibriSpeech/dev-other/1651/136854/1651-136854-0002.flac,bonafide,0,librispeech,bonafide_libri_dev-other,libri_1651,1651-136854-0002,libri_1651,16000,
data/external/LibriSpeech/dev-other/1651/136854/1651-136854-0003.flac,bonafide,0,librispeech,bonafide_libri_dev-other,libri_1651,1651-136854-0003,libri_1651,16000,
data/external/LibriSpeech/dev-other/1651/136854/1651-136854-0004.flac,bonafide,0,librispeech,bonafide_libri_dev-other,libri_1651,1651-136854-0004,libri_1651,16000,
data/external/LibriSpeech/dev-other/1651/136854/1651-136854-0005.flac,bonafide,0,librispeech,bonafide_libri_dev-other,libri_1651,1651-136854-0005,libri_1651,16000,
data/external/LibriSpeech/dev-other/1651/136854/1651-136854-0006.flac,bonafide,0,librispeech,bonafide_libri_dev-other,libri_1651,1651-136854-0006,libri_1651,16000,
data/external/LibriSpeech/dev-other/1651/136854/1651-136854-0007.flac,bonafide,0,librispeech,bonafide_libri_dev-other,libri_1651,1651-136854-0007,libri_1651,16000,
data/external/LibriSpeech/dev-other/1651/136854/1651-136854-0008.flac,bonafide,0,librispeech,bonafide_libri_dev-other,libri_1651,1651-136854-0008,libri_1651,16000,
data/external/LibriSpeech/dev-other/1651/136854/1651-136854-0009.flac,bonafide,0,librispeech,bonafide_libri_dev-other,libri_1651,1651-136854-0009,libri_1651,16000,
data/external/LibriSpeech/dev-other/1651/136854/1651-136854-0010.flac,bonafide,0,librispeech,bonafide_libri_dev-other,libri_1651,1651-136854-0010,libri_1651,16000,
data/external/LibriSpeech/dev-other/1651/136854/1651-136854-0011.flac,bonafide,0,librispeech,bonafide_libri_dev-other,libri_1651,1651-136854-0011,libri_1651,16000,
data/external/LibriSpeech/dev-other/1651/136854/1651-136854-0012.flac,bonafide,0,librispeech,bonafide_libri_dev-other,libri_1651,1651-136854-0012,libri_1651,16000,
data/external/LibriSpeech/dev-other/1651/136854/1651-136854-0013.flac,bonafide,0,librispeech,bonafide_libri_dev-other,libri_1651,1651-136854-0013,libri_1651,16000,
data/external/LibriSpeech/dev-other/1651/136854/1651-136854-0014.flac,bonafide,0,librispeech,bonafide_libri_dev-other,libri_1651,1651-136854-0014,libri_1651,16000,
data/external/LibriSpeech/dev-other/1651/136854/1651-136854-0015.flac,bonafide,0,librispeech,bonafide_libri_dev-other,libri_1651,1651-136854-0015,libri_1651,16000,
data/external/LibriSpeech/dev-other/1651/136854/1651-136854-0016.flac,bonafide,0,librispeech,bonafide_libri_dev-other,libri_1651,1651-136854-0016,libri_1651,16000,
data/external/LibriSpeech/dev-other/1651/136854/1651-136854-0017.flac,bonafide,0,librispeech,bonafide_libri_dev-other,libri_1651,1651-136854-0017,libri_1651,16000,
data/external/LibriSpeech/dev-other/1651/136854/1651-136854-0018.flac,bonafide,0,librispeech,bonafide_libri_dev-other,libri_1651,1651-136854-0018,libri_1651,16000,
data/external/LibriSpeech/dev-other/1651/136854/1651-136854-0019.flac,bonafide,0,librispeech,bonafide_libri_dev-other,libri_1651,1651-136854-0019,libri_1651,16000,
data/external/LibriSpeech/dev-other/1651/136854/1651-136854-0020.flac,bonafide,0,librispeech,bonafide_libri_dev-other,libri_1651,1651-136854-0020,libri_1651,16000,
data/external/LibriSpeech/dev-other/1651/136854/1651-136854-0021.flac,bonafide,0,librispeech,bonafide_libri_dev-other,libri_1651,1651-136854-0021,libri_1651,16000,
data/external/LibriSpeech/dev-other/1651/136854/1651-136854-0022.flac,bonafide,0,librispeech,bonafide_libri_dev-other,libri_1651,1651-136854-0022,libri_1651,16000,
data/external/LibriSpeech/dev-other/1651/136854/1651-136854-0023.flac,bonafide,0,librispeech,bonafide_libri_dev-other,libri_1651,1651-136854-0023,libri_1651,16000,
data/external/LibriSpeech/dev-other/1651/136854/1651-136854-0024.flac,bonafide,0,librispeech,bonafide_libri_dev-other,libri_1651,1651-136854-0024,libri_1651,16000,
data/external/LibriSpeech/dev-other/1651/136854/1651-136854-0025.flac,bonafide,0,librispeech,bonafide_libri_dev-other,libri_1651,1651-136854-0025,libri_1651,16000,
data/external/LibriSpeech/dev-other/1651/136854/1651-136854-0026.flac,bonafide,0,librispeech,bonafide_libri_dev-other,libri_1651,1651-136854-0026,libri_1651,16000,
data/external/LibriSpeech/dev-other/1651/136854/1651-136854-0027.flac,bonafide,0,librispeech,bonafide_libri_dev-other,libri_1651,1651-136854-0027,libri_1651,16000,
data/external/LibriSpeech/dev-other/1651/136854/1651-136854-0028.flac,bonafide,0,librispeech,bonafide_libri_dev-other,libri_1651,1651-136854-0028,libri_1651,16000,
data/external/LibriSpeech/dev-other/1651/136854/1651-136854-0029.flac,bonafide,0,librispeech,bonafide_libri_dev-other,libri_1651,1651-136854-0029,libri_1651,16000,
data/external/LibriSpeech/dev-other/1651/136854/1651-136854-0030.flac,bonafide,0,librispeech,bonafide_libri_dev-other,libri_1651,1651-136854-0030,libri_1651,16000,
data/external/LibriSpeech/dev-other/1651/136854/1651-136854-0031.flac,bonafide,0,librispeech,bonafide_libri_dev-other,libri_1651,1651-136854-0031,libri_1651,16000,
data/external/LibriSpeech/dev-other/1651/136854/1651-136854-0032.flac,bonafide,0,librispeech,bonafide_libri_dev-other,libri_1651,1651-136854-0032,libri_1651,16000,
data/external/LibriSpeech/dev-other/1686/142278/1686-142278-0000.flac,bonafide,0,librispeech,bonafide_libri_dev-other,libri_1686,1686-142278-0000,libri_1686,16000,
data/external/LibriSpeech/dev-other/1686/142278/1686-142278-0001.flac,bonafide,0,librispeech,bonafide_libri_dev-other,libri_1686,1686-142278-0001,libri_1686,16000,
data/external/LibriSpeech/dev-other/1686/142278/1686-142278-0002.flac,bonafide,0,librispeech,bonafide_libri_dev-other,libri_1686,1686-142278-0002,libri_1686,16000,
data/external/LibriSpeech/dev-other/1686/142278/1686-142278-0003.flac,bonafide,0,librispeech,bonafide_libri_dev-other,libri_1686,1686-142278-0003,libri_1686,16000,
data/external/LibriSpeech/dev-other/1686/142278/1686-142278-0004.flac,bonafide,0,librispeech,bonafide_libri_dev-other,libri_1686,1686-142278-0004,libri_1686,16000,
data/external/LibriSpeech/dev-other/1686/142278/1686-142278-0005.flac,bonafide,0,librispeech,bonafide_libri_dev-other,libri_1686,1686-142278-0005,libri_1686,16000,
data/external/LibriSpeech/dev-other/1686/142278/1686-142278-0006.flac,bonafide,0,librispeech,bonafide_libri_dev-other,libri_1686,1686-142278-0006,libri_1686,16000,
data/external/LibriSpeech/dev-other/1686/142278/1686-142278-0007.flac,bonafide,0,librispeech,bonafide_libri_dev-other,libri_1686,1686-142278-0007,libri_1686,16000,
data/external/LibriSpeech/dev-other/1686/142278/1686-142278-0008.flac,bonafide,0,librispeech,bonafide_libri_dev-other,libri_1686,1686-142278-0008,libri_1686,16000,
data/external/LibriSpeech/dev-other/1686/142278/1686-142278-0009.flac,bonafide,0,librispeech,bonafide_libri_dev-other,libri_1686,1686-142278-0009,libri_1686,16000,
data/external/LibriSpeech/dev-other/1686/142278/1686-142278-0010.flac,bonafide,0,librispeech,bonafide_libri_dev-other,libri_1686,1686-142278-0010,libri_1686,16000,
data/external/LibriSpeech/dev-other/1686/142278/1686-142278-0011.flac,bonafide,0,librispeech,bonafide_libri_dev-other,libri_1686,1686-142278-0011,libri_1686,16000,
data/external/LibriSpeech/dev-other/1686/142278/1686-142278-0012.flac,bonafide,0,librispeech,bonafide_libri_dev-other,libri_1686,1686-142278-0012,libri_1686,16000,
data/external/LibriSpeech/dev-other/1686/142278/1686-142278-0013.flac,bonafide,0,librispeech,bonafide_libri_dev-other,libri_1686,1686-142278-0013,libri_1686,16000,
data/external/LibriSpeech/dev-other/1686/142278/1686-142278-0014.flac,bonafide,0,librispeech,bonafide_libri_dev-other,libri_1686,1686-142278-0014,libri_1686,16000,
data/external/LibriSpeech/dev-other/1686/142278/1686-142278-0015.flac,bonafide,0,librispeech,bonafide_libri_dev-other,libri_1686,1686-142278-0015,libri_1686,16000,
data/external/LibriSpeech/dev-other/1686/142278/1686-142278-0016.flac,bonafide,0,librispeech,bonafide_libri_dev-other,libri_1686,1686-142278-0016,libri_1686,16000,
data/external/LibriSpeech/dev-other/1686/142278/1686-142278-0017.flac,bonafide,0,librispeech,bonafide_libri_dev-other,libri_1686,1686-142278-0017,libri_1686,16000,
data/external/LibriSpeech/dev-other/1686/142278/1686-142278-0018.flac,bonafide,0,librispeech,bonafide_libri_dev-other,libri_1686,1686-142278-0018,libri_1686,16000,
data/external/LibriSpeech/dev-other/1686/142278/1686-142278-0019.flac,bonafide,0,librispeech,bonafide_libri_dev-other,libri_1686,1686-142278-0019,libri_1686,16000,
data/external/LibriSpeech/dev-other/1686/142278/1686-142278-0020.flac,bonafide,0,librispeech,bonafide_libri_dev-other,libri_1686,1686-142278-0020,libri_1686,16000,
data/external/LibriSpeech/dev-other/1686/142278/1686-142278-0021.flac,bonafide,0,librispeech,bonafide_libri_dev-other,libri_1686,1686-142278-0021,libri_1686,16000,
data/external/LibriSpeech/dev-other/1686/142278/1686-142278-0022.flac,bonafide,0,librispeech,bonafide_libri_dev-other,libri_1686,1686-142278-0022,libri_1686,16000,
data/external/LibriSpeech/dev-other/1686/142278/1686-142278-0023.flac,bonafide,0,librispeech,bonafide_libri_dev-other,libri_1686,1686-142278-0023,libri_1686,16000,
data/external/LibriSpeech/dev-other/1686/142278/1686-142278-0024.flac,bonafide,0,librispeech,bonafide_libri_dev-other,libri_1686,1686-142278-0024,libri_1686,16000,
data/external/LibriSpeech/dev-other/1686/142278/1686-142278-0025.flac,bonafide,0,librispeech,bonafide_libri_dev-other,libri_1686,1686-142278-0025,libri_1686,16000,
data/external/LibriSpeech/dev-other/1686/142278/1686-142278-0026.flac,bonafide,0,librispeech,bonafide_libri_dev-other,libri_1686,1686-142278-0026,libri_1686,16000,
data/external/LibriSpeech/dev-other/1686/142278/1686-142278-0027.flac,bonafide,0,librispeech,bonafide_libri_dev-other,libri_1686,1686-142278-0027,libri_1686,16000,
data/external/LibriSpeech/dev-other/1686/142278/1686-142278-0028.flac,bonafide,0,librispeech,bonafide_libri_dev-other,libri_1686,1686-142278-0028,libri_1686,16000,
data/external/LibriSpeech/dev-other/1686/142278/1686-142278-0029.flac,bonafide,0,librispeech,bonafide_libri_dev-other,libri_1686,1686-142278-0029,libri_1686,16000,
data/external/LibriSpeech/dev-other/1686/142278/1686-142278-0030.flac,bonafide,0,librispeech,bonafide_libri_dev-other,libri_1686,1686-142278-0030,libri_1686,16000,
data/external/LibriSpeech/dev-other/1686/142278/1686-142278-0031.flac,bonafide,0,librispeech,bonafide_libri_dev-other,libri_1686,1686-142278-0031,libri_1686,16000,
data/external/LibriSpeech/dev-other/1686/142278/1686-142278-0032.flac,bonafide,0,librispeech,bonafide_libri_dev-other,libri_1686,1686-142278-0032,libri_1686,16000,
data/external/LibriSpeech/dev-other/1686/142278/1686-142278-0033.flac,bonafide,0,librispeech,bonafide_libri_dev-other,libri_1686,1686-142278-0033,libri_1686,16000,
data/external/LibriSpeech/dev-other/1686/142278/1686-142278-0034.flac,bonafide,0,librispeech,bonafide_libri_dev-other,libri_1686,1686-142278-0034,libri_1686,16000,
data/external/LibriSpeech/dev-other/1686/142278/1686-142278-0035.flac,bonafide,0,librispeech,bonafide_libri_dev-other,libri_1686,1686-142278-0035,libri_1686,16000,
data/external/LibriSpeech/dev-other/1686/142278/1686-142278-0036.flac,bonafide,0,librispeech,bonafide_libri_dev-other,libri_1686,1686-142278-0036,libri_1686,16000,
data/external/LibriSpeech/dev-other/1686/142278/1686-142278-0037.flac,bonafide,0,librispeech,bonafide_libri_dev-other,libri_1686,1686-142278-0037,libri_1686,16000,
data/external/LibriSpeech/dev-other/1686/142278/1686-142278-0038.flac,bonafide,0,librispeech,bonafide_libri_dev-other,libri_1686,1686-142278-0038,libri_1686,16000,
data/external/LibriSpeech/dev-other/1686/142278/1686-142278-0039.flac,bonafide,0,librispeech,bonafide_libri_dev-other,libri_1686,1686-142278-0039,libri_1686,16000,
data/external/LibriSpeech/dev-other/1686/142278/1686-142278-0040.flac,bonafide,0,librispeech,bonafide_libri_dev-other,libri_1686,1686-142278-0040,libri_1686,16000,
data/external/LibriSpeech/dev-other/1686/142278/1686-142278-0041.flac,bonafide,0,librispeech,bonafide_libri_dev-other,libri_1686,1686-142278-0041,libri_1686,16000,
data/external/LibriSpeech/dev-other/1686/142278/1686-142278-0042.flac,bonafide,0,librispeech,bonafide_libri_dev-other,libri_1686,1686-142278-0042,libri_1686,16000,
data/external/LibriSpeech/dev-other/1686/142278/1686-142278-0043.flac,bonafide,0,librispeech,bonafide_libri_dev-other,libri_1686,1686-142278-0043,libri_1686,16000,
data/external/LibriSpeech/dev-other/1686/142278/1686-142278-0044.flac,bonafide,0,librispeech,bonafide_libri_dev-other,libri_1686,1686-142278-0044,libri_1686,16000,
data/external/LibriSpeech/dev-other/1686/142278/1686-142278-0045.flac,bonafide,0,librispeech,bonafide_libri_dev-other,libri_1686,1686-142278-0045,libri_1686,16000,
data/external/LibriSpeech/dev-other/1686/142278/1686-142278-0046.flac,bonafide,0,librispeech,bonafide_libri_dev-other,libri_1686,1686-142278-0046,libri_1686,16000,
data/external/LibriSpeech/dev-other/1686/142278/1686-142278-0047.flac,bonafide,0,librispeech,bonafide_libri_dev-other,libri_1686,1686-142278-0047,libri_1686,16000,
data/external/LibriSpeech/dev-other/1686/142278/1686-142278-0048.flac,bonafide,0,librispeech,bonafide_libri_dev-other,libri_1686,1686-142278-0048,libri_1686,16000,
data/external/LibriSpeech/dev-other/1686/142278/1686-142278-0049.flac,bonafide,0,librispeech,bonafide_libri_dev-other,libri_1686,1686-142278-0049,libri_1686,16000,
data/external/LibriSpeech/dev-other/1686/142278/1686-142278-0050.flac,bonafide,0,librispeech,bonafide_libri_dev-other,libri_1686,1686-142278-0050,libri_1686,16000,
data/external/LibriSpeech/dev-other/1686/142278/1686-142278-0051.flac,bonafide,0,librispeech,bonafide_libri_dev-other,libri_1686,1686-142278-0051,libri_1686,16000,
data/external/LibriSpeech/dev-other/1686/142278/1686-142278-0052.flac,bonafide,0,librispeech,bonafide_libri_dev-other,libri_1686,1686-142278-0052,libri_1686,16000,
data/external/LibriSpeech/dev-other/1686/142278/1686-142278-0053.flac,bonafide,0,librispeech,bonafide_libri_dev-other,libri_1686,1686-142278-0053,libri_1686,16000,
data/external/LibriSpeech/dev-other/1686/142278/1686-142278-0054.flac,bonafide,0,librispeech,bonafide_libri_dev-other,libri_1686,1686-142278-0054,libri_1686,16000,
data/external/LibriSpeech/dev-other/1686/142278/1686-142278-0055.flac,bonafide,0,librispeech,bonafide_libri_dev-other,libri_1686,1686-142278-0055,libri_1686,16000,
data/external/LibriSpeech/dev-other/1686/142278/1686-142278-0056.flac,bonafide,0,librispeech,bonafide_libri_dev-other,libri_1686,1686-142278-0056,libri_1686,16000,
data/external/LibriSpeech/dev-other/1686/142278/1686-142278-0057.flac,bonafide,0,librispeech,bonafide_libri_dev-other,libri_1686,1686-142278-0057,libri_1686,16000,
data/external/LibriSpeech/dev-other/1686/142278/1686-142278-0058.flac,bonafide,0,librispeech,bonafide_libri_dev-other,libri_1686,1686-142278-0058,libri_1686,16000,
data/external/LibriSpeech/dev-other/1686/142278/1686-142278-0059.flac,bonafide,0,librispeech,bonafide_libri_dev-other,libri_1686,1686-142278-0059,libri_1686,16000,
data/external/LibriSpeech/dev-other/1686/142278/1686-142278-0060.flac,bonafide,0,librispeech,bonafide_libri_dev-other,libri_1686,1686-142278-0060,libri_1686,16000,
data/external/LibriSpeech/dev-other/1686/142278/1686-142278-0061.flac,bonafide,0,librispeech,bonafide_libri_dev-other,libri_1686,1686-142278-0061,libri_1686,16000,
data/external/LibriSpeech/dev-other/1686/142278/1686-142278-0062.flac,bonafide,0,librispeech,bonafide_libri_dev-other,libri_1686,1686-142278-0062,libri_1686,16000,
data/external/LibriSpeech/dev-other/1686/142278/1686-142278-0063.flac,bonafide,0,librispeech,bonafide_libri_dev-other,libri_1686,1686-142278-0063,libri_1686,16000,
data/external/LibriSpeech/dev-other/1686/142278/1686-142278-0064.flac,bonafide,0,librispeech,bonafide_libri_dev-other,libri_1686,1686-142278-0064,libri_1686,16000,
data/external/LibriSpeech/dev-other/1686/142278/1686-142278-0065.flac,bonafide,0,librispeech,bonafide_libri_dev-other,libri_1686,1686-142278-0065,libri_1686,16000,
data/external/LibriSpeech/dev-other/1686/142278/1686-142278-0066.flac,bonafide,0,librispeech,bonafide_libri_dev-other,libri_1686,1686-142278-0066,libri_1686,16000,
data/external/LibriSpeech/dev-other/1686/142278/1686-142278-0067.flac,bonafide,0,librispeech,bonafide_libri_dev-other,libri_1686,1686-142278-0067,libri_1686,16000,
data/external/LibriSpeech/dev-other/1686/142278/1686-142278-0068.flac,bonafide,0,librispeech,bonafide_libri_dev-other,libri_1686,1686-142278-0068,libri_1686,16000,
data/external/LibriSpeech/dev-other/1686/142278/1686-142278-0069.flac,bonafide,0,librispeech,bonafide_libri_dev-other,libri_1686,1686-142278-0069,libri_1686,16000,
data/external/LibriSpeech/dev-other/1686/142278/1686-142278-0070.flac,bonafide,0,librispeech,bonafide_libri_dev-other,libri_1686,1686-142278-0070,libri_1686,16000,
data/external/LibriSpeech/dev-other/1686/142278/1686-142278-0071.flac,bonafide,0,librispeech,bonafide_libri_dev-other,libri_1686,1686-142278-0071,libri_1686,16000,
data/external/LibriSpeech/dev-other/1686/142278/1686-142278-0072.flac,bonafide,0,librispeech,bonafide_libri_dev-other,libri_1686,1686-142278-0072,libri_1686,16000,
data/external/LibriSpeech/dev-other/1686/142278/1686-142278-0073.flac,bonafide,0,librispeech,bonafide_libri_dev-other,libri_1686,1686-142278-0073,libri_1686,16000,
data/external/LibriSpeech/dev-other/1686/142278/1686-142278-0074.flac,bonafide,0,librispeech,bonafide_libri_dev-other,libri_1686,1686-142278-0074,libri_1686,16000,
data/external/LibriSpeech/dev-other/1686/142278/1686-142278-0075.flac,bonafide,0,librispeech,bonafide_libri_dev-other,libri_1686,1686-142278-0075,libri_1686,16000,
data/external/LibriSpeech/dev-other/1686/142278/1686-142278-0076.flac,bonafide,0,librispeech,bonafide_libri_dev-other,libri_1686,1686-142278-0076,libri_1686,16000,
data/external/LibriSpeech/dev-other/1686/142278/1686-142278-0077.flac,bonafide,0,librispeech,bonafide_libri_dev-other,libri_1686,1686-142278-0077,libri_1686,16000,
data/external/LibriSpeech/dev-other/1686/142278/1686-142278-0078.flac,bonafide,0,librispeech,bonafide_libri_dev-other,libri_1686,1686-142278-0078,libri_1686,16000,
data/external/LibriSpeech/dev-other/1686/142278/1686-142278-0079.flac,bonafide,0,librispeech,bonafide_libri_dev-other,libri_1686,1686-142278-0079,libri_1686,16000,
data/external/LibriSpeech/dev-other/1686/142278/1686-142278-0080.flac,bonafide,0,librispeech,bonafide_libri_dev-other,libri_1686,1686-142278-0080,libri_1686,16000,
data/external/LibriSpeech/dev-other/1686/142278/1686-142278-0081.flac,bonafide,0,librispeech,bonafide_libri_dev-other,libri_1686,1686-142278-0081,libri_1686,16000,
data/external/LibriSpeech/dev-other/1686/142278/1686-142278-0082.flac,bonafide,0,librispeech,bonafide_libri_dev-other,libri_1686,1686-142278-0082,libri_1686,16000,
data/external/LibriSpeech/dev-other/1686/142278/1686-142278-0083.flac,bonafide,0,librispeech,bonafide_libri_dev-other,libri_1686,1686-142278-0083,libri_1686,16000,
data/external/LibriSpeech/dev-other/1686/142278/1686-142278-0084.flac,bonafide,0,librispeech,bonafide_libri_dev-other,libri_1686,1686-142278-0084,libri_1686,16000,
data/external/LibriSpeech/dev-other/1686/142278/1686-142278-0085.flac,bonafide,0,librispeech,bonafide_libri_dev-other,libri_1686,1686-142278-0085,libri_1686,16000,
data/external/LibriSpeech/dev-other/1686/142278/1686-142278-0086.flac,bonafide,0,librispeech,bonafide_libri_dev-other,libri_1686,1686-142278-0086,libri_1686,16000,
data/external/LibriSpeech/dev-other/1686/142278/1686-142278-0087.flac,bonafide,0,librispeech,bonafide_libri_dev-other,libri_1686,1686-142278-0087,libri_1686,16000,
data/external/LibriSpeech/dev-other/1686/142278/1686-142278-0088.flac,bonafide,0,librispeech,bonafide_libri_dev-other,libri_1686,1686-142278-0088,libri_1686,16000,
data/external/LibriSpeech/dev-other/1686/142278/1686-142278-0089.flac,bonafide,0,librispeech,bonafide_libri_dev-other,libri_1686,1686-142278-0089,libri_1686,16000,
data/external/LibriSpeech/dev-other/1686/142278/1686-142278-0090.flac,bonafide,0,librispeech,bonafide_libri_dev-other,libri_1686,1686-142278-0090,libri_1686,16000,
data/external/LibriSpeech/dev-other/1686/142278/1686-142278-0091.flac,bonafide,0,librispeech,bonafide_libri_dev-other,libri_1686,1686-142278-0091,libri_1686,16000,
data/external/LibriSpeech/dev-other/1686/142278/1686-142278-0092.flac,bonafide,0,librispeech,bonafide_libri_dev-other,libri_1686,1686-142278-0092,libri_1686,16000,
data/external/LibriSpeech/dev-other/1686/142278/1686-142278-0093.flac,bonafide,0,librispeech,bonafide_libri_dev-other,libri_1686,1686-142278-0093,libri_1686,16000,
data/external/LibriSpeech/dev-other/1686/142278/1686-142278-0094.flac,bonafide,0,librispeech,bonafide_libri_dev-other,libri_1686,1686-142278-0094,libri_1686,16000,
data/external/LibriSpeech/dev-other/1686/142278/1686-142278-0095.flac,bonafide,0,librispeech,bonafide_libri_dev-other,libri_1686,1686-142278-0095,libri_1686,16000,
data/external/LibriSpeech/dev-other/1686/142278/1686-142278-0096.flac,bonafide,0,librispeech,bonafide_libri_dev-other,libri_1686,1686-142278-0096,libri_1686,16000,
data/external/LibriSpeech/dev-other/1686/142278/1686-142278-0097.flac,bonafide,0,librispeech,bonafide_libri_dev-other,libri_1686,1686-142278-0097,libri_1686,16000,
data/external/LibriSpeech/dev-other/1686/142278/1686-142278-0098.flac,bonafide,0,librispeech,bonafide_libri_dev-other,libri_1686,1686-142278-0098,libri_1686,16000,
data/external/LibriSpeech/dev-other/1701/141759/1701-141759-0000.flac,bonafide,0,librispeech,bonafide_libri_dev-other,libri_1701,1701-141759-0000,libri_1701,16000,
data/external/LibriSpeech/dev-other/1701/141759/1701-141759-0001.flac,bonafide,0,librispeech,bonafide_libri_dev-other,libri_1701,1701-141759-0001,libri_1701,16000,
data/external/LibriSpeech/dev-other/1701/141759/1701-141759-0002.flac,bonafide,0,librispeech,bonafide_libri_dev-other,libri_1701,1701-141759-0002,libri_1701,16000,
data/external/LibriSpeech/dev-other/1701/141759/1701-141759-0003.flac,bonafide,0,librispeech,bonafide_libri_dev-other,libri_1701,1701-141759-0003,libri_1701,16000,
data/external/LibriSpeech/dev-other/1701/141759/1701-141759-0004.flac,bonafide,0,librispeech,bonafide_libri_dev-other,libri_1701,1701-141759-0004,libri_1701,16000,
data/external/LibriSpeech/dev-other/1701/141759/1701-141759-0005.flac,bonafide,0,librispeech,bonafide_libri_dev-other,libri_1701,1701-141759-0005,libri_1701,16000,
data/external/LibriSpeech/dev-other/1701/141759/1701-141759-0006.flac,bonafide,0,librispeech,bonafide_libri_dev-other,libri_1701,1701-141759-0006,libri_1701,16000,
data/external/LibriSpeech/dev-other/1701/141759/1701-141759-0007.flac,bonafide,0,librispeech,bonafide_libri_dev-other,libri_1701,1701-141759-0007,libri_1701,16000,
data/external/LibriSpeech/dev-other/1701/141759/1701-141759-0008.flac,bonafide,0,librispeech,bonafide_libri_dev-other,libri_1701,1701-141759-0008,libri_1701,16000,
data/external/LibriSpeech/dev-other/1701/141759/1701-141759-0009.flac,bonafide,0,librispeech,bonafide_libri_dev-other,libri_1701,1701-141759-0009,libri_1701,16000,
data/external/LibriSpeech/dev-other/1701/141759/1701-141759-0010.flac,bonafide,0,librispeech,bonafide_libri_dev-other,libri_1701,1701-141759-0010,libri_1701,16000,
data/external/LibriSpeech/dev-other/1701/141759/1701-141759-0011.flac,bonafide,0,librispeech,bonafide_libri_dev-other,libri_1701,1701-141759-0011,libri_1701,16000,
data/external/LibriSpeech/dev-other/1701/141759/1701-141759-0012.flac,bonafide,0,librispeech,bonafide_libri_dev-other,libri_1701,1701-141759-0012,libri_1701,16000,
data/external/LibriSpeech/dev-other/1701/141759/1701-141759-0013.flac,bonafide,0,librispeech,bonafide_libri_dev-other,libri_1701,1701-141759-0013,libri_1701,16000,
data/external/LibriSpeech/dev-other/1701/141759/1701-141759-0014.flac,bonafide,0,librispeech,bonafide_libri_dev-other,libri_1701,1701-141759-0014,libri_1701,16000,
data/external/LibriSpeech/dev-other/1701/141759/1701-141759-0015.flac,bonafide,0,librispeech,bonafide_libri_dev-other,libri_1701,1701-141759-0015,libri_1701,16000,
data/external/LibriSpeech/dev-other/1701/141759/1701-141759-0016.flac,bonafide,0,librispeech,bonafide_libri_dev-other,libri_1701,1701-141759-0016,libri_1701,16000,
data/external/LibriSpeech/dev-other/1701/141759/1701-141759-0017.flac,bonafide,0,librispeech,bonafide_libri_dev-other,libri_1701,1701-141759-0017,libri_1701,16000,
data/external/LibriSpeech/dev-other/1701/141759/1701-141759-0018.flac,bonafide,0,librispeech,bonafide_libri_dev-other,libri_1701,1701-141759-0018,libri_1701,16000,
data/external/LibriSpeech/dev-other/1701/141759/1701-141759-0019.flac,bonafide,0,librispeech,bonafide_libri_dev-other,libri_1701,1701-141759-0019,libri_1701,16000,
data/external/LibriSpeech/dev-other/1701/141759/1701-141759-0020.flac,bonafide,0,librispeech,bonafide_libri_dev-other,libri_1701,1701-141759-0020,libri_1701,16000,
data/external/LibriSpeech/dev-other/1701/141759/1701-141759-0021.flac,bonafide,0,librispeech,bonafide_libri_dev-other,libri_1701,1701-141759-0021,libri_1701,16000,
data/external/LibriSpeech/dev-other/1701/141759/1701-141759-0022.flac,bonafide,0,librispeech,bonafide_libri_dev-other,libri_1701,1701-141759-0022,libri_1701,16000,
data/external/LibriSpeech/dev-other/1701/141759/1701-141759-0023.flac,bonafide,0,librispeech,bonafide_libri_dev-other,libri_1701,1701-141759-0023,libri_1701,16000,
data/external/LibriSpeech/dev-other/1701/141759/1701-141759-0024.flac,bonafide,0,librispeech,bonafide_libri_dev-other,libri_1701,1701-141759-0024,libri_1701,16000,
data/external/LibriSpeech/dev-other/1701/141759/1701-141759-0025.flac,bonafide,0,librispeech,bonafide_libri_dev-other,libri_1701,1701-141759-0025,libri_1701,16000,
data/external/LibriSpeech/dev-other/1701/141759/1701-141759-0026.flac,bonafide,0,librispeech,bonafide_libri_dev-other,libri_1701,1701-141759-0026,libri_1701,16000,
data/external/LibriSpeech/dev-other/1701/141759/1701-141759-0027.flac,bonafide,0,librispeech,bonafide_libri_dev-other,libri_1701,1701-141759-0027,libri_1701,16000,
data/external/LibriSpeech/dev-other/1701/141759/1701-141759-0028.flac,bonafide,0,librispeech,bonafide_libri_dev-other,libri_1701,1701-141759-0028,libri_1701,16000,
data/external/LibriSpeech/dev-other/1701/141759/1701-141759-0029.flac,bonafide,0,librispeech,bonafide_libri_dev-other,libri_1701,1701-141759-0029,libri_1701,16000,
data/external/LibriSpeech/dev-other/1701/141759/1701-141759-0030.flac,bonafide,0,librispeech,bonafide_libri_dev-other,libri_1701,1701-141759-0030,libri_1701,16000,
data/external/LibriSpeech/dev-other/1701/141759/1701-141759-0031.flac,bonafide,0,librispeech,bonafide_libri_dev-other,libri_1701,1701-141759-0031,libri_1701,16000,
data/external/LibriSpeech/dev-other/1701/141759/1701-141759-0032.flac,bonafide,0,librispeech,bonafide_libri_dev-other,libri_1701,1701-141759-0032,libri_1701,16000,
data/external/LibriSpeech/dev-other/1701/141759/1701-141759-0033.flac,bonafide,0,librispeech,bonafide_libri_dev-other,libri_1701,1701-141759-0033,libri_1701,16000,
data/external/LibriSpeech/dev-other/1701/141760/1701-141760-0000.flac,bonafide,0,librispeech,bonafide_libri_dev-other,libri_1701,1701-141760-0000,libri_1701,16000,
data/external/LibriSpeech/dev-other/1701/141760/1701-141760-0001.flac,bonafide,0,librispeech,bonafide_libri_dev-other,libri_1701,1701-141760-0001,libri_1701,16000,
data/external/LibriSpeech/dev-other/1701/141760/1701-141760-0002.flac,bonafide,0,librispeech,bonafide_libri_dev-other,libri_1701,1701-141760-0002,libri_1701,16000,
data/external/LibriSpeech/dev-other/1701/141760/1701-141760-0003.flac,bonafide,0,librispeech,bonafide_libri_dev-other,libri_1701,1701-141760-0003,libri_1701,16000,
data/external/LibriSpeech/dev-other/1701/141760/1701-141760-0004.flac,bonafide,0,librispeech,bonafide_libri_dev-other,libri_1701,1701-141760-0004,libri_1701,16000,
data/external/LibriSpeech/dev-other/1701/141760/1701-141760-0005.flac,bonafide,0,librispeech,bonafide_libri_dev-other,libri_1701,1701-141760-0005,libri_1701,16000,
data/external/LibriSpeech/dev-other/1701/141760/1701-141760-0006.flac,bonafide,0,librispeech,bonafide_libri_dev-other,libri_1701,1701-141760-0006,libri_1701,16000,
data/external/LibriSpeech/dev-other/1701/141760/1701-141760-0007.flac,bonafide,0,librispeech,bonafide_libri_dev-other,libri_1701,1701-141760-0007,libri_1701,16000,
data/external/LibriSpeech/dev-other/1701/141760/1701-141760-0008.flac,bonafide,0,librispeech,bonafide_libri_dev-other,libri_1701,1701-141760-0008,libri_1701,16000,
data/external/LibriSpeech/dev-other/1701/141760/1701-141760-0009.flac,bonafide,0,librispeech,bonafide_libri_dev-other,libri_1701,1701-141760-0009,libri_1701,16000,
data/external/LibriSpeech/dev-other/1701/141760/1701-141760-0010.flac,bonafide,0,librispeech,bonafide_libri_dev-other,libri_1701,1701-141760-0010,libri_1701,16000,
data/external/LibriSpeech/dev-other/1701/141760/1701-141760-0011.flac,bonafide,0,librispeech,bonafide_libri_dev-other,libri_1701,1701-141760-0011,libri_1701,16000,
data/external/LibriSpeech/dev-other/1701/141760/1701-141760-0012.flac,bonafide,0,librispeech,bonafide_libri_dev-other,libri_1701,1701-141760-0012,libri_1701,16000,
data/external/LibriSpeech/dev-other/1701/141760/1701-141760-0013.flac,bonafide,0,librispeech,bonafide_libri_dev-other,libri_1701,1701-141760-0013,libri_1701,16000,
data/external/LibriSpeech/dev-other/1701/141760/1701-141760-0014.flac,bonafide,0,librispeech,bonafide_libri_dev-other,libri_1701,1701-141760-0014,libri_1701,16000,
data/external/LibriSpeech/dev-other/1701/141760/1701-141760-0015.flac,bonafide,0,librispeech,bonafide_libri_dev-other,libri_1701,1701-141760-0015,libri_1701,16000,
data/external/LibriSpeech/dev-other/1701/141760/1701-141760-0016.flac,bonafide,0,librispeech,bonafide_libri_dev-other,libri_1701,1701-141760-0016,libri_1701,16000,
data/external/LibriSpeech/dev-other/1701/141760/1701-141760-0017.flac,bonafide,0,librispeech,bonafide_libri_dev-other,libri_1701,1701-141760-0017,libri_1701,16000,
data/external/LibriSpeech/dev-other/1701/141760/1701-141760-0018.flac,bonafide,0,librispeech,bonafide_libri_dev-other,libri_1701,1701-141760-0018,libri_1701,16000,
data/external/LibriSpeech/dev-other/1701/141760/1701-141760-0019.flac,bonafide,0,librispeech,bonafide_libri_dev-other,libri_1701,1701-141760-0019,libri_1701,16000,
data/external/LibriSpeech/dev-other/1701/141760/1701-141760-0020.flac,bonafide,0,librispeech,bonafide_libri_dev-other,libri_1701,1701-141760-0020,libri_1701,16000,
data/external/LibriSpeech/dev-other/1701/141760/1701-141760-0021.flac,bonafide,0,librispeech,bonafide_libri_dev-other,libri_1701,1701-141760-0021,libri_1701,16000,
data/external/LibriSpeech/dev-other/1701/141760/1701-141760-0022.flac,bonafide,0,librispeech,bonafide_libri_dev-other,libri_1701,1701-141760-0022,libri_1701,16000,
data/external/LibriSpeech/dev-other/1701/141760/1701-141760-0023.flac,bonafide,0,librispeech,bonafide_libri_dev-other,libri_1701,1701-141760-0023,libri_1701,16000,
data/external/LibriSpeech/dev-other/1701/141760/1701-141760-0024.flac,bonafide,0,librispeech,bonafide_libri_dev-other,libri_1701,1701-141760-0024,libri_1701,16000,
data/external/LibriSpeech/dev-other/1701/141760/1701-141760-0025.flac,bonafide,0,librispeech,bonafide_libri_dev-other,libri_1701,1701-141760-0025,libri_1701,16000,
data/external/LibriSpeech/dev-other/1701/141760/1701-141760-0026.flac,bonafide,0,librispeech,bonafide_libri_dev-other,libri_1701,1701-141760-0026,libri_1701,16000,
data/external/LibriSpeech/dev-other/1701/141760/1701-141760-0027.flac,bonafide,0,librispeech,bonafide_libri_dev-other,libri_1701,1701-141760-0027,libri_1701,16000,
data/external/LibriSpeech/dev-other/1701/141760/1701-141760-0028.flac,bonafide,0,librispeech,bonafide_libri_dev-other,libri_1701,1701-141760-0028,libri_1701,16000,
data/external/LibriSpeech/dev-other/1701/141760/1701-141760-0029.flac,bonafide,0,librispeech,bonafide_libri_dev-other,libri_1701,1701-141760-0029,libri_1701,16000,
data/external/LibriSpeech/dev-other/1701/141760/1701-141760-0030.flac,bonafide,0,librispeech,bonafide_libri_dev-other,libri_1701,1701-141760-0030,libri_1701,16000,
data/external/LibriSpeech/dev-other/1701/141760/1701-141760-0031.flac,bonafide,0,librispeech,bonafide_libri_dev-other,libri_1701,1701-141760-0031,libri_1701,16000,
data/external/LibriSpeech/dev-other/1701/141760/1701-141760-0032.flac,bonafide,0,librispeech,bonafide_libri_dev-other,libri_1701,1701-141760-0032,libri_1701,16000,
data/external/LibriSpeech/dev-other/1701/141760/1701-141760-0033.flac,bonafide,0,librispeech,bonafide_libri_dev-other,libri_1701,1701-141760-0033,libri_1701,16000,
data/external/LibriSpeech/dev-other/1701/141760/1701-141760-0034.flac,bonafide,0,librispeech,bonafide_libri_dev-other,libri_1701,1701-141760-0034,libri_1701,16000,
data/external/LibriSpeech/dev-other/1701/141760/1701-141760-0035.flac,bonafide,0,librispeech,bonafide_libri_dev-other,libri_1701,1701-141760-0035,libri_1701,16000,
data/external/LibriSpeech/dev-other/1701/141760/1701-141760-0036.flac,bonafide,0,librispeech,bonafide_libri_dev-other,libri_1701,1701-141760-0036,libri_1701,16000,
data/external/LibriSpeech/dev-other/1701/141760/1701-141760-0037.flac,bonafide,0,librispeech,bonafide_libri_dev-other,libri_1701,1701-141760-0037,libri_1701,16000,
data/external/LibriSpeech/dev-other/1701/141760/1701-141760-0038.flac,bonafide,0,librispeech,bonafide_libri_dev-other,libri_1701,1701-141760-0038,libri_1701,16000,
data/external/LibriSpeech/dev-other/1701/141760/1701-141760-0039.flac,bonafide,0,librispeech,bonafide_libri_dev-other,libri_1701,1701-141760-0039,libri_1701,16000,
data/external/LibriSpeech/dev-other/1701/141760/1701-141760-0040.flac,bonafide,0,librispeech,bonafide_libri_dev-other,libri_1701,1701-141760-0040,libri_1701,16000,
data/external/LibriSpeech/dev-other/1701/141760/1701-141760-0041.flac,bonafide,0,librispeech,bonafide_libri_dev-other,libri_1701,1701-141760-0041,libri_1701,16000,
data/external/LibriSpeech/dev-other/1701/141760/1701-141760-0042.flac,bonafide,0,librispeech,bonafide_libri_dev-other,libri_1701,1701-141760-0042,libri_1701,16000,
data/external/LibriSpeech/dev-other/1701/141760/1701-141760-0043.flac,bonafide,0,librispeech,bonafide_libri_dev-other,libri_1701,1701-141760-0043,libri_1701,16000,
data/external/LibriSpeech/dev-other/1701/141760/1701-141760-0044.flac,bonafide,0,librispeech,bonafide_libri_dev-other,libri_1701,1701-141760-0044,libri_1701,16000,
data/external/LibriSpeech/dev-other/1701/141760/1701-141760-0045.flac,bonafide,0,librispeech,bonafide_libri_dev-other,libri_1701,1701-141760-0045,libri_1701,16000,
data/external/LibriSpeech/dev-other/1701/141760/1701-141760-0046.flac,bonafide,0,librispeech,bonafide_libri_dev-other,libri_1701,1701-141760-0046,libri_1701,16000,
data/external/LibriSpeech/dev-other/1701/141760/1701-141760-0047.flac,bonafide,0,librispeech,bonafide_libri_dev-other,libri_1701,1701-141760-0047,libri_1701,16000,
data/external/LibriSpeech/dev-other/1701/141760/1701-141760-0048.flac,bonafide,0,librispeech,bonafide_libri_dev-other,libri_1701,1701-141760-0048,libri_1701,16000,
data/external/LibriSpeech/dev-other/1701/141760/1701-141760-0049.flac,bonafide,0,librispeech,bonafide_libri_dev-other,libri_1701,1701-141760-0049,libri_1701,16000,
data/external/LibriSpeech/dev-other/1701/141760/1701-141760-0050.flac,bonafide,0,librispeech,bonafide_libri_dev-other,libri_1701,1701-141760-0050,libri_1701,16000,
data/external/LibriSpeech/dev-other/1701/141760/1701-141760-0051.flac,bonafide,0,librispeech,bonafide_libri_dev-other,libri_1701,1701-141760-0051,libri_1701,16000,
data/external/LibriSpeech/dev-other/1701/141760/1701-141760-0052.flac,bonafide,0,librispeech,bonafide_libri_dev-other,libri_1701,1701-141760-0052,libri_1701,16000,
data/external/LibriSpeech/dev-other/1701/141760/1701-141760-0053.flac,bonafide,0,librispeech,bonafide_libri_dev-other,libri_1701,1701-141760-0053,libri_1701,16000,
data/external/LibriSpeech/dev-other/2506/11267/2506-11267-0000.flac,bonafide,0,librispeech,bonafide_libri_dev-other,libri_2506,2506-11267-0000,libri_2506,16000,
data/external/LibriSpeech/dev-other/2506/11267/2506-11267-0001.flac,bonafide,0,librispeech,bonafide_libri_dev-other,libri_2506,2506-11267-0001,libri_2506,16000,
data/external/LibriSpeech/dev-other/2506/11267/2506-11267-0002.flac,bonafide,0,librispeech,bonafide_libri_dev-other,libri_2506,2506-11267-0002,libri_2506,16000,
data/external/LibriSpeech/dev-other/2506/11267/2506-11267-0003.flac,bonafide,0,librispeech,bonafide_libri_dev-other,libri_2506,2506-11267-0003,libri_2506,16000,
data/external/LibriSpeech/dev-other/2506/11267/2506-11267-0004.flac,bonafide,0,librispeech,bonafide_libri_dev-other,libri_2506,2506-11267-0004,libri_2506,16000,
data/external/LibriSpeech/dev-other/2506/11267/2506-11267-0005.flac,bonafide,0,librispeech,bonafide_libri_dev-other,libri_2506,2506-11267-0005,libri_2506,16000,
data/external/LibriSpeech/dev-other/2506/11267/2506-11267-0006.flac,bonafide,0,librispeech,bonafide_libri_dev-other,libri_2506,2506-11267-0006,libri_2506,16000,
data/external/LibriSpeech/dev-other/2506/11267/2506-11267-0007.flac,bonafide,0,librispeech,bonafide_libri_dev-other,libri_2506,2506-11267-0007,libri_2506,16000,
data/external/LibriSpeech/dev-other/2506/11267/2506-11267-0008.flac,bonafide,0,librispeech,bonafide_libri_dev-other,libri_2506,2506-11267-0008,libri_2506,16000,
data/external/LibriSpeech/dev-other/2506/11267/2506-11267-0009.flac,bonafide,0,librispeech,bonafide_libri_dev-other,libri_2506,2506-11267-0009,libri_2506,16000,
data/external/LibriSpeech/dev-other/2506/11267/2506-11267-0010.flac,bonafide,0,librispeech,bonafide_libri_dev-other,libri_2506,2506-11267-0010,libri_2506,16000,
data/external/LibriSpeech/dev-other/2506/11267/2506-11267-0011.flac,bonafide,0,librispeech,bonafide_libri_dev-other,libri_2506,2506-11267-0011,libri_2506,16000,
data/external/LibriSpeech/dev-other/2506/11267/2506-11267-0012.flac,bonafide,0,librispeech,bonafide_libri_dev-other,libri_2506,2506-11267-0012,libri_2506,16000,
data/external/LibriSpeech/dev-other/2506/11267/2506-11267-0013.flac,bonafide,0,librispeech,bonafide_libri_dev-other,libri_2506,2506-11267-0013,libri_2506,16000,
data/external/LibriSpeech/dev-other/2506/11267/2506-11267-0014.flac,bonafide,0,librispeech,bonafide_libri_dev-other,libri_2506,2506-11267-0014,libri_2506,16000,
data/external/LibriSpeech/dev-other/2506/11267/2506-11267-0015.flac,bonafide,0,librispeech,bonafide_libri_dev-other,libri_2506,2506-11267-0015,libri_2506,16000,
data/external/LibriSpeech/dev-other/2506/11267/2506-11267-0016.flac,bonafide,0,librispeech,bonafide_libri_dev-other,libri_2506,2506-11267-0016,libri_2506,16000,
data/external/LibriSpeech/dev-other/2506/11267/2506-11267-0017.flac,bonafide,0,librispeech,bonafide_libri_dev-other,libri_2506,2506-11267-0017,libri_2506,16000,
data/external/LibriSpeech/dev-other/2506/11267/2506-11267-0018.flac,bonafide,0,librispeech,bonafide_libri_dev-other,libri_2506,2506-11267-0018,libri_2506,16000,
data/external/LibriSpeech/dev-other/2506/11278/2506-11278-0000.flac,bonafide,0,librispeech,bonafide_libri_dev-other,libri_2506,2506-11278-0000,libri_2506,16000,
data/external/LibriSpeech/dev-other/2506/11278/2506-11278-0001.flac,bonafide,0,librispeech,bonafide_libri_dev-other,libri_2506,2506-11278-0001,libri_2506,16000,
data/external/LibriSpeech/dev-other/2506/11278/2506-11278-0002.flac,bonafide,0,librispeech,bonafide_libri_dev-other,libri_2506,2506-11278-0002,libri_2506,16000,
data/external/LibriSpeech/dev-other/2506/11278/2506-11278-0003.flac,bonafide,0,librispeech,bonafide_libri_dev-other,libri_2506,2506-11278-0003,libri_2506,16000,
data/external/LibriSpeech/dev-other/2506/11278/2506-11278-0004.flac,bonafide,0,librispeech,bonafide_libri_dev-other,libri_2506,2506-11278-0004,libri_2506,16000,
data/external/LibriSpeech/dev-other/2506/11278/2506-11278-0005.flac,bonafide,0,librispeech,bonafide_libri_dev-other,libri_2506,2506-11278-0005,libri_2506,16000,
data/external/LibriSpeech/dev-other/2506/11278/2506-11278-0006.flac,bonafide,0,librispeech,bonafide_libri_dev-other,libri_2506,2506-11278-0006,libri_2506,16000,
data/external/LibriSpeech/dev-other/2506/11278/2506-11278-0007.flac,bonafide,0,librispeech,bonafide_libri_dev-other,libri_2506,2506-11278-0007,libri_2506,16000,
data/external/LibriSpeech/dev-other/2506/11278/2506-11278-0008.flac,bonafide,0,librispeech,bonafide_libri_dev-other,libri_2506,2506-11278-0008,libri_2506,16000,
data/external/LibriSpeech/dev-other/2506/11278/2506-11278-0009.flac,bonafide,0,librispeech,bonafide_libri_dev-other,libri_2506,2506-11278-0009,libri_2506,16000,
data/external/LibriSpeech/dev-other/2506/11278/2506-11278-0010.flac,bonafide,0,librispeech,bonafide_libri_dev-other,libri_2506,2506-11278-0010,libri_2506,16000,
data/external/LibriSpeech/dev-other/2506/11278/2506-11278-0011.flac,bonafide,0,librispeech,bonafide_libri_dev-other,libri_2506,2506-11278-0011,libri_2506,16000,
data/external/LibriSpeech/dev-other/2506/11278/2506-11278-0012.flac,bonafide,0,librispeech,bonafide_libri_dev-other,libri_2506,2506-11278-0012,libri_2506,16000,
data/external/LibriSpeech/dev-other/2506/11278/2506-11278-0013.flac,bonafide,0,librispeech,bonafide_libri_dev-other,libri_2506,2506-11278-0013,libri_2506,16000,
data/external/LibriSpeech/dev-other/2506/11278/2506-11278-0014.flac,bonafide,0,librispeech,bonafide_libri_dev-other,libri_2506,2506-11278-0014,libri_2506,16000,
data/external/LibriSpeech/dev-other/2506/11278/2506-11278-0015.flac,bonafide,0,librispeech,bonafide_libri_dev-other,libri_2506,2506-11278-0015,libri_2506,16000,
data/external/LibriSpeech/dev-other/2506/11278/2506-11278-0016.flac,bonafide,0,librispeech,bonafide_libri_dev-other,libri_2506,2506-11278-0016,libri_2506,16000,
data/external/LibriSpeech/dev-other/2506/11278/2506-11278-0017.flac,bonafide,0,librispeech,bonafide_libri_dev-other,libri_2506,2506-11278-0017,libri_2506,16000,
data/external/LibriSpeech/dev-other/2506/11278/2506-11278-0018.flac,bonafide,0,librispeech,bonafide_libri_dev-other,libri_2506,2506-11278-0018,libri_2506,16000,
data/external/LibriSpeech/dev-other/2506/11278/2506-11278-0019.flac,bonafide,0,librispeech,bonafide_libri_dev-other,libri_2506,2506-11278-0019,libri_2506,16000,
data/external/LibriSpeech/dev-other/2506/11278/2506-11278-0020.flac,bonafide,0,librispeech,bonafide_libri_dev-other,libri_2506,2506-11278-0020,libri_2506,16000,
data/external/LibriSpeech/dev-other/2506/11278/2506-11278-0021.flac,bonafide,0,librispeech,bonafide_libri_dev-other,libri_2506,2506-11278-0021,libri_2506,16000,
data/external/LibriSpeech/dev-other/2506/11278/2506-11278-0022.flac,bonafide,0,librispeech,bonafide_libri_dev-other,libri_2506,2506-11278-0022,libri_2506,16000,
data/external/LibriSpeech/dev-other/2506/11278/2506-11278-0023.flac,bonafide,0,librispeech,bonafide_libri_dev-other,libri_2506,2506-11278-0023,libri_2506,16000,
data/external/LibriSpeech/dev-other/2506/11278/2506-11278-0024.flac,bonafide,0,librispeech,bonafide_libri_dev-other,libri_2506,2506-11278-0024,libri_2506,16000,
data/external/LibriSpeech/dev-other/2506/11278/2506-11278-0025.flac,bonafide,0,librispeech,bonafide_libri_dev-other,libri_2506,2506-11278-0025,libri_2506,16000,
data/external/LibriSpeech/dev-other/2506/11278/2506-11278-0026.flac,bonafide,0,librispeech,bonafide_libri_dev-other,libri_2506,2506-11278-0026,libri_2506,16000,
data/external/LibriSpeech/dev-other/2506/11278/2506-11278-0027.flac,bonafide,0,librispeech,bonafide_libri_dev-other,libri_2506,2506-11278-0027,libri_2506,16000,
data/external/LibriSpeech/dev-other/2506/11278/2506-11278-0028.flac,bonafide,0,librispeech,bonafide_libri_dev-other,libri_2506,2506-11278-0028,libri_2506,16000,
data/external/LibriSpeech/dev-other/2506/11278/2506-11278-0029.flac,bonafide,0,librispeech,bonafide_libri_dev-other,libri_2506,2506-11278-0029,libri_2506,16000,
data/external/LibriSpeech/dev-other/2506/11278/2506-11278-0030.flac,bonafide,0,librispeech,bonafide_libri_dev-other,libri_2506,2506-11278-0030,libri_2506,16000,
data/external/LibriSpeech/dev-other/2506/11278/2506-11278-0031.flac,bonafide,0,librispeech,bonafide_libri_dev-other,libri_2506,2506-11278-0031,libri_2506,16000,
data/external/LibriSpeech/dev-other/2506/11278/2506-11278-0032.flac,bonafide,0,librispeech,bonafide_libri_dev-other,libri_2506,2506-11278-0032,libri_2506,16000,
data/external/LibriSpeech/dev-other/2506/11278/2506-11278-0033.flac,bonafide,0,librispeech,bonafide_libri_dev-other,libri_2506,2506-11278-0033,libri_2506,16000,
data/external/LibriSpeech/dev-other/2506/11278/2506-11278-0034.flac,bonafide,0,librispeech,bonafide_libri_dev-other,libri_2506,2506-11278-0034,libri_2506,16000,
data/external/LibriSpeech/dev-other/2506/11278/2506-11278-0035.flac,bonafide,0,librispeech,bonafide_libri_dev-other,libri_2506,2506-11278-0035,libri_2506,16000,
data/external/LibriSpeech/dev-other/2506/13150/2506-13150-0000.flac,bonafide,0,librispeech,bonafide_libri_dev-other,libri_2506,2506-13150-0000,libri_2506,16000,
data/external/LibriSpeech/dev-other/2506/13150/2506-13150-0001.flac,bonafide,0,librispeech,bonafide_libri_dev-other,libri_2506,2506-13150-0001,libri_2506,16000,
data/external/LibriSpeech/dev-other/2506/13150/2506-13150-0002.flac,bonafide,0,librispeech,bonafide_libri_dev-other,libri_2506,2506-13150-0002,libri_2506,16000,
data/external/LibriSpeech/dev-other/2506/13150/2506-13150-0003.flac,bonafide,0,librispeech,bonafide_libri_dev-other,libri_2506,2506-13150-0003,libri_2506,16000,
data/external/LibriSpeech/dev-other/2506/13150/2506-13150-0004.flac,bonafide,0,librispeech,bonafide_libri_dev-other,libri_2506,2506-13150-0004,libri_2506,16000,
data/external/LibriSpeech/dev-other/2506/13150/2506-13150-0005.flac,bonafide,0,librispeech,bonafide_libri_dev-other,libri_2506,2506-13150-0005,libri_2506,16000,
data/external/LibriSpeech/dev-other/2506/13150/2506-13150-0006.flac,bonafide,0,librispeech,bonafide_libri_dev-other,libri_2506,2506-13150-0006,libri_2506,16000,
data/external/LibriSpeech/dev-other/2506/13150/2506-13150-0007.flac,bonafide,0,librispeech,bonafide_libri_dev-other,libri_2506,2506-13150-0007,libri_2506,16000,
data/external/LibriSpeech/dev-other/2506/13150/2506-13150-0008.flac,bonafide,0,librispeech,bonafide_libri_dev-other,libri_2506,2506-13150-0008,libri_2506,16000,
data/external/LibriSpeech/dev-other/2506/13150/2506-13150-0009.flac,bonafide,0,librispeech,bonafide_libri_dev-other,libri_2506,2506-13150-0009,libri_2506,16000,
data/external/LibriSpeech/dev-other/2506/169427/2506-169427-0000.flac,bonafide,0,librispeech,bonafide_libri_dev-other,libri_2506,2506-169427-0000,libri_2506,16000,
data/external/LibriSpeech/dev-other/2506/169427/2506-169427-0001.flac,bonafide,0,librispeech,bonafide_libri_dev-other,libri_2506,2506-169427-0001,libri_2506,16000,
data/external/LibriSpeech/dev-other/2506/169427/2506-169427-0002.flac,bonafide,0,librispeech,bonafide_libri_dev-other,libri_2506,2506-169427-0002,libri_2506,16000,
data/external/LibriSpeech/dev-other/2506/169427/2506-169427-0003.flac,bonafide,0,librispeech,bonafide_libri_dev-other,libri_2506,2506-169427-0003,libri_2506,16000,
data/external/LibriSpeech/dev-other/2506/169427/2506-169427-0004.flac,bonafide,0,librispeech,bonafide_libri_dev-other,libri_2506,2506-169427-0004,libri_2506,16000,
data/external/LibriSpeech/dev-other/2506/169427/2506-169427-0005.flac,bonafide,0,librispeech,bonafide_libri_dev-other,libri_2506,2506-169427-0005,libri_2506,16000,
data/external/LibriSpeech/dev-other/2506/169427/2506-169427-0006.flac,bonafide,0,librispeech,bonafide_libri_dev-other,libri_2506,2506-169427-0006,libri_2506,16000,
data/external/LibriSpeech/dev-other/3660/172182/3660-172182-0000.flac,bonafide,0,librispeech,bonafide_libri_dev-other,libri_3660,3660-172182-0000,libri_3660,16000,
data/external/LibriSpeech/dev-other/3660/172182/3660-172182-0001.flac,bonafide,0,librispeech,bonafide_libri_dev-other,libri_3660,3660-172182-0001,libri_3660,16000,
data/external/LibriSpeech/dev-other/3660/172182/3660-172182-0002.flac,bonafide,0,librispeech,bonafide_libri_dev-other,libri_3660,3660-172182-0002,libri_3660,16000,
data/external/LibriSpeech/dev-other/3660/172182/3660-172182-0003.flac,bonafide,0,librispeech,bonafide_libri_dev-other,libri_3660,3660-172182-0003,libri_3660,16000,
data/external/LibriSpeech/dev-other/3660/172182/3660-172182-0004.flac,bonafide,0,librispeech,bonafide_libri_dev-other,libri_3660,3660-172182-0004,libri_3660,16000,
data/external/LibriSpeech/dev-other/3660/172182/3660-172182-0005.flac,bonafide,0,librispeech,bonafide_libri_dev-other,libri_3660,3660-172182-0005,libri_3660,16000,
data/external/LibriSpeech/dev-other/3660/172182/3660-172182-0006.flac,bonafide,0,librispeech,bonafide_libri_dev-other,libri_3660,3660-172182-0006,libri_3660,16000,
data/external/LibriSpeech/dev-other/3660/172182/3660-172182-0007.flac,bonafide,0,librispeech,bonafide_libri_dev-other,libri_3660,3660-172182-0007,libri_3660,16000,
data/external/LibriSpeech/dev-other/3660/172182/3660-172182-0008.flac,bonafide,0,librispeech,bonafide_libri_dev-other,libri_3660,3660-172182-0008,libri_3660,16000,
data/external/LibriSpeech/dev-other/3660/172182/3660-172182-0009.flac,bonafide,0,librispeech,bonafide_libri_dev-other,libri_3660,3660-172182-0009,libri_3660,16000,
data/external/LibriSpeech/dev-other/3660/172182/3660-172182-0010.flac,bonafide,0,librispeech,bonafide_libri_dev-other,libri_3660,3660-172182-0010,libri_3660,16000,
data/external/LibriSpeech/dev-other/3660/172182/3660-172182-0011.flac,bonafide,0,librispeech,bonafide_libri_dev-other,libri_3660,3660-172182-0011,libri_3660,16000,
data/external/LibriSpeech/dev-other/3660/172182/3660-172182-0012.flac,bonafide,0,librispeech,bonafide_libri_dev-other,libri_3660,3660-172182-0012,libri_3660,16000,
data/external/LibriSpeech/dev-other/3660/172182/3660-172182-0013.flac,bonafide,0,librispeech,bonafide_libri_dev-other,libri_3660,3660-172182-0013,libri_3660,16000,
data/external/LibriSpeech/dev-other/3660/172182/3660-172182-0014.flac,bonafide,0,librispeech,bonafide_libri_dev-other,libri_3660,3660-172182-0014,libri_3660,16000,
data/external/LibriSpeech/dev-other/3660/172182/3660-172182-0015.flac,bonafide,0,librispeech,bonafide_libri_dev-other,libri_3660,3660-172182-0015,libri_3660,16000,
data/external/LibriSpeech/dev-other/3660/172182/3660-172182-0016.flac,bonafide,0,librispeech,bonafide_libri_dev-other,libri_3660,3660-172182-0016,libri_3660,16000,
data/external/LibriSpeech/dev-other/3660/172182/3660-172182-0017.flac,bonafide,0,librispeech,bonafide_libri_dev-other,libri_3660,3660-172182-0017,libri_3660,16000,
data/external/LibriSpeech/dev-other/3660/172182/3660-172182-0018.flac,bonafide,0,librispeech,bonafide_libri_dev-other,libri_3660,3660-172182-0018,libri_3660,16000,
data/external/LibriSpeech/dev-other/3660/172182/3660-172182-0019.flac,bonafide,0,librispeech,bonafide_libri_dev-other,libri_3660,3660-172182-0019,libri_3660,16000,
data/external/LibriSpeech/dev-other/3660/172182/3660-172182-0020.flac,bonafide,0,librispeech,bonafide_libri_dev-other,libri_3660,3660-172182-0020,libri_3660,16000,
data/external/LibriSpeech/dev-other/3660/172182/3660-172182-0021.flac,bonafide,0,librispeech,bonafide_libri_dev-other,libri_3660,3660-172182-0021,libri_3660,16000,
data/external/LibriSpeech/dev-other/3660/172182/3660-172182-0022.flac,bonafide,0,librispeech,bonafide_libri_dev-other,libri_3660,3660-172182-0022,libri_3660,16000,
data/external/LibriSpeech/dev-other/3660/172182/3660-172182-0023.flac,bonafide,0,librispeech,bonafide_libri_dev-other,libri_3660,3660-172182-0023,libri_3660,16000,
data/external/LibriSpeech/dev-other/3660/172182/3660-172182-0024.flac,bonafide,0,librispeech,bonafide_libri_dev-other,libri_3660,3660-172182-0024,libri_3660,16000,
data/external/LibriSpeech/dev-other/3660/172182/3660-172182-0025.flac,bonafide,0,librispeech,bonafide_libri_dev-other,libri_3660,3660-172182-0025,libri_3660,16000,
data/external/LibriSpeech/dev-other/3660/172182/3660-172182-0026.flac,bonafide,0,librispeech,bonafide_libri_dev-other,libri_3660,3660-172182-0026,libri_3660,16000,
data/external/LibriSpeech/dev-other/3660/172182/3660-172182-0027.flac,bonafide,0,librispeech,bonafide_libri_dev-other,libri_3660,3660-172182-0027,libri_3660,16000,
data/external/LibriSpeech/dev-other/3660/172182/3660-172182-0028.flac,bonafide,0,librispeech,bonafide_libri_dev-other,libri_3660,3660-172182-0028,libri_3660,16000,
data/external/LibriSpeech/dev-other/3660/172182/3660-172182-0029.flac,bonafide,0,librispeech,bonafide_libri_dev-other,libri_3660,3660-172182-0029,libri_3660,16000,
data/external/LibriSpeech/dev-other/3660/172182/3660-172182-0030.flac,bonafide,0,librispeech,bonafide_libri_dev-other,libri_3660,3660-172182-0030,libri_3660,16000,
data/external/LibriSpeech/dev-other/3660/172182/3660-172182-0031.flac,bonafide,0,librispeech,bonafide_libri_dev-other,libri_3660,3660-172182-0031,libri_3660,16000,
data/external/LibriSpeech/dev-other/3660/172182/3660-172182-0032.flac,bonafide,0,librispeech,bonafide_libri_dev-other,libri_3660,3660-172182-0032,libri_3660,16000,
data/external/LibriSpeech/dev-other/3660/172182/3660-172182-0033.flac,bonafide,0,librispeech,bonafide_libri_dev-other,libri_3660,3660-172182-0033,libri_3660,16000,
data/external/LibriSpeech/dev-other/3660/172182/3660-172182-0034.flac,bonafide,0,librispeech,bonafide_libri_dev-other,libri_3660,3660-172182-0034,libri_3660,16000,
data/external/LibriSpeech/dev-other/3660/172182/3660-172182-0035.flac,bonafide,0,librispeech,bonafide_libri_dev-other,libri_3660,3660-172182-0035,libri_3660,16000,
data/external/LibriSpeech/dev-other/3660/172182/3660-172182-0036.flac,bonafide,0,librispeech,bonafide_libri_dev-other,libri_3660,3660-172182-0036,libri_3660,16000,
data/external/LibriSpeech/dev-other/3660/172182/3660-172182-0037.flac,bonafide,0,librispeech,bonafide_libri_dev-other,libri_3660,3660-172182-0037,libri_3660,16000,
data/external/LibriSpeech/dev-other/3660/172182/3660-172182-0038.flac,bonafide,0,librispeech,bonafide_libri_dev-other,libri_3660,3660-172182-0038,libri_3660,16000,
data/external/LibriSpeech/dev-other/3660/172182/3660-172182-0039.flac,bonafide,0,librispeech,bonafide_libri_dev-other,libri_3660,3660-172182-0039,libri_3660,16000,
data/external/LibriSpeech/dev-other/3660/172182/3660-172182-0040.flac,bonafide,0,librispeech,bonafide_libri_dev-other,libri_3660,3660-172182-0040,libri_3660,16000,
data/external/LibriSpeech/dev-other/3660/172183/3660-172183-0000.flac,bonafide,0,librispeech,bonafide_libri_dev-other,libri_3660,3660-172183-0000,libri_3660,16000,
data/external/LibriSpeech/dev-other/3660/172183/3660-172183-0001.flac,bonafide,0,librispeech,bonafide_libri_dev-other,libri_3660,3660-172183-0001,libri_3660,16000,
data/external/LibriSpeech/dev-other/3660/172183/3660-172183-0002.flac,bonafide,0,librispeech,bonafide_libri_dev-other,libri_3660,3660-172183-0002,libri_3660,16000,
data/external/LibriSpeech/dev-other/3660/172183/3660-172183-0003.flac,bonafide,0,librispeech,bonafide_libri_dev-other,libri_3660,3660-172183-0003,libri_3660,16000,
data/external/LibriSpeech/dev-other/3660/172183/3660-172183-0004.flac,bonafide,0,librispeech,bonafide_libri_dev-other,libri_3660,3660-172183-0004,libri_3660,16000,
data/external/LibriSpeech/dev-other/3660/172183/3660-172183-0005.flac,bonafide,0,librispeech,bonafide_libri_dev-other,libri_3660,3660-172183-0005,libri_3660,16000,
data/external/LibriSpeech/dev-other/3660/172183/3660-172183-0006.flac,bonafide,0,librispeech,bonafide_libri_dev-other,libri_3660,3660-172183-0006,libri_3660,16000,
data/external/LibriSpeech/dev-other/3660/172183/3660-172183-0007.flac,bonafide,0,librispeech,bonafide_libri_dev-other,libri_3660,3660-172183-0007,libri_3660,16000,
data/external/LibriSpeech/dev-other/3660/172183/3660-172183-0008.flac,bonafide,0,librispeech,bonafide_libri_dev-other,libri_3660,3660-172183-0008,libri_3660,16000,
data/external/LibriSpeech/dev-other/3660/172183/3660-172183-0009.flac,bonafide,0,librispeech,bonafide_libri_dev-other,libri_3660,3660-172183-0009,libri_3660,16000,
data/external/LibriSpeech/dev-other/3660/172183/3660-172183-0010.flac,bonafide,0,librispeech,bonafide_libri_dev-other,libri_3660,3660-172183-0010,libri_3660,16000,
data/external/LibriSpeech/dev-other/3660/172183/3660-172183-0011.flac,bonafide,0,librispeech,bonafide_libri_dev-other,libri_3660,3660-172183-0011,libri_3660,16000,
data/external/LibriSpeech/dev-other/3660/172183/3660-172183-0012.flac,bonafide,0,librispeech,bonafide_libri_dev-other,libri_3660,3660-172183-0012,libri_3660,16000,
data/external/LibriSpeech/dev-other/3660/172183/3660-172183-0013.flac,bonafide,0,librispeech,bonafide_libri_dev-other,libri_3660,3660-172183-0013,libri_3660,16000,
data/external/LibriSpeech/dev-other/3660/172183/3660-172183-0014.flac,bonafide,0,librispeech,bonafide_libri_dev-other,libri_3660,3660-172183-0014,libri_3660,16000,
data/external/LibriSpeech/dev-other/3660/172183/3660-172183-0015.flac,bonafide,0,librispeech,bonafide_libri_dev-other,libri_3660,3660-172183-0015,libri_3660,16000,
data/external/LibriSpeech/dev-other/3660/172183/3660-172183-0016.flac,bonafide,0,librispeech,bonafide_libri_dev-other,libri_3660,3660-172183-0016,libri_3660,16000,
data/external/LibriSpeech/dev-other/3660/172183/3660-172183-0017.flac,bonafide,0,librispeech,bonafide_libri_dev-other,libri_3660,3660-172183-0017,libri_3660,16000,
data/external/LibriSpeech/dev-other/3660/172183/3660-172183-0018.flac,bonafide,0,librispeech,bonafide_libri_dev-other,libri_3660,3660-172183-0018,libri_3660,16000,
data/external/LibriSpeech/dev-other/3660/172183/3660-172183-0019.flac,bonafide,0,librispeech,bonafide_libri_dev-other,libri_3660,3660-172183-0019,libri_3660,16000,
data/external/LibriSpeech/dev-other/3660/172183/3660-172183-0020.flac,bonafide,0,librispeech,bonafide_libri_dev-other,libri_3660,3660-172183-0020,libri_3660,16000,
data/external/LibriSpeech/dev-other/3660/172183/3660-172183-0021.flac,bonafide,0,librispeech,bonafide_libri_dev-other,libri_3660,3660-172183-0021,libri_3660,16000,
data/external/LibriSpeech/dev-other/3660/172183/3660-172183-0022.flac,bonafide,0,librispeech,bonafide_libri_dev-other,libri_3660,3660-172183-0022,libri_3660,16000,
data/external/LibriSpeech/dev-other/3660/172183/3660-172183-0023.flac,bonafide,0,librispeech,bonafide_libri_dev-other,libri_3660,3660-172183-0023,libri_3660,16000,
data/external/LibriSpeech/dev-other/3660/172183/3660-172183-0024.flac,bonafide,0,librispeech,bonafide_libri_dev-other,libri_3660,3660-172183-0024,libri_3660,16000,
data/external/LibriSpeech/dev-other/3660/172183/3660-172183-0025.flac,bonafide,0,librispeech,bonafide_libri_dev-other,libri_3660,3660-172183-0025,libri_3660,16000,
data/external/LibriSpeech/dev-other/3660/172183/3660-172183-0026.flac,bonafide,0,librispeech,bonafide_libri_dev-other,libri_3660,3660-172183-0026,libri_3660,16000,
data/external/LibriSpeech/dev-other/3660/6517/3660-6517-0000.flac,bonafide,0,librispeech,bonafide_libri_dev-other,libri_3660,3660-6517-0000,libri_3660,16000,
data/external/LibriSpeech/dev-other/3660/6517/3660-6517-0001.flac,bonafide,0,librispeech,bonafide_libri_dev-other,libri_3660,3660-6517-0001,libri_3660,16000,
data/external/LibriSpeech/dev-other/3660/6517/3660-6517-0002.flac,bonafide,0,librispeech,bonafide_libri_dev-other,libri_3660,3660-6517-0002,libri_3660,16000,
data/external/LibriSpeech/dev-other/3660/6517/3660-6517-0003.flac,bonafide,0,librispeech,bonafide_libri_dev-other,libri_3660,3660-6517-0003,libri_3660,16000,
data/external/LibriSpeech/dev-other/3660/6517/3660-6517-0004.flac,bonafide,0,librispeech,bonafide_libri_dev-other,libri_3660,3660-6517-0004,libri_3660,16000,
data/external/LibriSpeech/dev-other/3660/6517/3660-6517-0005.flac,bonafide,0,librispeech,bonafide_libri_dev-other,libri_3660,3660-6517-0005,libri_3660,16000,
data/external/LibriSpeech/dev-other/3660/6517/3660-6517-0006.flac,bonafide,0,librispeech,bonafide_libri_dev-other,libri_3660,3660-6517-0006,libri_3660,16000,
data/external/LibriSpeech/dev-other/3660/6517/3660-6517-0007.flac,bonafide,0,librispeech,bonafide_libri_dev-other,libri_3660,3660-6517-0007,libri_3660,16000,
data/external/LibriSpeech/dev-other/3660/6517/3660-6517-0008.flac,bonafide,0,librispeech,bonafide_libri_dev-other,libri_3660,3660-6517-0008,libri_3660,16000,
data/external/LibriSpeech/dev-other/3660/6517/3660-6517-0009.flac,bonafide,0,librispeech,bonafide_libri_dev-other,libri_3660,3660-6517-0009,libri_3660,16000,
data/external/LibriSpeech/dev-other/3660/6517/3660-6517-0010.flac,bonafide,0,librispeech,bonafide_libri_dev-other,libri_3660,3660-6517-0010,libri_3660,16000,
data/external/LibriSpeech/dev-other/3660/6517/3660-6517-0011.flac,bonafide,0,librispeech,bonafide_libri_dev-other,libri_3660,3660-6517-0011,libri_3660,16000,
data/external/LibriSpeech/dev-other/3660/6517/3660-6517-0012.flac,bonafide,0,librispeech,bonafide_libri_dev-other,libri_3660,3660-6517-0012,libri_3660,16000,
data/external/LibriSpeech/dev-other/3660/6517/3660-6517-0013.flac,bonafide,0,librispeech,bonafide_libri_dev-other,libri_3660,3660-6517-0013,libri_3660,16000,
data/external/LibriSpeech/dev-other/3660/6517/3660-6517-0014.flac,bonafide,0,librispeech,bonafide_libri_dev-other,libri_3660,3660-6517-0014,libri_3660,16000,
data/external/LibriSpeech/dev-other/3660/6517/3660-6517-0015.flac,bonafide,0,librispeech,bonafide_libri_dev-other,libri_3660,3660-6517-0015,libri_3660,16000,
data/external/LibriSpeech/dev-other/3660/6517/3660-6517-0016.flac,bonafide,0,librispeech,bonafide_libri_dev-other,libri_3660,3660-6517-0016,libri_3660,16000,
data/external/LibriSpeech/dev-other/3660/6517/3660-6517-0017.flac,bonafide,0,librispeech,bonafide_libri_dev-other,libri_3660,3660-6517-0017,libri_3660,16000,
data/external/LibriSpeech/dev-other/3660/6517/3660-6517-0018.flac,bonafide,0,librispeech,bonafide_libri_dev-other,libri_3660,3660-6517-0018,libri_3660,16000,
data/external/LibriSpeech/dev-other/3660/6517/3660-6517-0019.flac,bonafide,0,librispeech,bonafide_libri_dev-other,libri_3660,3660-6517-0019,libri_3660,16000,
data/external/LibriSpeech/dev-other/3660/6517/3660-6517-0020.flac,bonafide,0,librispeech,bonafide_libri_dev-other,libri_3660,3660-6517-0020,libri_3660,16000,
data/external/LibriSpeech/dev-other/3660/6517/3660-6517-0021.flac,bonafide,0,librispeech,bonafide_libri_dev-other,libri_3660,3660-6517-0021,libri_3660,16000,
data/external/LibriSpeech/dev-other/3660/6517/3660-6517-0022.flac,bonafide,0,librispeech,bonafide_libri_dev-other,libri_3660,3660-6517-0022,libri_3660,16000,
data/external/LibriSpeech/dev-other/3660/6517/3660-6517-0023.flac,bonafide,0,librispeech,bonafide_libri_dev-other,libri_3660,3660-6517-0023,libri_3660,16000,
data/external/LibriSpeech/dev-other/3660/6517/3660-6517-0024.flac,bonafide,0,librispeech,bonafide_libri_dev-other,libri_3660,3660-6517-0024,libri_3660,16000,
data/external/LibriSpeech/dev-other/3660/6517/3660-6517-0025.flac,bonafide,0,librispeech,bonafide_libri_dev-other,libri_3660,3660-6517-0025,libri_3660,16000,
data/external/LibriSpeech/dev-other/3660/6517/3660-6517-0026.flac,bonafide,0,librispeech,bonafide_libri_dev-other,libri_3660,3660-6517-0026,libri_3660,16000,
data/external/LibriSpeech/dev-other/3660/6517/3660-6517-0027.flac,bonafide,0,librispeech,bonafide_libri_dev-other,libri_3660,3660-6517-0027,libri_3660,16000,
data/external/LibriSpeech/dev-other/3660/6517/3660-6517-0028.flac,bonafide,0,librispeech,bonafide_libri_dev-other,libri_3660,3660-6517-0028,libri_3660,16000,
data/external/LibriSpeech/dev-other/3660/6517/3660-6517-0029.flac,bonafide,0,librispeech,bonafide_libri_dev-other,libri_3660,3660-6517-0029,libri_3660,16000,
data/external/LibriSpeech/dev-other/3660/6517/3660-6517-0030.flac,bonafide,0,librispeech,bonafide_libri_dev-other,libri_3660,3660-6517-0030,libri_3660,16000,
data/external/LibriSpeech/dev-other/3660/6517/3660-6517-0031.flac,bonafide,0,librispeech,bonafide_libri_dev-other,libri_3660,3660-6517-0031,libri_3660,16000,
data/external/LibriSpeech/dev-other/3660/6517/3660-6517-0032.flac,bonafide,0,librispeech,bonafide_libri_dev-other,libri_3660,3660-6517-0032,libri_3660,16000,
data/external/LibriSpeech/dev-other/3660/6517/3660-6517-0033.flac,bonafide,0,librispeech,bonafide_libri_dev-other,libri_3660,3660-6517-0033,libri_3660,16000,
data/external/LibriSpeech/dev-other/3660/6517/3660-6517-0034.flac,bonafide,0,librispeech,bonafide_libri_dev-other,libri_3660,3660-6517-0034,libri_3660,16000,
data/external/LibriSpeech/dev-other/3660/6517/3660-6517-0035.flac,bonafide,0,librispeech,bonafide_libri_dev-other,libri_3660,3660-6517-0035,libri_3660,16000,
data/external/LibriSpeech/dev-other/3663/172005/3663-172005-0000.flac,bonafide,0,librispeech,bonafide_libri_dev-other,libri_3663,3663-172005-0000,libri_3663,16000,
data/external/LibriSpeech/dev-other/3663/172005/3663-172005-0001.flac,bonafide,0,librispeech,bonafide_libri_dev-other,libri_3663,3663-172005-0001,libri_3663,16000,
data/external/LibriSpeech/dev-other/3663/172005/3663-172005-0002.flac,bonafide,0,librispeech,bonafide_libri_dev-other,libri_3663,3663-172005-0002,libri_3663,16000,
data/external/LibriSpeech/dev-other/3663/172005/3663-172005-0003.flac,bonafide,0,librispeech,bonafide_libri_dev-other,libri_3663,3663-172005-0003,libri_3663,16000,
data/external/LibriSpeech/dev-other/3663/172005/3663-172005-0004.flac,bonafide,0,librispeech,bonafide_libri_dev-other,libri_3663,3663-172005-0004,libri_3663,16000,
data/external/LibriSpeech/dev-other/3663/172005/3663-172005-0005.flac,bonafide,0,librispeech,bonafide_libri_dev-other,libri_3663,3663-172005-0005,libri_3663,16000,
data/external/LibriSpeech/dev-other/3663/172005/3663-172005-0006.flac,bonafide,0,librispeech,bonafide_libri_dev-other,libri_3663,3663-172005-0006,libri_3663,16000,
data/external/LibriSpeech/dev-other/3663/172005/3663-172005-0007.flac,bonafide,0,librispeech,bonafide_libri_dev-other,libri_3663,3663-172005-0007,libri_3663,16000,
data/external/LibriSpeech/dev-other/3663/172528/3663-172528-0000.flac,bonafide,0,librispeech,bonafide_libri_dev-other,libri_3663,3663-172528-0000,libri_3663,16000,
data/external/LibriSpeech/dev-other/3663/172528/3663-172528-0001.flac,bonafide,0,librispeech,bonafide_libri_dev-other,libri_3663,3663-172528-0001,libri_3663,16000,
data/external/LibriSpeech/dev-other/3663/172528/3663-172528-0002.flac,bonafide,0,librispeech,bonafide_libri_dev-other,libri_3663,3663-172528-0002,libri_3663,16000,
data/external/LibriSpeech/dev-other/3663/172528/3663-172528-0003.flac,bonafide,0,librispeech,bonafide_libri_dev-other,libri_3663,3663-172528-0003,libri_3663,16000,
data/external/LibriSpeech/dev-other/3663/172528/3663-172528-0004.flac,bonafide,0,librispeech,bonafide_libri_dev-other,libri_3663,3663-172528-0004,libri_3663,16000,
data/external/LibriSpeech/dev-other/3663/172528/3663-172528-0005.flac,bonafide,0,librispeech,bonafide_libri_dev-other,libri_3663,3663-172528-0005,libri_3663,16000,
data/external/LibriSpeech/dev-other/3663/172528/3663-172528-0006.flac,bonafide,0,librispeech,bonafide_libri_dev-other,libri_3663,3663-172528-0006,libri_3663,16000,
data/external/LibriSpeech/dev-other/3663/172528/3663-172528-0007.flac,bonafide,0,librispeech,bonafide_libri_dev-other,libri_3663,3663-172528-0007,libri_3663,16000,
data/external/LibriSpeech/dev-other/3663/172528/3663-172528-0008.flac,bonafide,0,librispeech,bonafide_libri_dev-other,libri_3663,3663-172528-0008,libri_3663,16000,
data/external/LibriSpeech/dev-other/3663/172528/3663-172528-0009.flac,bonafide,0,librispeech,bonafide_libri_dev-other,libri_3663,3663-172528-0009,libri_3663,16000,
data/external/LibriSpeech/dev-other/3663/172528/3663-172528-0010.flac,bonafide,0,librispeech,bonafide_libri_dev-other,libri_3663,3663-172528-0010,libri_3663,16000,
data/external/LibriSpeech/dev-other/3663/172528/3663-172528-0011.flac,bonafide,0,librispeech,bonafide_libri_dev-other,libri_3663,3663-172528-0011,libri_3663,16000,
data/external/LibriSpeech/dev-other/3663/172528/3663-172528-0012.flac,bonafide,0,librispeech,bonafide_libri_dev-other,libri_3663,3663-172528-0012,libri_3663,16000,
data/external/LibriSpeech/dev-other/3663/172528/3663-172528-0013.flac,bonafide,0,librispeech,bonafide_libri_dev-other,libri_3663,3663-172528-0013,libri_3663,16000,
data/external/LibriSpeech/dev-other/3663/172528/3663-172528-0014.flac,bonafide,0,librispeech,bonafide_libri_dev-other,libri_3663,3663-172528-0014,libri_3663,16000,
data/external/LibriSpeech/dev-other/3663/172528/3663-172528-0015.flac,bonafide,0,librispeech,bonafide_libri_dev-other,libri_3663,3663-172528-0015,libri_3663,16000,
data/external/LibriSpeech/dev-other/3663/172528/3663-172528-0016.flac,bonafide,0,librispeech,bonafide_libri_dev-other,libri_3663,3663-172528-0016,libri_3663,16000,
data/external/LibriSpeech/dev-other/3663/172528/3663-172528-0017.flac,bonafide,0,librispeech,bonafide_libri_dev-other,libri_3663,3663-172528-0017,libri_3663,16000,
data/external/LibriSpeech/dev-other/3663/172528/3663-172528-0018.flac,bonafide,0,librispeech,bonafide_libri_dev-other,libri_3663,3663-172528-0018,libri_3663,16000,
data/external/LibriSpeech/dev-other/3663/172528/3663-172528-0019.flac,bonafide,0,librispeech,bonafide_libri_dev-other,libri_3663,3663-172528-0019,libri_3663,16000,
data/external/LibriSpeech/dev-other/3663/172528/3663-172528-0020.flac,bonafide,0,librispeech,bonafide_libri_dev-other,libri_3663,3663-172528-0020,libri_3663,16000,
data/external/LibriSpeech/dev-other/3663/172528/3663-172528-0021.flac,bonafide,0,librispeech,bonafide_libri_dev-other,libri_3663,3663-172528-0021,libri_3663,16000,
data/external/LibriSpeech/dev-other/3663/172528/3663-172528-0022.flac,bonafide,0,librispeech,bonafide_libri_dev-other,libri_3663,3663-172528-0022,libri_3663,16000,
data/external/LibriSpeech/dev-other/3663/172528/3663-172528-0023.flac,bonafide,0,librispeech,bonafide_libri_dev-other,libri_3663,3663-172528-0023,libri_3663,16000,
data/external/LibriSpeech/dev-other/3663/172528/3663-172528-0024.flac,bonafide,0,librispeech,bonafide_libri_dev-other,libri_3663,3663-172528-0024,libri_3663,16000,
data/external/LibriSpeech/dev-other/3663/172528/3663-172528-0025.flac,bonafide,0,librispeech,bonafide_libri_dev-other,libri_3663,3663-172528-0025,libri_3663,16000,
data/external/LibriSpeech/dev-other/3663/172528/3663-172528-0026.flac,bonafide,0,librispeech,bonafide_libri_dev-other,libri_3663,3663-172528-0026,libri_3663,16000,
data/external/LibriSpeech/dev-other/3663/172528/3663-172528-0027.flac,bonafide,0,librispeech,bonafide_libri_dev-other,libri_3663,3663-172528-0027,libri_3663,16000,
data/external/LibriSpeech/dev-other/3663/172528/3663-172528-0028.flac,bonafide,0,librispeech,bonafide_libri_dev-other,libri_3663,3663-172528-0028,libri_3663,16000,
data/external/LibriSpeech/dev-other/3663/172528/3663-172528-0029.flac,bonafide,0,librispeech,bonafide_libri_dev-other,libri_3663,3663-172528-0029,libri_3663,16000,
data/external/LibriSpeech/dev-other/3663/172528/3663-172528-0030.flac,bonafide,0,librispeech,bonafide_libri_dev-other,libri_3663,3663-172528-0030,libri_3663,16000,
data/external/LibriSpeech/dev-other/3663/172528/3663-172528-0031.flac,bonafide,0,librispeech,bonafide_libri_dev-other,libri_3663,3663-172528-0031,libri_3663,16000,
data/external/LibriSpeech/dev-other/3663/172528/3663-172528-0032.flac,bonafide,0,librispeech,bonafide_libri_dev-other,libri_3663,3663-172528-0032,libri_3663,16000,
data/external/LibriSpeech/dev-other/3663/172528/3663-172528-0033.flac,bonafide,0,librispeech,bonafide_libri_dev-other,libri_3663,3663-172528-0033,libri_3663,16000,
data/external/LibriSpeech/dev-other/3663/172528/3663-172528-0034.flac,bonafide,0,librispeech,bonafide_libri_dev-other,libri_3663,3663-172528-0034,libri_3663,16000,
data/external/LibriSpeech/dev-other/3663/172528/3663-172528-0035.flac,bonafide,0,librispeech,bonafide_libri_dev-other,libri_3663,3663-172528-0035,libri_3663,16000,
data/external/LibriSpeech/dev-other/3663/172528/3663-172528-0036.flac,bonafide,0,librispeech,bonafide_libri_dev-other,libri_3663,3663-172528-0036,libri_3663,16000,
data/external/LibriSpeech/dev-other/3663/172528/3663-172528-0037.flac,bonafide,0,librispeech,bonafide_libri_dev-other,libri_3663,3663-172528-0037,libri_3663,16000,
data/external/LibriSpeech/dev-other/3663/172528/3663-172528-0038.flac,bonafide,0,librispeech,bonafide_libri_dev-other,libri_3663,3663-172528-0038,libri_3663,16000,
data/external/LibriSpeech/dev-other/3663/172528/3663-172528-0039.flac,bonafide,0,librispeech,bonafide_libri_dev-other,libri_3663,3663-172528-0039,libri_3663,16000,
data/external/LibriSpeech/dev-other/3663/172528/3663-172528-0040.flac,bonafide,0,librispeech,bonafide_libri_dev-other,libri_3663,3663-172528-0040,libri_3663,16000,
data/external/LibriSpeech/dev-other/3663/172528/3663-172528-0041.flac,bonafide,0,librispeech,bonafide_libri_dev-other,libri_3663,3663-172528-0041,libri_3663,16000,
data/external/LibriSpeech/dev-other/3663/172528/3663-172528-0042.flac,bonafide,0,librispeech,bonafide_libri_dev-other,libri_3663,3663-172528-0042,libri_3663,16000,
data/external/LibriSpeech/dev-other/3663/172528/3663-172528-0043.flac,bonafide,0,librispeech,bonafide_libri_dev-other,libri_3663,3663-172528-0043,libri_3663,16000,
data/external/LibriSpeech/dev-other/3663/172528/3663-172528-0044.flac,bonafide,0,librispeech,bonafide_libri_dev-other,libri_3663,3663-172528-0044,libri_3663,16000,
data/external/LibriSpeech/dev-other/3663/172528/3663-172528-0045.flac,bonafide,0,librispeech,bonafide_libri_dev-other,libri_3663,3663-172528-0045,libri_3663,16000,
data/external/LibriSpeech/dev-other/3663/172528/3663-172528-0046.flac,bonafide,0,librispeech,bonafide_libri_dev-other,libri_3663,3663-172528-0046,libri_3663,16000,
data/external/LibriSpeech/dev-other/3663/172528/3663-172528-0047.flac,bonafide,0,librispeech,bonafide_libri_dev-other,libri_3663,3663-172528-0047,libri_3663,16000,
data/external/LibriSpeech/dev-other/3663/172528/3663-172528-0048.flac,bonafide,0,librispeech,bonafide_libri_dev-other,libri_3663,3663-172528-0048,libri_3663,16000,
data/external/LibriSpeech/dev-other/3663/172528/3663-172528-0049.flac,bonafide,0,librispeech,bonafide_libri_dev-other,libri_3663,3663-172528-0049,libri_3663,16000,
data/external/LibriSpeech/dev-other/3663/172528/3663-172528-0050.flac,bonafide,0,librispeech,bonafide_libri_dev-other,libri_3663,3663-172528-0050,libri_3663,16000,
data/external/LibriSpeech/dev-other/3663/172528/3663-172528-0051.flac,bonafide,0,librispeech,bonafide_libri_dev-other,libri_3663,3663-172528-0051,libri_3663,16000,
data/external/LibriSpeech/dev-other/3663/172528/3663-172528-0052.flac,bonafide,0,librispeech,bonafide_libri_dev-other,libri_3663,3663-172528-0052,libri_3663,16000,
data/external/LibriSpeech/dev-other/3663/172528/3663-172528-0053.flac,bonafide,0,librispeech,bonafide_libri_dev-other,libri_3663,3663-172528-0053,libri_3663,16000,
data/external/LibriSpeech/dev-other/3663/172528/3663-172528-0054.flac,bonafide,0,librispeech,bonafide_libri_dev-other,libri_3663,3663-172528-0054,libri_3663,16000,
data/external/LibriSpeech/dev-other/3915/57461/3915-57461-0000.flac,bonafide,0,librispeech,bonafide_libri_dev-other,libri_3915,3915-57461-0000,libri_3915,16000,
data/external/LibriSpeech/dev-other/3915/57461/3915-57461-0001.flac,bonafide,0,librispeech,bonafide_libri_dev-other,libri_3915,3915-57461-0001,libri_3915,16000,
data/external/LibriSpeech/dev-other/3915/57461/3915-57461-0002.flac,bonafide,0,librispeech,bonafide_libri_dev-other,libri_3915,3915-57461-0002,libri_3915,16000,
data/external/LibriSpeech/dev-other/3915/57461/3915-57461-0003.flac,bonafide,0,librispeech,bonafide_libri_dev-other,libri_3915,3915-57461-0003,libri_3915,16000,
data/external/LibriSpeech/dev-other/3915/57461/3915-57461-0004.flac,bonafide,0,librispeech,bonafide_libri_dev-other,libri_3915,3915-57461-0004,libri_3915,16000,
data/external/LibriSpeech/dev-other/3915/57461/3915-57461-0005.flac,bonafide,0,librispeech,bonafide_libri_dev-other,libri_3915,3915-57461-0005,libri_3915,16000,
data/external/LibriSpeech/dev-other/3915/57461/3915-57461-0006.flac,bonafide,0,librispeech,bonafide_libri_dev-other,libri_3915,3915-57461-0006,libri_3915,16000,
data/external/LibriSpeech/dev-other/3915/57461/3915-57461-0007.flac,bonafide,0,librispeech,bonafide_libri_dev-other,libri_3915,3915-57461-0007,libri_3915,16000,
data/external/LibriSpeech/dev-other/3915/57461/3915-57461-0008.flac,bonafide,0,librispeech,bonafide_libri_dev-other,libri_3915,3915-57461-0008,libri_3915,16000,
data/external/LibriSpeech/dev-other/3915/57461/3915-57461-0009.flac,bonafide,0,librispeech,bonafide_libri_dev-other,libri_3915,3915-57461-0009,libri_3915,16000,
data/external/LibriSpeech/dev-other/3915/57461/3915-57461-0010.flac,bonafide,0,librispeech,bonafide_libri_dev-other,libri_3915,3915-57461-0010,libri_3915,16000,
data/external/LibriSpeech/dev-other/3915/57461/3915-57461-0011.flac,bonafide,0,librispeech,bonafide_libri_dev-other,libri_3915,3915-57461-0011,libri_3915,16000,
data/external/LibriSpeech/dev-other/3915/57461/3915-57461-0012.flac,bonafide,0,librispeech,bonafide_libri_dev-other,libri_3915,3915-57461-0012,libri_3915,16000,
data/external/LibriSpeech/dev-other/3915/57461/3915-57461-0013.flac,bonafide,0,librispeech,bonafide_libri_dev-other,libri_3915,3915-57461-0013,libri_3915,16000,
data/external/LibriSpeech/dev-other/3915/57461/3915-57461-0014.flac,bonafide,0,librispeech,bonafide_libri_dev-other,libri_3915,3915-57461-0014,libri_3915,16000,
data/external/LibriSpeech/dev-other/3915/57461/3915-57461-0015.flac,bonafide,0,librispeech,bonafide_libri_dev-other,libri_3915,3915-57461-0015,libri_3915,16000,
data/external/LibriSpeech/dev-other/3915/57461/3915-57461-0016.flac,bonafide,0,librispeech,bonafide_libri_dev-other,libri_3915,3915-57461-0016,libri_3915,16000,
data/external/LibriSpeech/dev-other/3915/57461/3915-57461-0017.flac,bonafide,0,librispeech,bonafide_libri_dev-other,libri_3915,3915-57461-0017,libri_3915,16000,
data/external/LibriSpeech/dev-other/3915/57461/3915-57461-0018.flac,bonafide,0,librispeech,bonafide_libri_dev-other,libri_3915,3915-57461-0018,libri_3915,16000,
data/external/LibriSpeech/dev-other/3915/57461/3915-57461-0019.flac,bonafide,0,librispeech,bonafide_libri_dev-other,libri_3915,3915-57461-0019,libri_3915,16000,
data/external/LibriSpeech/dev-other/3915/57461/3915-57461-0020.flac,bonafide,0,librispeech,bonafide_libri_dev-other,libri_3915,3915-57461-0020,libri_3915,16000,
data/external/LibriSpeech/dev-other/3915/57461/3915-57461-0021.flac,bonafide,0,librispeech,bonafide_libri_dev-other,libri_3915,3915-57461-0021,libri_3915,16000,
data/external/LibriSpeech/dev-other/3915/57461/3915-57461-0022.flac,bonafide,0,librispeech,bonafide_libri_dev-other,libri_3915,3915-57461-0022,libri_3915,16000,
data/external/LibriSpeech/dev-other/3915/57461/3915-57461-0023.flac,bonafide,0,librispeech,bonafide_libri_dev-other,libri_3915,3915-57461-0023,libri_3915,16000,
data/external/LibriSpeech/dev-other/3915/57461/3915-57461-0024.flac,bonafide,0,librispeech,bonafide_libri_dev-other,libri_3915,3915-57461-0024,libri_3915,16000,
data/external/LibriSpeech/dev-other/3915/57461/3915-57461-0025.flac,bonafide,0,librispeech,bonafide_libri_dev-other,libri_3915,3915-57461-0025,libri_3915,16000,
data/external/LibriSpeech/dev-other/3915/57461/3915-57461-0026.flac,bonafide,0,librispeech,bonafide_libri_dev-other,libri_3915,3915-57461-0026,libri_3915,16000,
data/external/LibriSpeech/dev-other/3915/57461/3915-57461-0027.flac,bonafide,0,librispeech,bonafide_libri_dev-other,libri_3915,3915-57461-0027,libri_3915,16000,
data/external/LibriSpeech/dev-other/3915/57461/3915-57461-0028.flac,bonafide,0,librispeech,bonafide_libri_dev-other,libri_3915,3915-57461-0028,libri_3915,16000,
data/external/LibriSpeech/dev-other/3915/57461/3915-57461-0029.flac,bonafide,0,librispeech,bonafide_libri_dev-other,libri_3915,3915-57461-0029,libri_3915,16000,
data/external/LibriSpeech/dev-other/3915/57461/3915-57461-0030.flac,bonafide,0,librispeech,bonafide_libri_dev-other,libri_3915,3915-57461-0030,libri_3915,16000,
data/external/LibriSpeech/dev-other/3915/98647/3915-98647-0000.flac,bonafide,0,librispeech,bonafide_libri_dev-other,libri_3915,3915-98647-0000,libri_3915,16000,
data/external/LibriSpeech/dev-other/3915/98647/3915-98647-0001.flac,bonafide,0,librispeech,bonafide_libri_dev-other,libri_3915,3915-98647-0001,libri_3915,16000,
data/external/LibriSpeech/dev-other/3915/98647/3915-98647-0002.flac,bonafide,0,librispeech,bonafide_libri_dev-other,libri_3915,3915-98647-0002,libri_3915,16000,
data/external/LibriSpeech/dev-other/3915/98647/3915-98647-0003.flac,bonafide,0,librispeech,bonafide_libri_dev-other,libri_3915,3915-98647-0003,libri_3915,16000,
data/external/LibriSpeech/dev-other/3915/98647/3915-98647-0004.flac,bonafide,0,librispeech,bonafide_libri_dev-other,libri_3915,3915-98647-0004,libri_3915,16000,
data/external/LibriSpeech/dev-other/3915/98647/3915-98647-0005.flac,bonafide,0,librispeech,bonafide_libri_dev-other,libri_3915,3915-98647-0005,libri_3915,16000,
data/external/LibriSpeech/dev-other/3915/98647/3915-98647-0006.flac,bonafide,0,librispeech,bonafide_libri_dev-other,libri_3915,3915-98647-0006,libri_3915,16000,
data/external/LibriSpeech/dev-other/3915/98647/3915-98647-0007.flac,bonafide,0,librispeech,bonafide_libri_dev-other,libri_3915,3915-98647-0007,libri_3915,16000,
data/external/LibriSpeech/dev-other/3915/98647/3915-98647-0008.flac,bonafide,0,librispeech,bonafide_libri_dev-other,libri_3915,3915-98647-0008,libri_3915,16000,
data/external/LibriSpeech/dev-other/3915/98647/3915-98647-0009.flac,bonafide,0,librispeech,bonafide_libri_dev-other,libri_3915,3915-98647-0009,libri_3915,16000,
data/external/LibriSpeech/dev-other/3915/98647/3915-98647-0010.flac,bonafide,0,librispeech,bonafide_libri_dev-other,libri_3915,3915-98647-0010,libri_3915,16000,
data/external/LibriSpeech/dev-other/3915/98647/3915-98647-0011.flac,bonafide,0,librispeech,bonafide_libri_dev-other,libri_3915,3915-98647-0011,libri_3915,16000,
data/external/LibriSpeech/dev-other/3915/98647/3915-98647-0012.flac,bonafide,0,librispeech,bonafide_libri_dev-other,libri_3915,3915-98647-0012,libri_3915,16000,
data/external/LibriSpeech/dev-other/3915/98647/3915-98647-0013.flac,bonafide,0,librispeech,bonafide_libri_dev-other,libri_3915,3915-98647-0013,libri_3915,16000,
data/external/LibriSpeech/dev-other/3915/98647/3915-98647-0014.flac,bonafide,0,librispeech,bonafide_libri_dev-other,libri_3915,3915-98647-0014,libri_3915,16000,
data/external/LibriSpeech/dev-other/3915/98647/3915-98647-0015.flac,bonafide,0,librispeech,bonafide_libri_dev-other,libri_3915,3915-98647-0015,libri_3915,16000,
data/external/LibriSpeech/dev-other/3915/98647/3915-98647-0016.flac,bonafide,0,librispeech,bonafide_libri_dev-other,libri_3915,3915-98647-0016,libri_3915,16000,
data/external/LibriSpeech/dev-other/3915/98647/3915-98647-0017.flac,bonafide,0,librispeech,bonafide_libri_dev-other,libri_3915,3915-98647-0017,libri_3915,16000,
data/external/LibriSpeech/dev-other/3915/98647/3915-98647-0018.flac,bonafide,0,librispeech,bonafide_libri_dev-other,libri_3915,3915-98647-0018,libri_3915,16000,
data/external/LibriSpeech/dev-other/3915/98647/3915-98647-0019.flac,bonafide,0,librispeech,bonafide_libri_dev-other,libri_3915,3915-98647-0019,libri_3915,16000,
data/external/LibriSpeech/dev-other/3915/98647/3915-98647-0020.flac,bonafide,0,librispeech,bonafide_libri_dev-other,libri_3915,3915-98647-0020,libri_3915,16000,
data/external/LibriSpeech/dev-other/3915/98647/3915-98647-0021.flac,bonafide,0,librispeech,bonafide_libri_dev-other,libri_3915,3915-98647-0021,libri_3915,16000,
data/external/LibriSpeech/dev-other/3915/98647/3915-98647-0022.flac,bonafide,0,librispeech,bonafide_libri_dev-other,libri_3915,3915-98647-0022,libri_3915,16000,
data/external/LibriSpeech/dev-other/3915/98647/3915-98647-0023.flac,bonafide,0,librispeech,bonafide_libri_dev-other,libri_3915,3915-98647-0023,libri_3915,16000,
data/external/LibriSpeech/dev-other/3915/98647/3915-98647-0024.flac,bonafide,0,librispeech,bonafide_libri_dev-other,libri_3915,3915-98647-0024,libri_3915,16000,
data/external/LibriSpeech/dev-other/3915/98647/3915-98647-0025.flac,bonafide,0,librispeech,bonafide_libri_dev-other,libri_3915,3915-98647-0025,libri_3915,16000,
data/external/LibriSpeech/dev-other/3915/98647/3915-98647-0026.flac,bonafide,0,librispeech,bonafide_libri_dev-other,libri_3915,3915-98647-0026,libri_3915,16000,
data/external/LibriSpeech/dev-other/3915/98647/3915-98647-0027.flac,bonafide,0,librispeech,bonafide_libri_dev-other,libri_3915,3915-98647-0027,libri_3915,16000,
data/external/LibriSpeech/dev-other/3915/98647/3915-98647-0028.flac,bonafide,0,librispeech,bonafide_libri_dev-other,libri_3915,3915-98647-0028,libri_3915,16000,
data/external/LibriSpeech/dev-other/3915/98647/3915-98647-0029.flac,bonafide,0,librispeech,bonafide_libri_dev-other,libri_3915,3915-98647-0029,libri_3915,16000,
data/external/LibriSpeech/dev-other/3915/98647/3915-98647-0030.flac,bonafide,0,librispeech,bonafide_libri_dev-other,libri_3915,3915-98647-0030,libri_3915,16000,
data/external/LibriSpeech/dev-other/3915/98647/3915-98647-0031.flac,bonafide,0,librispeech,bonafide_libri_dev-other,libri_3915,3915-98647-0031,libri_3915,16000,
data/external/LibriSpeech/dev-other/3915/98647/3915-98647-0032.flac,bonafide,0,librispeech,bonafide_libri_dev-other,libri_3915,3915-98647-0032,libri_3915,16000,
data/external/LibriSpeech/dev-other/3915/98647/3915-98647-0033.flac,bonafide,0,librispeech,bonafide_libri_dev-other,libri_3915,3915-98647-0033,libri_3915,16000,
data/external/LibriSpeech/dev-other/3915/98647/3915-98647-0034.flac,bonafide,0,librispeech,bonafide_libri_dev-other,libri_3915,3915-98647-0034,libri_3915,16000,
data/external/LibriSpeech/dev-other/3915/98647/3915-98647-0035.flac,bonafide,0,librispeech,bonafide_libri_dev-other,libri_3915,3915-98647-0035,libri_3915,16000,
data/external/LibriSpeech/dev-other/3915/98647/3915-98647-0036.flac,bonafide,0,librispeech,bonafide_libri_dev-other,libri_3915,3915-98647-0036,libri_3915,16000,
data/external/LibriSpeech/dev-other/4153/185072/4153-185072-0000.flac,bonafide,0,librispeech,bonafide_libri_dev-other,libri_4153,4153-185072-0000,libri_4153,16000,
data/external/LibriSpeech/dev-other/4153/185072/4153-185072-0001.flac,bonafide,0,librispeech,bonafide_libri_dev-other,libri_4153,4153-185072-0001,libri_4153,16000,
data/external/LibriSpeech/dev-other/4153/185072/4153-185072-0002.flac,bonafide,0,librispeech,bonafide_libri_dev-other,libri_4153,4153-185072-0002,libri_4153,16000,
data/external/LibriSpeech/dev-other/4153/185072/4153-185072-0003.flac,bonafide,0,librispeech,bonafide_libri_dev-other,libri_4153,4153-185072-0003,libri_4153,16000,
data/external/LibriSpeech/dev-other/4153/185072/4153-185072-0004.flac,bonafide,0,librispeech,bonafide_libri_dev-other,libri_4153,4153-185072-0004,libri_4153,16000,
data/external/LibriSpeech/dev-other/4153/185072/4153-185072-0005.flac,bonafide,0,librispeech,bonafide_libri_dev-other,libri_4153,4153-185072-0005,libri_4153,16000,
data/external/LibriSpeech/dev-other/4153/185072/4153-185072-0006.flac,bonafide,0,librispeech,bonafide_libri_dev-other,libri_4153,4153-185072-0006,libri_4153,16000,
data/external/LibriSpeech/dev-other/4153/185072/4153-185072-0007.flac,bonafide,0,librispeech,bonafide_libri_dev-other,libri_4153,4153-185072-0007,libri_4153,16000,
data/external/LibriSpeech/dev-other/4153/185072/4153-185072-0008.flac,bonafide,0,librispeech,bonafide_libri_dev-other,libri_4153,4153-185072-0008,libri_4153,16000,
data/external/LibriSpeech/dev-other/4153/185072/4153-185072-0009.flac,bonafide,0,librispeech,bonafide_libri_dev-other,libri_4153,4153-185072-0009,libri_4153,16000,
data/external/LibriSpeech/dev-other/4153/185072/4153-185072-0010.flac,bonafide,0,librispeech,bonafide_libri_dev-other,libri_4153,4153-185072-0010,libri_4153,16000,
data/external/LibriSpeech/dev-other/4153/185072/4153-185072-0011.flac,bonafide,0,librispeech,bonafide_libri_dev-other,libri_4153,4153-185072-0011,libri_4153,16000,
data/external/LibriSpeech/dev-other/4153/185072/4153-185072-0012.flac,bonafide,0,librispeech,bonafide_libri_dev-other,libri_4153,4153-185072-0012,libri_4153,16000,
data/external/LibriSpeech/dev-other/4153/185072/4153-185072-0013.flac,bonafide,0,librispeech,bonafide_libri_dev-other,libri_4153,4153-185072-0013,libri_4153,16000,
data/external/LibriSpeech/dev-other/4153/185072/4153-185072-0014.flac,bonafide,0,librispeech,bonafide_libri_dev-other,libri_4153,4153-185072-0014,libri_4153,16000,
data/external/LibriSpeech/dev-other/4153/185072/4153-185072-0015.flac,bonafide,0,librispeech,bonafide_libri_dev-other,libri_4153,4153-185072-0015,libri_4153,16000,
data/external/LibriSpeech/dev-other/4153/186222/4153-186222-0000.flac,bonafide,0,librispeech,bonafide_libri_dev-other,libri_4153,4153-186222-0000,libri_4153,16000,
data/external/LibriSpeech/dev-other/4153/186222/4153-186222-0001.flac,bonafide,0,librispeech,bonafide_libri_dev-other,libri_4153,4153-186222-0001,libri_4153,16000,
data/external/LibriSpeech/dev-other/4153/186222/4153-186222-0002.flac,bonafide,0,librispeech,bonafide_libri_dev-other,libri_4153,4153-186222-0002,libri_4153,16000,
data/external/LibriSpeech/dev-other/4153/186222/4153-186222-0003.flac,bonafide,0,librispeech,bonafide_libri_dev-other,libri_4153,4153-186222-0003,libri_4153,16000,
data/external/LibriSpeech/dev-other/4153/186222/4153-186222-0004.flac,bonafide,0,librispeech,bonafide_libri_dev-other,libri_4153,4153-186222-0004,libri_4153,16000,
data/external/LibriSpeech/dev-other/4153/186222/4153-186222-0005.flac,bonafide,0,librispeech,bonafide_libri_dev-other,libri_4153,4153-186222-0005,libri_4153,16000,
data/external/LibriSpeech/dev-other/4153/186222/4153-186222-0006.flac,bonafide,0,librispeech,bonafide_libri_dev-other,libri_4153,4153-186222-0006,libri_4153,16000,
data/external/LibriSpeech/dev-other/4153/186222/4153-186222-0007.flac,bonafide,0,librispeech,bonafide_libri_dev-other,libri_4153,4153-186222-0007,libri_4153,16000,
data/external/LibriSpeech/dev-other/4153/186222/4153-186222-0008.flac,bonafide,0,librispeech,bonafide_libri_dev-other,libri_4153,4153-186222-0008,libri_4153,16000,
data/external/LibriSpeech/dev-other/4153/186222/4153-186222-0009.flac,bonafide,0,librispeech,bonafide_libri_dev-other,libri_4153,4153-186222-0009,libri_4153,16000,
data/external/LibriSpeech/dev-other/4153/186222/4153-186222-0010.flac,bonafide,0,librispeech,bonafide_libri_dev-other,libri_4153,4153-186222-0010,libri_4153,16000,
data/external/LibriSpeech/dev-other/4153/186222/4153-186222-0011.flac,bonafide,0,librispeech,bonafide_libri_dev-other,libri_4153,4153-186222-0011,libri_4153,16000,
data/external/LibriSpeech/dev-other/4153/186222/4153-186222-0012.flac,bonafide,0,librispeech,bonafide_libri_dev-other,libri_4153,4153-186222-0012,libri_4153,16000,
data/external/LibriSpeech/dev-other/4153/186222/4153-186222-0013.flac,bonafide,0,librispeech,bonafide_libri_dev-other,libri_4153,4153-186222-0013,libri_4153,16000,
data/external/LibriSpeech/dev-other/4153/186222/4153-186222-0014.flac,bonafide,0,librispeech,bonafide_libri_dev-other,libri_4153,4153-186222-0014,libri_4153,16000,
data/external/LibriSpeech/dev-other/4153/186222/4153-186222-0015.flac,bonafide,0,librispeech,bonafide_libri_dev-other,libri_4153,4153-186222-0015,libri_4153,16000,
data/external/LibriSpeech/dev-other/4153/186222/4153-186222-0016.flac,bonafide,0,librispeech,bonafide_libri_dev-other,libri_4153,4153-186222-0016,libri_4153,16000,
data/external/LibriSpeech/dev-other/4153/186222/4153-186222-0017.flac,bonafide,0,librispeech,bonafide_libri_dev-other,libri_4153,4153-186222-0017,libri_4153,16000,
data/external/LibriSpeech/dev-other/4153/186222/4153-186222-0018.flac,bonafide,0,librispeech,bonafide_libri_dev-other,libri_4153,4153-186222-0018,libri_4153,16000,
data/external/LibriSpeech/dev-other/4153/186222/4153-186222-0019.flac,bonafide,0,librispeech,bonafide_libri_dev-other,libri_4153,4153-186222-0019,libri_4153,16000,
data/external/LibriSpeech/dev-other/4153/186222/4153-186222-0020.flac,bonafide,0,librispeech,bonafide_libri_dev-other,libri_4153,4153-186222-0020,libri_4153,16000,
data/external/LibriSpeech/dev-other/4153/186222/4153-186222-0021.flac,bonafide,0,librispeech,bonafide_libri_dev-other,libri_4153,4153-186222-0021,libri_4153,16000,
data/external/LibriSpeech/dev-other/4153/186222/4153-186222-0022.flac,bonafide,0,librispeech,bonafide_libri_dev-other,libri_4153,4153-186222-0022,libri_4153,16000,
data/external/LibriSpeech/dev-other/4153/186222/4153-186222-0023.flac,bonafide,0,librispeech,bonafide_libri_dev-other,libri_4153,4153-186222-0023,libri_4153,16000,
data/external/LibriSpeech/dev-other/4153/186222/4153-186222-0024.flac,bonafide,0,librispeech,bonafide_libri_dev-other,libri_4153,4153-186222-0024,libri_4153,16000,
data/external/LibriSpeech/dev-other/4153/186222/4153-186222-0025.flac,bonafide,0,librispeech,bonafide_libri_dev-other,libri_4153,4153-186222-0025,libri_4153,16000,
data/external/LibriSpeech/dev-other/4153/186222/4153-186222-0026.flac,bonafide,0,librispeech,bonafide_libri_dev-other,libri_4153,4153-186222-0026,libri_4153,16000,
data/external/LibriSpeech/dev-other/4153/186222/4153-186222-0027.flac,bonafide,0,librispeech,bonafide_libri_dev-other,libri_4153,4153-186222-0027,libri_4153,16000,
data/external/LibriSpeech/dev-other/4153/186222/4153-186222-0028.flac,bonafide,0,librispeech,bonafide_libri_dev-other,libri_4153,4153-186222-0028,libri_4153,16000,
data/external/LibriSpeech/dev-other/4153/186222/4153-186222-0029.flac,bonafide,0,librispeech,bonafide_libri_dev-other,libri_4153,4153-186222-0029,libri_4153,16000,
data/external/LibriSpeech/dev-other/4153/186222/4153-186222-0030.flac,bonafide,0,librispeech,bonafide_libri_dev-other,libri_4153,4153-186222-0030,libri_4153,16000,
data/external/LibriSpeech/dev-other/4153/186222/4153-186222-0031.flac,bonafide,0,librispeech,bonafide_libri_dev-other,libri_4153,4153-186222-0031,libri_4153,16000,
data/external/LibriSpeech/dev-other/4153/186222/4153-186222-0032.flac,bonafide,0,librispeech,bonafide_libri_dev-other,libri_4153,4153-186222-0032,libri_4153,16000,
data/external/LibriSpeech/dev-other/4153/186222/4153-186222-0033.flac,bonafide,0,librispeech,bonafide_libri_dev-other,libri_4153,4153-186222-0033,libri_4153,16000,
data/external/LibriSpeech/dev-other/4153/186222/4153-186222-0034.flac,bonafide,0,librispeech,bonafide_libri_dev-other,libri_4153,4153-186222-0034,libri_4153,16000,
data/external/LibriSpeech/dev-other/4153/186222/4153-186222-0035.flac,bonafide,0,librispeech,bonafide_libri_dev-other,libri_4153,4153-186222-0035,libri_4153,16000,
data/external/LibriSpeech/dev-other/4153/186223/4153-186223-0000.flac,bonafide,0,librispeech,bonafide_libri_dev-other,libri_4153,4153-186223-0000,libri_4153,16000,
data/external/LibriSpeech/dev-other/4153/186223/4153-186223-0001.flac,bonafide,0,librispeech,bonafide_libri_dev-other,libri_4153,4153-186223-0001,libri_4153,16000,
data/external/LibriSpeech/dev-other/4153/186223/4153-186223-0002.flac,bonafide,0,librispeech,bonafide_libri_dev-other,libri_4153,4153-186223-0002,libri_4153,16000,
data/external/LibriSpeech/dev-other/4153/186223/4153-186223-0003.flac,bonafide,0,librispeech,bonafide_libri_dev-other,libri_4153,4153-186223-0003,libri_4153,16000,
data/external/LibriSpeech/dev-other/4153/186223/4153-186223-0004.flac,bonafide,0,librispeech,bonafide_libri_dev-other,libri_4153,4153-186223-0004,libri_4153,16000,
data/external/LibriSpeech/dev-other/4153/186223/4153-186223-0005.flac,bonafide,0,librispeech,bonafide_libri_dev-other,libri_4153,4153-186223-0005,libri_4153,16000,
data/external/LibriSpeech/dev-other/4153/186223/4153-186223-0006.flac,bonafide,0,librispeech,bonafide_libri_dev-other,libri_4153,4153-186223-0006,libri_4153,16000,
data/external/LibriSpeech/dev-other/4153/186223/4153-186223-0007.flac,bonafide,0,librispeech,bonafide_libri_dev-other,libri_4153,4153-186223-0007,libri_4153,16000,
data/external/LibriSpeech/dev-other/4153/186223/4153-186223-0008.flac,bonafide,0,librispeech,bonafide_libri_dev-other,libri_4153,4153-186223-0008,libri_4153,16000,
data/external/LibriSpeech/dev-other/4153/186223/4153-186223-0009.flac,bonafide,0,librispeech,bonafide_libri_dev-other,libri_4153,4153-186223-0009,libri_4153,16000,
data/external/LibriSpeech/dev-other/4153/186223/4153-186223-0010.flac,bonafide,0,librispeech,bonafide_libri_dev-other,libri_4153,4153-186223-0010,libri_4153,16000,
data/external/LibriSpeech/dev-other/4153/186223/4153-186223-0011.flac,bonafide,0,librispeech,bonafide_libri_dev-other,libri_4153,4153-186223-0011,libri_4153,16000,
data/external/LibriSpeech/dev-other/4153/186223/4153-186223-0012.flac,bonafide,0,librispeech,bonafide_libri_dev-other,libri_4153,4153-186223-0012,libri_4153,16000,
data/external/LibriSpeech/dev-other/4153/186223/4153-186223-0013.flac,bonafide,0,librispeech,bonafide_libri_dev-other,libri_4153,4153-186223-0013,libri_4153,16000,
data/external/LibriSpeech/dev-other/4153/186223/4153-186223-0014.flac,bonafide,0,librispeech,bonafide_libri_dev-other,libri_4153,4153-186223-0014,libri_4153,16000,
data/external/LibriSpeech/dev-other/4153/186223/4153-186223-0015.flac,bonafide,0,librispeech,bonafide_libri_dev-other,libri_4153,4153-186223-0015,libri_4153,16000,
data/external/LibriSpeech/dev-other/4153/186223/4153-186223-0016.flac,bonafide,0,librispeech,bonafide_libri_dev-other,libri_4153,4153-186223-0016,libri_4153,16000,
data/external/LibriSpeech/dev-other/4153/186223/4153-186223-0017.flac,bonafide,0,librispeech,bonafide_libri_dev-other,libri_4153,4153-186223-0017,libri_4153,16000,
data/external/LibriSpeech/dev-other/4153/186223/4153-186223-0018.flac,bonafide,0,librispeech,bonafide_libri_dev-other,libri_4153,4153-186223-0018,libri_4153,16000,
data/external/LibriSpeech/dev-other/4153/186223/4153-186223-0019.flac,bonafide,0,librispeech,bonafide_libri_dev-other,libri_4153,4153-186223-0019,libri_4153,16000,
data/external/LibriSpeech/dev-other/4153/186223/4153-186223-0020.flac,bonafide,0,librispeech,bonafide_libri_dev-other,libri_4153,4153-186223-0020,libri_4153,16000,
data/external/LibriSpeech/dev-other/4153/61735/4153-61735-0000.flac,bonafide,0,librispeech,bonafide_libri_dev-other,libri_4153,4153-61735-0000,libri_4153,16000,
data/external/LibriSpeech/dev-other/4153/61735/4153-61735-0001.flac,bonafide,0,librispeech,bonafide_libri_dev-other,libri_4153,4153-61735-0001,libri_4153,16000,
data/external/LibriSpeech/dev-other/4153/61735/4153-61735-0002.flac,bonafide,0,librispeech,bonafide_libri_dev-other,libri_4153,4153-61735-0002,libri_4153,16000,
data/external/LibriSpeech/dev-other/4153/61735/4153-61735-0003.flac,bonafide,0,librispeech,bonafide_libri_dev-other,libri_4153,4153-61735-0003,libri_4153,16000,
data/external/LibriSpeech/dev-other/4153/61735/4153-61735-0004.flac,bonafide,0,librispeech,bonafide_libri_dev-other,libri_4153,4153-61735-0004,libri_4153,16000,
data/external/LibriSpeech/dev-other/4153/61735/4153-61735-0005.flac,bonafide,0,librispeech,bonafide_libri_dev-other,libri_4153,4153-61735-0005,libri_4153,16000,
data/external/LibriSpeech/dev-other/4153/61735/4153-61735-0006.flac,bonafide,0,librispeech,bonafide_libri_dev-other,libri_4153,4153-61735-0006,libri_4153,16000,
data/external/LibriSpeech/dev-other/4153/61735/4153-61735-0007.flac,bonafide,0,librispeech,bonafide_libri_dev-other,libri_4153,4153-61735-0007,libri_4153,16000,
data/external/LibriSpeech/dev-other/4153/61735/4153-61735-0008.flac,bonafide,0,librispeech,bonafide_libri_dev-other,libri_4153,4153-61735-0008,libri_4153,16000,
data/external/LibriSpeech/dev-other/4153/61735/4153-61735-0009.flac,bonafide,0,librispeech,bonafide_libri_dev-other,libri_4153,4153-61735-0009,libri_4153,16000,
data/external/LibriSpeech/dev-other/4153/61735/4153-61735-0010.flac,bonafide,0,librispeech,bonafide_libri_dev-other,libri_4153,4153-61735-0010,libri_4153,16000,
data/external/LibriSpeech/dev-other/4153/61735/4153-61735-0011.flac,bonafide,0,librispeech,bonafide_libri_dev-other,libri_4153,4153-61735-0011,libri_4153,16000,
data/external/LibriSpeech/dev-other/4153/61735/4153-61735-0012.flac,bonafide,0,librispeech,bonafide_libri_dev-other,libri_4153,4153-61735-0012,libri_4153,16000,
data/external/LibriSpeech/dev-other/4323/13259/4323-13259-0000.flac,bonafide,0,librispeech,bonafide_libri_dev-other,libri_4323,4323-13259-0000,libri_4323,16000,
data/external/LibriSpeech/dev-other/4323/13259/4323-13259-0001.flac,bonafide,0,librispeech,bonafide_libri_dev-other,libri_4323,4323-13259-0001,libri_4323,16000,
data/external/LibriSpeech/dev-other/4323/13259/4323-13259-0002.flac,bonafide,0,librispeech,bonafide_libri_dev-other,libri_4323,4323-13259-0002,libri_4323,16000,
data/external/LibriSpeech/dev-other/4323/13259/4323-13259-0003.flac,bonafide,0,librispeech,bonafide_libri_dev-other,libri_4323,4323-13259-0003,libri_4323,16000,
data/external/LibriSpeech/dev-other/4323/13259/4323-13259-0004.flac,bonafide,0,librispeech,bonafide_libri_dev-other,libri_4323,4323-13259-0004,libri_4323,16000,
data/external/LibriSpeech/dev-other/4323/13259/4323-13259-0005.flac,bonafide,0,librispeech,bonafide_libri_dev-other,libri_4323,4323-13259-0005,libri_4323,16000,
data/external/LibriSpeech/dev-other/4323/13259/4323-13259-0006.flac,bonafide,0,librispeech,bonafide_libri_dev-other,libri_4323,4323-13259-0006,libri_4323,16000,
data/external/LibriSpeech/dev-other/4323/13259/4323-13259-0007.flac,bonafide,0,librispeech,bonafide_libri_dev-other,libri_4323,4323-13259-0007,libri_4323,16000,
data/external/LibriSpeech/dev-other/4323/13259/4323-13259-0008.flac,bonafide,0,librispeech,bonafide_libri_dev-other,libri_4323,4323-13259-0008,libri_4323,16000,
data/external/LibriSpeech/dev-other/4323/13259/4323-13259-0009.flac,bonafide,0,librispeech,bonafide_libri_dev-other,libri_4323,4323-13259-0009,libri_4323,16000,
data/external/LibriSpeech/dev-other/4323/13259/4323-13259-0010.flac,bonafide,0,librispeech,bonafide_libri_dev-other,libri_4323,4323-13259-0010,libri_4323,16000,
data/external/LibriSpeech/dev-other/4323/13259/4323-13259-0011.flac,bonafide,0,librispeech,bonafide_libri_dev-other,libri_4323,4323-13259-0011,libri_4323,16000,
data/external/LibriSpeech/dev-other/4323/13259/4323-13259-0012.flac,bonafide,0,librispeech,bonafide_libri_dev-other,libri_4323,4323-13259-0012,libri_4323,16000,
data/external/LibriSpeech/dev-other/4323/13259/4323-13259-0013.flac,bonafide,0,librispeech,bonafide_libri_dev-other,libri_4323,4323-13259-0013,libri_4323,16000,
data/external/LibriSpeech/dev-other/4323/13259/4323-13259-0014.flac,bonafide,0,librispeech,bonafide_libri_dev-other,libri_4323,4323-13259-0014,libri_4323,16000,
data/external/LibriSpeech/dev-other/4323/13259/4323-13259-0015.flac,bonafide,0,librispeech,bonafide_libri_dev-other,libri_4323,4323-13259-0015,libri_4323,16000,
data/external/LibriSpeech/dev-other/4323/13259/4323-13259-0016.flac,bonafide,0,librispeech,bonafide_libri_dev-other,libri_4323,4323-13259-0016,libri_4323,16000,
data/external/LibriSpeech/dev-other/4323/13259/4323-13259-0017.flac,bonafide,0,librispeech,bonafide_libri_dev-other,libri_4323,4323-13259-0017,libri_4323,16000,
data/external/LibriSpeech/dev-other/4323/13259/4323-13259-0018.flac,bonafide,0,librispeech,bonafide_libri_dev-other,libri_4323,4323-13259-0018,libri_4323,16000,
data/external/LibriSpeech/dev-other/4323/13259/4323-13259-0019.flac,bonafide,0,librispeech,bonafide_libri_dev-other,libri_4323,4323-13259-0019,libri_4323,16000,
data/external/LibriSpeech/dev-other/4323/13259/4323-13259-0020.flac,bonafide,0,librispeech,bonafide_libri_dev-other,libri_4323,4323-13259-0020,libri_4323,16000,
data/external/LibriSpeech/dev-other/4323/13259/4323-13259-0021.flac,bonafide,0,librispeech,bonafide_libri_dev-other,libri_4323,4323-13259-0021,libri_4323,16000,
data/external/LibriSpeech/dev-other/4323/13259/4323-13259-0022.flac,bonafide,0,librispeech,bonafide_libri_dev-other,libri_4323,4323-13259-0022,libri_4323,16000,
data/external/LibriSpeech/dev-other/4323/13259/4323-13259-0023.flac,bonafide,0,librispeech,bonafide_libri_dev-other,libri_4323,4323-13259-0023,libri_4323,16000,
data/external/LibriSpeech/dev-other/4323/13259/4323-13259-0024.flac,bonafide,0,librispeech,bonafide_libri_dev-other,libri_4323,4323-13259-0024,libri_4323,16000,
data/external/LibriSpeech/dev-other/4323/13259/4323-13259-0025.flac,bonafide,0,librispeech,bonafide_libri_dev-other,libri_4323,4323-13259-0025,libri_4323,16000,
data/external/LibriSpeech/dev-other/4323/13259/4323-13259-0026.flac,bonafide,0,librispeech,bonafide_libri_dev-other,libri_4323,4323-13259-0026,libri_4323,16000,
data/external/LibriSpeech/dev-other/4323/18416/4323-18416-0000.flac,bonafide,0,librispeech,bonafide_libri_dev-other,libri_4323,4323-18416-0000,libri_4323,16000,
data/external/LibriSpeech/dev-other/4323/18416/4323-18416-0001.flac,bonafide,0,librispeech,bonafide_libri_dev-other,libri_4323,4323-18416-0001,libri_4323,16000,
data/external/LibriSpeech/dev-other/4323/18416/4323-18416-0002.flac,bonafide,0,librispeech,bonafide_libri_dev-other,libri_4323,4323-18416-0002,libri_4323,16000,
data/external/LibriSpeech/dev-other/4323/18416/4323-18416-0003.flac,bonafide,0,librispeech,bonafide_libri_dev-other,libri_4323,4323-18416-0003,libri_4323,16000,
data/external/LibriSpeech/dev-other/4323/18416/4323-18416-0004.flac,bonafide,0,librispeech,bonafide_libri_dev-other,libri_4323,4323-18416-0004,libri_4323,16000,
data/external/LibriSpeech/dev-other/4323/18416/4323-18416-0005.flac,bonafide,0,librispeech,bonafide_libri_dev-other,libri_4323,4323-18416-0005,libri_4323,16000,
data/external/LibriSpeech/dev-other/4323/18416/4323-18416-0006.flac,bonafide,0,librispeech,bonafide_libri_dev-other,libri_4323,4323-18416-0006,libri_4323,16000,
data/external/LibriSpeech/dev-other/4323/18416/4323-18416-0007.flac,bonafide,0,librispeech,bonafide_libri_dev-other,libri_4323,4323-18416-0007,libri_4323,16000,
data/external/LibriSpeech/dev-other/4323/18416/4323-18416-0008.flac,bonafide,0,librispeech,bonafide_libri_dev-other,libri_4323,4323-18416-0008,libri_4323,16000,
data/external/LibriSpeech/dev-other/4323/18416/4323-18416-0009.flac,bonafide,0,librispeech,bonafide_libri_dev-other,libri_4323,4323-18416-0009,libri_4323,16000,
data/external/LibriSpeech/dev-other/4323/18416/4323-18416-0010.flac,bonafide,0,librispeech,bonafide_libri_dev-other,libri_4323,4323-18416-0010,libri_4323,16000,
data/external/LibriSpeech/dev-other/4323/18416/4323-18416-0011.flac,bonafide,0,librispeech,bonafide_libri_dev-other,libri_4323,4323-18416-0011,libri_4323,16000,
data/external/LibriSpeech/dev-other/4323/18416/4323-18416-0012.flac,bonafide,0,librispeech,bonafide_libri_dev-other,libri_4323,4323-18416-0012,libri_4323,16000,
data/external/LibriSpeech/dev-other/4323/18416/4323-18416-0013.flac,bonafide,0,librispeech,bonafide_libri_dev-other,libri_4323,4323-18416-0013,libri_4323,16000,
data/external/LibriSpeech/dev-other/4323/18416/4323-18416-0014.flac,bonafide,0,librispeech,bonafide_libri_dev-other,libri_4323,4323-18416-0014,libri_4323,16000,
data/external/LibriSpeech/dev-other/4323/18416/4323-18416-0015.flac,bonafide,0,librispeech,bonafide_libri_dev-other,libri_4323,4323-18416-0015,libri_4323,16000,
data/external/LibriSpeech/dev-other/4323/18416/4323-18416-0016.flac,bonafide,0,librispeech,bonafide_libri_dev-other,libri_4323,4323-18416-0016,libri_4323,16000,
data/external/LibriSpeech/dev-other/4323/18416/4323-18416-0017.flac,bonafide,0,librispeech,bonafide_libri_dev-other,libri_4323,4323-18416-0017,libri_4323,16000,
data/external/LibriSpeech/dev-other/4323/18416/4323-18416-0018.flac,bonafide,0,librispeech,bonafide_libri_dev-other,libri_4323,4323-18416-0018,libri_4323,16000,
data/external/LibriSpeech/dev-other/4323/18416/4323-18416-0019.flac,bonafide,0,librispeech,bonafide_libri_dev-other,libri_4323,4323-18416-0019,libri_4323,16000,
data/external/LibriSpeech/dev-other/4323/18416/4323-18416-0020.flac,bonafide,0,librispeech,bonafide_libri_dev-other,libri_4323,4323-18416-0020,libri_4323,16000,
data/external/LibriSpeech/dev-other/4323/18416/4323-18416-0021.flac,bonafide,0,librispeech,bonafide_libri_dev-other,libri_4323,4323-18416-0021,libri_4323,16000,
data/external/LibriSpeech/dev-other/4323/18416/4323-18416-0022.flac,bonafide,0,librispeech,bonafide_libri_dev-other,libri_4323,4323-18416-0022,libri_4323,16000,
data/external/LibriSpeech/dev-other/4323/18416/4323-18416-0023.flac,bonafide,0,librispeech,bonafide_libri_dev-other,libri_4323,4323-18416-0023,libri_4323,16000,
data/external/LibriSpeech/dev-other/4323/18416/4323-18416-0024.flac,bonafide,0,librispeech,bonafide_libri_dev-other,libri_4323,4323-18416-0024,libri_4323,16000,
data/external/LibriSpeech/dev-other/4323/18416/4323-18416-0025.flac,bonafide,0,librispeech,bonafide_libri_dev-other,libri_4323,4323-18416-0025,libri_4323,16000,
data/external/LibriSpeech/dev-other/4323/18416/4323-18416-0026.flac,bonafide,0,librispeech,bonafide_libri_dev-other,libri_4323,4323-18416-0026,libri_4323,16000,
data/external/LibriSpeech/dev-other/4323/18416/4323-18416-0027.flac,bonafide,0,librispeech,bonafide_libri_dev-other,libri_4323,4323-18416-0027,libri_4323,16000,
data/external/LibriSpeech/dev-other/4323/18416/4323-18416-0028.flac,bonafide,0,librispeech,bonafide_libri_dev-other,libri_4323,4323-18416-0028,libri_4323,16000,
data/external/LibriSpeech/dev-other/4323/18416/4323-18416-0029.flac,bonafide,0,librispeech,bonafide_libri_dev-other,libri_4323,4323-18416-0029,libri_4323,16000,
data/external/LibriSpeech/dev-other/4323/18416/4323-18416-0030.flac,bonafide,0,librispeech,bonafide_libri_dev-other,libri_4323,4323-18416-0030,libri_4323,16000,
data/external/LibriSpeech/dev-other/4323/18416/4323-18416-0031.flac,bonafide,0,librispeech,bonafide_libri_dev-other,libri_4323,4323-18416-0031,libri_4323,16000,
data/external/LibriSpeech/dev-other/4323/18416/4323-18416-0032.flac,bonafide,0,librispeech,bonafide_libri_dev-other,libri_4323,4323-18416-0032,libri_4323,16000,
data/external/LibriSpeech/dev-other/4323/18416/4323-18416-0033.flac,bonafide,0,librispeech,bonafide_libri_dev-other,libri_4323,4323-18416-0033,libri_4323,16000,
data/external/LibriSpeech/dev-other/4323/18416/4323-18416-0034.flac,bonafide,0,librispeech,bonafide_libri_dev-other,libri_4323,4323-18416-0034,libri_4323,16000,
data/external/LibriSpeech/dev-other/4323/55228/4323-55228-0000.flac,bonafide,0,librispeech,bonafide_libri_dev-other,libri_4323,4323-55228-0000,libri_4323,16000,
data/external/LibriSpeech/dev-other/4323/55228/4323-55228-0001.flac,bonafide,0,librispeech,bonafide_libri_dev-other,libri_4323,4323-55228-0001,libri_4323,16000,
data/external/LibriSpeech/dev-other/4323/55228/4323-55228-0002.flac,bonafide,0,librispeech,bonafide_libri_dev-other,libri_4323,4323-55228-0002,libri_4323,16000,
data/external/LibriSpeech/dev-other/4323/55228/4323-55228-0003.flac,bonafide,0,librispeech,bonafide_libri_dev-other,libri_4323,4323-55228-0003,libri_4323,16000,
data/external/LibriSpeech/dev-other/4323/55228/4323-55228-0004.flac,bonafide,0,librispeech,bonafide_libri_dev-other,libri_4323,4323-55228-0004,libri_4323,16000,
data/external/LibriSpeech/dev-other/4323/55228/4323-55228-0005.flac,bonafide,0,librispeech,bonafide_libri_dev-other,libri_4323,4323-55228-0005,libri_4323,16000,
data/external/LibriSpeech/dev-other/4323/55228/4323-55228-0006.flac,bonafide,0,librispeech,bonafide_libri_dev-other,libri_4323,4323-55228-0006,libri_4323,16000,
data/external/LibriSpeech/dev-other/4323/55228/4323-55228-0007.flac,bonafide,0,librispeech,bonafide_libri_dev-other,libri_4323,4323-55228-0007,libri_4323,16000,
data/external/LibriSpeech/dev-other/4323/55228/4323-55228-0008.flac,bonafide,0,librispeech,bonafide_libri_dev-other,libri_4323,4323-55228-0008,libri_4323,16000,
data/external/LibriSpeech/dev-other/4323/55228/4323-55228-0009.flac,bonafide,0,librispeech,bonafide_libri_dev-other,libri_4323,4323-55228-0009,libri_4323,16000,
data/external/LibriSpeech/dev-other/4323/55228/4323-55228-0010.flac,bonafide,0,librispeech,bonafide_libri_dev-other,libri_4323,4323-55228-0010,libri_4323,16000,
data/external/LibriSpeech/dev-other/4323/55228/4323-55228-0011.flac,bonafide,0,librispeech,bonafide_libri_dev-other,libri_4323,4323-55228-0011,libri_4323,16000,
data/external/LibriSpeech/dev-other/4323/55228/4323-55228-0012.flac,bonafide,0,librispeech,bonafide_libri_dev-other,libri_4323,4323-55228-0012,libri_4323,16000,
data/external/LibriSpeech/dev-other/4323/55228/4323-55228-0013.flac,bonafide,0,librispeech,bonafide_libri_dev-other,libri_4323,4323-55228-0013,libri_4323,16000,
data/external/LibriSpeech/dev-other/4323/55228/4323-55228-0014.flac,bonafide,0,librispeech,bonafide_libri_dev-other,libri_4323,4323-55228-0014,libri_4323,16000,
data/external/LibriSpeech/dev-other/4323/55228/4323-55228-0015.flac,bonafide,0,librispeech,bonafide_libri_dev-other,libri_4323,4323-55228-0015,libri_4323,16000,
data/external/LibriSpeech/dev-other/4323/55228/4323-55228-0016.flac,bonafide,0,librispeech,bonafide_libri_dev-other,libri_4323,4323-55228-0016,libri_4323,16000,
data/external/LibriSpeech/dev-other/4323/55228/4323-55228-0017.flac,bonafide,0,librispeech,bonafide_libri_dev-other,libri_4323,4323-55228-0017,libri_4323,16000,
data/external/LibriSpeech/dev-other/4323/55228/4323-55228-0018.flac,bonafide,0,librispeech,bonafide_libri_dev-other,libri_4323,4323-55228-0018,libri_4323,16000,
data/external/LibriSpeech/dev-other/4323/55228/4323-55228-0019.flac,bonafide,0,librispeech,bonafide_libri_dev-other,libri_4323,4323-55228-0019,libri_4323,16000,
data/external/LibriSpeech/dev-other/4323/55228/4323-55228-0020.flac,bonafide,0,librispeech,bonafide_libri_dev-other,libri_4323,4323-55228-0020,libri_4323,16000,
data/external/LibriSpeech/dev-other/4323/55228/4323-55228-0021.flac,bonafide,0,librispeech,bonafide_libri_dev-other,libri_4323,4323-55228-0021,libri_4323,16000,
data/external/LibriSpeech/dev-other/4323/55228/4323-55228-0022.flac,bonafide,0,librispeech,bonafide_libri_dev-other,libri_4323,4323-55228-0022,libri_4323,16000,
data/external/LibriSpeech/dev-other/4323/55228/4323-55228-0023.flac,bonafide,0,librispeech,bonafide_libri_dev-other,libri_4323,4323-55228-0023,libri_4323,16000,
data/external/LibriSpeech/dev-other/4323/55228/4323-55228-0024.flac,bonafide,0,librispeech,bonafide_libri_dev-other,libri_4323,4323-55228-0024,libri_4323,16000,
data/external/LibriSpeech/dev-other/4323/55228/4323-55228-0025.flac,bonafide,0,librispeech,bonafide_libri_dev-other,libri_4323,4323-55228-0025,libri_4323,16000,
data/external/LibriSpeech/dev-other/4323/55228/4323-55228-0026.flac,bonafide,0,librispeech,bonafide_libri_dev-other,libri_4323,4323-55228-0026,libri_4323,16000,
data/external/LibriSpeech/dev-other/4323/55228/4323-55228-0027.flac,bonafide,0,librispeech,bonafide_libri_dev-other,libri_4323,4323-55228-0027,libri_4323,16000,
data/external/LibriSpeech/dev-other/4323/55228/4323-55228-0028.flac,bonafide,0,librispeech,bonafide_libri_dev-other,libri_4323,4323-55228-0028,libri_4323,16000,
data/external/LibriSpeech/dev-other/4323/55228/4323-55228-0029.flac,bonafide,0,librispeech,bonafide_libri_dev-other,libri_4323,4323-55228-0029,libri_4323,16000,
data/external/LibriSpeech/dev-other/4323/55228/4323-55228-0030.flac,bonafide,0,librispeech,bonafide_libri_dev-other,libri_4323,4323-55228-0030,libri_4323,16000,
data/external/LibriSpeech/dev-other/4323/55228/4323-55228-0031.flac,bonafide,0,librispeech,bonafide_libri_dev-other,libri_4323,4323-55228-0031,libri_4323,16000,
data/external/LibriSpeech/dev-other/4323/55228/4323-55228-0032.flac,bonafide,0,librispeech,bonafide_libri_dev-other,libri_4323,4323-55228-0032,libri_4323,16000,
data/external/LibriSpeech/dev-other/4323/55228/4323-55228-0033.flac,bonafide,0,librispeech,bonafide_libri_dev-other,libri_4323,4323-55228-0033,libri_4323,16000,
data/external/LibriSpeech/dev-other/4323/55228/4323-55228-0034.flac,bonafide,0,librispeech,bonafide_libri_dev-other,libri_4323,4323-55228-0034,libri_4323,16000,
data/external/LibriSpeech/dev-other/4323/55228/4323-55228-0035.flac,bonafide,0,librispeech,bonafide_libri_dev-other,libri_4323,4323-55228-0035,libri_4323,16000,
data/external/LibriSpeech/dev-other/4323/55228/4323-55228-0036.flac,bonafide,0,librispeech,bonafide_libri_dev-other,libri_4323,4323-55228-0036,libri_4323,16000,
data/external/LibriSpeech/dev-other/4323/55228/4323-55228-0037.flac,bonafide,0,librispeech,bonafide_libri_dev-other,libri_4323,4323-55228-0037,libri_4323,16000,
data/external/LibriSpeech/dev-other/4323/55228/4323-55228-0038.flac,bonafide,0,librispeech,bonafide_libri_dev-other,libri_4323,4323-55228-0038,libri_4323,16000,
data/external/LibriSpeech/dev-other/4323/55228/4323-55228-0039.flac,bonafide,0,librispeech,bonafide_libri_dev-other,libri_4323,4323-55228-0039,libri_4323,16000,
data/external/LibriSpeech/dev-other/4323/55228/4323-55228-0040.flac,bonafide,0,librispeech,bonafide_libri_dev-other,libri_4323,4323-55228-0040,libri_4323,16000,
data/external/LibriSpeech/dev-other/4323/55228/4323-55228-0041.flac,bonafide,0,librispeech,bonafide_libri_dev-other,libri_4323,4323-55228-0041,libri_4323,16000,
data/external/LibriSpeech/dev-other/4323/55228/4323-55228-0042.flac,bonafide,0,librispeech,bonafide_libri_dev-other,libri_4323,4323-55228-0042,libri_4323,16000,
data/external/LibriSpeech/dev-other/4323/55228/4323-55228-0043.flac,bonafide,0,librispeech,bonafide_libri_dev-other,libri_4323,4323-55228-0043,libri_4323,16000,
data/external/LibriSpeech/dev-other/4323/55228/4323-55228-0044.flac,bonafide,0,librispeech,bonafide_libri_dev-other,libri_4323,4323-55228-0044,libri_4323,16000,
data/external/LibriSpeech/dev-other/4323/55228/4323-55228-0045.flac,bonafide,0,librispeech,bonafide_libri_dev-other,libri_4323,4323-55228-0045,libri_4323,16000,
data/external/LibriSpeech/dev-other/4323/55228/4323-55228-0046.flac,bonafide,0,librispeech,bonafide_libri_dev-other,libri_4323,4323-55228-0046,libri_4323,16000,
data/external/LibriSpeech/dev-other/4323/55228/4323-55228-0047.flac,bonafide,0,librispeech,bonafide_libri_dev-other,libri_4323,4323-55228-0047,libri_4323,16000,
data/external/LibriSpeech/dev-other/4323/55228/4323-55228-0048.flac,bonafide,0,librispeech,bonafide_libri_dev-other,libri_4323,4323-55228-0048,libri_4323,16000,
data/external/LibriSpeech/dev-other/4323/55228/4323-55228-0049.flac,bonafide,0,librispeech,bonafide_libri_dev-other,libri_4323,4323-55228-0049,libri_4323,16000,
data/external/LibriSpeech/dev-other/4323/55228/4323-55228-0050.flac,bonafide,0,librispeech,bonafide_libri_dev-other,libri_4323,4323-55228-0050,libri_4323,16000,
data/external/LibriSpeech/dev-other/4323/55228/4323-55228-0051.flac,bonafide,0,librispeech,bonafide_libri_dev-other,libri_4323,4323-55228-0051,libri_4323,16000,
data/external/LibriSpeech/dev-other/4323/55228/4323-55228-0052.flac,bonafide,0,librispeech,bonafide_libri_dev-other,libri_4323,4323-55228-0052,libri_4323,16000,
data/external/LibriSpeech/dev-other/4515/11057/4515-11057-0000.flac,bonafide,0,librispeech,bonafide_libri_dev-other,libri_4515,4515-11057-0000,libri_4515,16000,
data/external/LibriSpeech/dev-other/4515/11057/4515-11057-0001.flac,bonafide,0,librispeech,bonafide_libri_dev-other,libri_4515,4515-11057-0001,libri_4515,16000,
data/external/LibriSpeech/dev-other/4515/11057/4515-11057-0002.flac,bonafide,0,librispeech,bonafide_libri_dev-other,libri_4515,4515-11057-0002,libri_4515,16000,
data/external/LibriSpeech/dev-other/4515/11057/4515-11057-0003.flac,bonafide,0,librispeech,bonafide_libri_dev-other,libri_4515,4515-11057-0003,libri_4515,16000,
data/external/LibriSpeech/dev-other/4515/11057/4515-11057-0004.flac,bonafide,0,librispeech,bonafide_libri_dev-other,libri_4515,4515-11057-0004,libri_4515,16000,
data/external/LibriSpeech/dev-other/4515/11057/4515-11057-0005.flac,bonafide,0,librispeech,bonafide_libri_dev-other,libri_4515,4515-11057-0005,libri_4515,16000,
data/external/LibriSpeech/dev-other/4515/11057/4515-11057-0006.flac,bonafide,0,librispeech,bonafide_libri_dev-other,libri_4515,4515-11057-0006,libri_4515,16000,
data/external/LibriSpeech/dev-other/4515/11057/4515-11057-0007.flac,bonafide,0,librispeech,bonafide_libri_dev-other,libri_4515,4515-11057-0007,libri_4515,16000,
data/external/LibriSpeech/dev-other/4515/11057/4515-11057-0008.flac,bonafide,0,librispeech,bonafide_libri_dev-other,libri_4515,4515-11057-0008,libri_4515,16000,
data/external/LibriSpeech/dev-other/4515/11057/4515-11057-0009.flac,bonafide,0,librispeech,bonafide_libri_dev-other,libri_4515,4515-11057-0009,libri_4515,16000,
data/external/LibriSpeech/dev-other/4515/11057/4515-11057-0010.flac,bonafide,0,librispeech,bonafide_libri_dev-other,libri_4515,4515-11057-0010,libri_4515,16000,
data/external/LibriSpeech/dev-other/4515/11057/4515-11057-0011.flac,bonafide,0,librispeech,bonafide_libri_dev-other,libri_4515,4515-11057-0011,libri_4515,16000,
data/external/LibriSpeech/dev-other/4515/11057/4515-11057-0012.flac,bonafide,0,librispeech,bonafide_libri_dev-other,libri_4515,4515-11057-0012,libri_4515,16000,
data/external/LibriSpeech/dev-other/4515/11057/4515-11057-0013.flac,bonafide,0,librispeech,bonafide_libri_dev-other,libri_4515,4515-11057-0013,libri_4515,16000,
data/external/LibriSpeech/dev-other/4515/11057/4515-11057-0014.flac,bonafide,0,librispeech,bonafide_libri_dev-other,libri_4515,4515-11057-0014,libri_4515,16000,
data/external/LibriSpeech/dev-other/4515/11057/4515-11057-0015.flac,bonafide,0,librispeech,bonafide_libri_dev-other,libri_4515,4515-11057-0015,libri_4515,16000,
data/external/LibriSpeech/dev-other/4515/11057/4515-11057-0016.flac,bonafide,0,librispeech,bonafide_libri_dev-other,libri_4515,4515-11057-0016,libri_4515,16000,
data/external/LibriSpeech/dev-other/4515/11057/4515-11057-0017.flac,bonafide,0,librispeech,bonafide_libri_dev-other,libri_4515,4515-11057-0017,libri_4515,16000,
data/external/LibriSpeech/dev-other/4515/11057/4515-11057-0018.flac,bonafide,0,librispeech,bonafide_libri_dev-other,libri_4515,4515-11057-0018,libri_4515,16000,
data/external/LibriSpeech/dev-other/4515/11057/4515-11057-0019.flac,bonafide,0,librispeech,bonafide_libri_dev-other,libri_4515,4515-11057-0019,libri_4515,16000,
data/external/LibriSpeech/dev-other/4515/11057/4515-11057-0020.flac,bonafide,0,librispeech,bonafide_libri_dev-other,libri_4515,4515-11057-0020,libri_4515,16000,
data/external/LibriSpeech/dev-other/4515/11057/4515-11057-0021.flac,bonafide,0,librispeech,bonafide_libri_dev-other,libri_4515,4515-11057-0021,libri_4515,16000,
data/external/LibriSpeech/dev-other/4515/11057/4515-11057-0022.flac,bonafide,0,librispeech,bonafide_libri_dev-other,libri_4515,4515-11057-0022,libri_4515,16000,
data/external/LibriSpeech/dev-other/4515/11057/4515-11057-0023.flac,bonafide,0,librispeech,bonafide_libri_dev-other,libri_4515,4515-11057-0023,libri_4515,16000,
data/external/LibriSpeech/dev-other/4515/11057/4515-11057-0024.flac,bonafide,0,librispeech,bonafide_libri_dev-other,libri_4515,4515-11057-0024,libri_4515,16000,
data/external/LibriSpeech/dev-other/4515/11057/4515-11057-0025.flac,bonafide,0,librispeech,bonafide_libri_dev-other,libri_4515,4515-11057-0025,libri_4515,16000,
data/external/LibriSpeech/dev-other/4515/11057/4515-11057-0026.flac,bonafide,0,librispeech,bonafide_libri_dev-other,libri_4515,4515-11057-0026,libri_4515,16000,
data/external/LibriSpeech/dev-other/4515/11057/4515-11057-0027.flac,bonafide,0,librispeech,bonafide_libri_dev-other,libri_4515,4515-11057-0027,libri_4515,16000,
data/external/LibriSpeech/dev-other/4515/11057/4515-11057-0028.flac,bonafide,0,librispeech,bonafide_libri_dev-other,libri_4515,4515-11057-0028,libri_4515,16000,
data/external/LibriSpeech/dev-other/4515/11057/4515-11057-0029.flac,bonafide,0,librispeech,bonafide_libri_dev-other,libri_4515,4515-11057-0029,libri_4515,16000,
data/external/LibriSpeech/dev-other/4515/11057/4515-11057-0030.flac,bonafide,0,librispeech,bonafide_libri_dev-other,libri_4515,4515-11057-0030,libri_4515,16000,
data/external/LibriSpeech/dev-other/4515/11057/4515-11057-0031.flac,bonafide,0,librispeech,bonafide_libri_dev-other,libri_4515,4515-11057-0031,libri_4515,16000,
data/external/LibriSpeech/dev-other/4515/11057/4515-11057-0032.flac,bonafide,0,librispeech,bonafide_libri_dev-other,libri_4515,4515-11057-0032,libri_4515,16000,
data/external/LibriSpeech/dev-other/4515/11057/4515-11057-0033.flac,bonafide,0,librispeech,bonafide_libri_dev-other,libri_4515,4515-11057-0033,libri_4515,16000,
data/external/LibriSpeech/dev-other/4515/11057/4515-11057-0034.flac,bonafide,0,librispeech,bonafide_libri_dev-other,libri_4515,4515-11057-0034,libri_4515,16000,
data/external/LibriSpeech/dev-other/4515/11057/4515-11057-0035.flac,bonafide,0,librispeech,bonafide_libri_dev-other,libri_4515,4515-11057-0035,libri_4515,16000,
data/external/LibriSpeech/dev-other/4515/11057/4515-11057-0036.flac,bonafide,0,librispeech,bonafide_libri_dev-other,libri_4515,4515-11057-0036,libri_4515,16000,
data/external/LibriSpeech/dev-other/4515/11057/4515-11057-0037.flac,bonafide,0,librispeech,bonafide_libri_dev-other,libri_4515,4515-11057-0037,libri_4515,16000,
data/external/LibriSpeech/dev-other/4515/11057/4515-11057-0038.flac,bonafide,0,librispeech,bonafide_libri_dev-other,libri_4515,4515-11057-0038,libri_4515,16000,
data/external/LibriSpeech/dev-other/4515/11057/4515-11057-0039.flac,bonafide,0,librispeech,bonafide_libri_dev-other,libri_4515,4515-11057-0039,libri_4515,16000,
data/external/LibriSpeech/dev-other/4515/11057/4515-11057-0040.flac,bonafide,0,librispeech,bonafide_libri_dev-other,libri_4515,4515-11057-0040,libri_4515,16000,
data/external/LibriSpeech/dev-other/4515/11057/4515-11057-0041.flac,bonafide,0,librispeech,bonafide_libri_dev-other,libri_4515,4515-11057-0041,libri_4515,16000,
data/external/LibriSpeech/dev-other/4515/11057/4515-11057-0042.flac,bonafide,0,librispeech,bonafide_libri_dev-other,libri_4515,4515-11057-0042,libri_4515,16000,
data/external/LibriSpeech/dev-other/4515/11057/4515-11057-0043.flac,bonafide,0,librispeech,bonafide_libri_dev-other,libri_4515,4515-11057-0043,libri_4515,16000,
data/external/LibriSpeech/dev-other/4515/11057/4515-11057-0044.flac,bonafide,0,librispeech,bonafide_libri_dev-other,libri_4515,4515-11057-0044,libri_4515,16000,
data/external/LibriSpeech/dev-other/4515/11057/4515-11057-0045.flac,bonafide,0,librispeech,bonafide_libri_dev-other,libri_4515,4515-11057-0045,libri_4515,16000,
data/external/LibriSpeech/dev-other/4515/11057/4515-11057-0046.flac,bonafide,0,librispeech,bonafide_libri_dev-other,libri_4515,4515-11057-0046,libri_4515,16000,
data/external/LibriSpeech/dev-other/4515/11057/4515-11057-0047.flac,bonafide,0,librispeech,bonafide_libri_dev-other,libri_4515,4515-11057-0047,libri_4515,16000,
data/external/LibriSpeech/dev-other/4515/11057/4515-11057-0048.flac,bonafide,0,librispeech,bonafide_libri_dev-other,libri_4515,4515-11057-0048,libri_4515,16000,
data/external/LibriSpeech/dev-other/4515/11057/4515-11057-0049.flac,bonafide,0,librispeech,bonafide_libri_dev-other,libri_4515,4515-11057-0049,libri_4515,16000,
data/external/LibriSpeech/dev-other/4515/11057/4515-11057-0050.flac,bonafide,0,librispeech,bonafide_libri_dev-other,libri_4515,4515-11057-0050,libri_4515,16000,
data/external/LibriSpeech/dev-other/4515/11057/4515-11057-0051.flac,bonafide,0,librispeech,bonafide_libri_dev-other,libri_4515,4515-11057-0051,libri_4515,16000,
data/external/LibriSpeech/dev-other/4515/11057/4515-11057-0052.flac,bonafide,0,librispeech,bonafide_libri_dev-other,libri_4515,4515-11057-0052,libri_4515,16000,
data/external/LibriSpeech/dev-other/4515/11057/4515-11057-0053.flac,bonafide,0,librispeech,bonafide_libri_dev-other,libri_4515,4515-11057-0053,libri_4515,16000,
data/external/LibriSpeech/dev-other/4515/11057/4515-11057-0054.flac,bonafide,0,librispeech,bonafide_libri_dev-other,libri_4515,4515-11057-0054,libri_4515,16000,
data/external/LibriSpeech/dev-other/4515/11057/4515-11057-0055.flac,bonafide,0,librispeech,bonafide_libri_dev-other,libri_4515,4515-11057-0055,libri_4515,16000,
data/external/LibriSpeech/dev-other/4515/11057/4515-11057-0056.flac,bonafide,0,librispeech,bonafide_libri_dev-other,libri_4515,4515-11057-0056,libri_4515,16000,
data/external/LibriSpeech/dev-other/4515/11057/4515-11057-0057.flac,bonafide,0,librispeech,bonafide_libri_dev-other,libri_4515,4515-11057-0057,libri_4515,16000,
data/external/LibriSpeech/dev-other/4515/11057/4515-11057-0058.flac,bonafide,0,librispeech,bonafide_libri_dev-other,libri_4515,4515-11057-0058,libri_4515,16000,
data/external/LibriSpeech/dev-other/4515/11057/4515-11057-0059.flac,bonafide,0,librispeech,bonafide_libri_dev-other,libri_4515,4515-11057-0059,libri_4515,16000,
data/external/LibriSpeech/dev-other/4515/11057/4515-11057-0060.flac,bonafide,0,librispeech,bonafide_libri_dev-other,libri_4515,4515-11057-0060,libri_4515,16000,
data/external/LibriSpeech/dev-other/4515/11057/4515-11057-0061.flac,bonafide,0,librispeech,bonafide_libri_dev-other,libri_4515,4515-11057-0061,libri_4515,16000,
data/external/LibriSpeech/dev-other/4515/11057/4515-11057-0062.flac,bonafide,0,librispeech,bonafide_libri_dev-other,libri_4515,4515-11057-0062,libri_4515,16000,
data/external/LibriSpeech/dev-other/4515/11057/4515-11057-0063.flac,bonafide,0,librispeech,bonafide_libri_dev-other,libri_4515,4515-11057-0063,libri_4515,16000,
data/external/LibriSpeech/dev-other/4515/11057/4515-11057-0064.flac,bonafide,0,librispeech,bonafide_libri_dev-other,libri_4515,4515-11057-0064,libri_4515,16000,
data/external/LibriSpeech/dev-other/4515/11057/4515-11057-0065.flac,bonafide,0,librispeech,bonafide_libri_dev-other,libri_4515,4515-11057-0065,libri_4515,16000,
data/external/LibriSpeech/dev-other/4515/11057/4515-11057-0066.flac,bonafide,0,librispeech,bonafide_libri_dev-other,libri_4515,4515-11057-0066,libri_4515,16000,
data/external/LibriSpeech/dev-other/4515/11057/4515-11057-0067.flac,bonafide,0,librispeech,bonafide_libri_dev-other,libri_4515,4515-11057-0067,libri_4515,16000,
data/external/LibriSpeech/dev-other/4515/11057/4515-11057-0068.flac,bonafide,0,librispeech,bonafide_libri_dev-other,libri_4515,4515-11057-0068,libri_4515,16000,
data/external/LibriSpeech/dev-other/4515/11057/4515-11057-0069.flac,bonafide,0,librispeech,bonafide_libri_dev-other,libri_4515,4515-11057-0069,libri_4515,16000,
data/external/LibriSpeech/dev-other/4515/11057/4515-11057-0070.flac,bonafide,0,librispeech,bonafide_libri_dev-other,libri_4515,4515-11057-0070,libri_4515,16000,
data/external/LibriSpeech/dev-other/4515/11057/4515-11057-0071.flac,bonafide,0,librispeech,bonafide_libri_dev-other,libri_4515,4515-11057-0071,libri_4515,16000,
data/external/LibriSpeech/dev-other/4515/11057/4515-11057-0072.flac,bonafide,0,librispeech,bonafide_libri_dev-other,libri_4515,4515-11057-0072,libri_4515,16000,
data/external/LibriSpeech/dev-other/4515/11057/4515-11057-0073.flac,bonafide,0,librispeech,bonafide_libri_dev-other,libri_4515,4515-11057-0073,libri_4515,16000,
data/external/LibriSpeech/dev-other/4515/11057/4515-11057-0074.flac,bonafide,0,librispeech,bonafide_libri_dev-other,libri_4515,4515-11057-0074,libri_4515,16000,
data/external/LibriSpeech/dev-other/4515/11057/4515-11057-0075.flac,bonafide,0,librispeech,bonafide_libri_dev-other,libri_4515,4515-11057-0075,libri_4515,16000,
data/external/LibriSpeech/dev-other/4515/11057/4515-11057-0076.flac,bonafide,0,librispeech,bonafide_libri_dev-other,libri_4515,4515-11057-0076,libri_4515,16000,
data/external/LibriSpeech/dev-other/4515/11057/4515-11057-0077.flac,bonafide,0,librispeech,bonafide_libri_dev-other,libri_4515,4515-11057-0077,libri_4515,16000,
data/external/LibriSpeech/dev-other/4515/11057/4515-11057-0078.flac,bonafide,0,librispeech,bonafide_libri_dev-other,libri_4515,4515-11057-0078,libri_4515,16000,
data/external/LibriSpeech/dev-other/4515/11057/4515-11057-0079.flac,bonafide,0,librispeech,bonafide_libri_dev-other,libri_4515,4515-11057-0079,libri_4515,16000,
data/external/LibriSpeech/dev-other/4515/11057/4515-11057-0080.flac,bonafide,0,librispeech,bonafide_libri_dev-other,libri_4515,4515-11057-0080,libri_4515,16000,
data/external/LibriSpeech/dev-other/4515/11057/4515-11057-0081.flac,bonafide,0,librispeech,bonafide_libri_dev-other,libri_4515,4515-11057-0081,libri_4515,16000,
data/external/LibriSpeech/dev-other/4515/11057/4515-11057-0082.flac,bonafide,0,librispeech,bonafide_libri_dev-other,libri_4515,4515-11057-0082,libri_4515,16000,
data/external/LibriSpeech/dev-other/4515/11057/4515-11057-0083.flac,bonafide,0,librispeech,bonafide_libri_dev-other,libri_4515,4515-11057-0083,libri_4515,16000,
data/external/LibriSpeech/dev-other/4515/11057/4515-11057-0084.flac,bonafide,0,librispeech,bonafide_libri_dev-other,libri_4515,4515-11057-0084,libri_4515,16000,
data/external/LibriSpeech/dev-other/4515/11057/4515-11057-0085.flac,bonafide,0,librispeech,bonafide_libri_dev-other,libri_4515,4515-11057-0085,libri_4515,16000,
data/external/LibriSpeech/dev-other/4515/11057/4515-11057-0086.flac,bonafide,0,librispeech,bonafide_libri_dev-other,libri_4515,4515-11057-0086,libri_4515,16000,
data/external/LibriSpeech/dev-other/4515/11057/4515-11057-0087.flac,bonafide,0,librispeech,bonafide_libri_dev-other,libri_4515,4515-11057-0087,libri_4515,16000,
data/external/LibriSpeech/dev-other/4515/11057/4515-11057-0088.flac,bonafide,0,librispeech,bonafide_libri_dev-other,libri_4515,4515-11057-0088,libri_4515,16000,
data/external/LibriSpeech/dev-other/4515/11057/4515-11057-0089.flac,bonafide,0,librispeech,bonafide_libri_dev-other,libri_4515,4515-11057-0089,libri_4515,16000,
data/external/LibriSpeech/dev-other/4515/11057/4515-11057-0090.flac,bonafide,0,librispeech,bonafide_libri_dev-other,libri_4515,4515-11057-0090,libri_4515,16000,
data/external/LibriSpeech/dev-other/4515/11057/4515-11057-0091.flac,bonafide,0,librispeech,bonafide_libri_dev-other,libri_4515,4515-11057-0091,libri_4515,16000,
data/external/LibriSpeech/dev-other/4515/11057/4515-11057-0092.flac,bonafide,0,librispeech,bonafide_libri_dev-other,libri_4515,4515-11057-0092,libri_4515,16000,
data/external/LibriSpeech/dev-other/4515/11057/4515-11057-0093.flac,bonafide,0,librispeech,bonafide_libri_dev-other,libri_4515,4515-11057-0093,libri_4515,16000,
data/external/LibriSpeech/dev-other/4515/11057/4515-11057-0094.flac,bonafide,0,librispeech,bonafide_libri_dev-other,libri_4515,4515-11057-0094,libri_4515,16000,
data/external/LibriSpeech/dev-other/4515/11057/4515-11057-0095.flac,bonafide,0,librispeech,bonafide_libri_dev-other,libri_4515,4515-11057-0095,libri_4515,16000,
data/external/LibriSpeech/dev-other/4515/11057/4515-11057-0096.flac,bonafide,0,librispeech,bonafide_libri_dev-other,libri_4515,4515-11057-0096,libri_4515,16000,
data/external/LibriSpeech/dev-other/4515/11057/4515-11057-0097.flac,bonafide,0,librispeech,bonafide_libri_dev-other,libri_4515,4515-11057-0097,libri_4515,16000,
data/external/LibriSpeech/dev-other/4515/11057/4515-11057-0098.flac,bonafide,0,librispeech,bonafide_libri_dev-other,libri_4515,4515-11057-0098,libri_4515,16000,
data/external/LibriSpeech/dev-other/4515/11057/4515-11057-0099.flac,bonafide,0,librispeech,bonafide_libri_dev-other,libri_4515,4515-11057-0099,libri_4515,16000,
data/external/LibriSpeech/dev-other/4515/11057/4515-11057-0100.flac,bonafide,0,librispeech,bonafide_libri_dev-other,libri_4515,4515-11057-0100,libri_4515,16000,
data/external/LibriSpeech/dev-other/4515/11057/4515-11057-0101.flac,bonafide,0,librispeech,bonafide_libri_dev-other,libri_4515,4515-11057-0101,libri_4515,16000,
data/external/LibriSpeech/dev-other/4515/11057/4515-11057-0102.flac,bonafide,0,librispeech,bonafide_libri_dev-other,libri_4515,4515-11057-0102,libri_4515,16000,
data/external/LibriSpeech/dev-other/4515/11057/4515-11057-0103.flac,bonafide,0,librispeech,bonafide_libri_dev-other,libri_4515,4515-11057-0103,libri_4515,16000,
data/external/LibriSpeech/dev-other/4515/11057/4515-11057-0104.flac,bonafide,0,librispeech,bonafide_libri_dev-other,libri_4515,4515-11057-0104,libri_4515,16000,
data/external/LibriSpeech/dev-other/4515/11057/4515-11057-0105.flac,bonafide,0,librispeech,bonafide_libri_dev-other,libri_4515,4515-11057-0105,libri_4515,16000,
data/external/LibriSpeech/dev-other/4515/11057/4515-11057-0106.flac,bonafide,0,librispeech,bonafide_libri_dev-other,libri_4515,4515-11057-0106,libri_4515,16000,
data/external/LibriSpeech/dev-other/4515/11057/4515-11057-0107.flac,bonafide,0,librispeech,bonafide_libri_dev-other,libri_4515,4515-11057-0107,libri_4515,16000,
data/external/LibriSpeech/dev-other/4515/11057/4515-11057-0108.flac,bonafide,0,librispeech,bonafide_libri_dev-other,libri_4515,4515-11057-0108,libri_4515,16000,
data/external/LibriSpeech/dev-other/4515/11057/4515-11057-0109.flac,bonafide,0,librispeech,bonafide_libri_dev-other,libri_4515,4515-11057-0109,libri_4515,16000,
data/external/LibriSpeech/dev-other/4515/11057/4515-11057-0110.flac,bonafide,0,librispeech,bonafide_libri_dev-other,libri_4515,4515-11057-0110,libri_4515,16000,
data/external/LibriSpeech/dev-other/4515/11057/4515-11057-0111.flac,bonafide,0,librispeech,bonafide_libri_dev-other,libri_4515,4515-11057-0111,libri_4515,16000,
data/external/LibriSpeech/dev-other/4515/11057/4515-11057-0112.flac,bonafide,0,librispeech,bonafide_libri_dev-other,libri_4515,4515-11057-0112,libri_4515,16000,
data/external/LibriSpeech/dev-other/4515/11057/4515-11057-0113.flac,bonafide,0,librispeech,bonafide_libri_dev-other,libri_4515,4515-11057-0113,libri_4515,16000,
data/external/LibriSpeech/dev-other/4515/11057/4515-11057-0114.flac,bonafide,0,librispeech,bonafide_libri_dev-other,libri_4515,4515-11057-0114,libri_4515,16000,
data/external/LibriSpeech/dev-other/4570/102353/4570-102353-0000.flac,bonafide,0,librispeech,bonafide_libri_dev-other,libri_4570,4570-102353-0000,libri_4570,16000,
data/external/LibriSpeech/dev-other/4570/102353/4570-102353-0001.flac,bonafide,0,librispeech,bonafide_libri_dev-other,libri_4570,4570-102353-0001,libri_4570,16000,
data/external/LibriSpeech/dev-other/4570/102353/4570-102353-0002.flac,bonafide,0,librispeech,bonafide_libri_dev-other,libri_4570,4570-102353-0002,libri_4570,16000,
data/external/LibriSpeech/dev-other/4570/102353/4570-102353-0003.flac,bonafide,0,librispeech,bonafide_libri_dev-other,libri_4570,4570-102353-0003,libri_4570,16000,
data/external/LibriSpeech/dev-other/4570/102353/4570-102353-0004.flac,bonafide,0,librispeech,bonafide_libri_dev-other,libri_4570,4570-102353-0004,libri_4570,16000,
data/external/LibriSpeech/dev-other/4570/102353/4570-102353-0005.flac,bonafide,0,librispeech,bonafide_libri_dev-other,libri_4570,4570-102353-0005,libri_4570,16000,
data/external/LibriSpeech/dev-other/4570/102353/4570-102353-0006.flac,bonafide,0,librispeech,bonafide_libri_dev-other,libri_4570,4570-102353-0006,libri_4570,16000,
data/external/LibriSpeech/dev-other/4570/102353/4570-102353-0007.flac,bonafide,0,librispeech,bonafide_libri_dev-other,libri_4570,4570-102353-0007,libri_4570,16000,
data/external/LibriSpeech/dev-other/4570/102353/4570-102353-0008.flac,bonafide,0,librispeech,bonafide_libri_dev-other,libri_4570,4570-102353-0008,libri_4570,16000,
data/external/LibriSpeech/dev-other/4570/14911/4570-14911-0000.flac,bonafide,0,librispeech,bonafide_libri_dev-other,libri_4570,4570-14911-0000,libri_4570,16000,
data/external/LibriSpeech/dev-other/4570/14911/4570-14911-0001.flac,bonafide,0,librispeech,bonafide_libri_dev-other,libri_4570,4570-14911-0001,libri_4570,16000,
data/external/LibriSpeech/dev-other/4570/14911/4570-14911-0002.flac,bonafide,0,librispeech,bonafide_libri_dev-other,libri_4570,4570-14911-0002,libri_4570,16000,
data/external/LibriSpeech/dev-other/4570/14911/4570-14911-0003.flac,bonafide,0,librispeech,bonafide_libri_dev-other,libri_4570,4570-14911-0003,libri_4570,16000,
data/external/LibriSpeech/dev-other/4570/14911/4570-14911-0004.flac,bonafide,0,librispeech,bonafide_libri_dev-other,libri_4570,4570-14911-0004,libri_4570,16000,
data/external/LibriSpeech/dev-other/4570/14911/4570-14911-0005.flac,bonafide,0,librispeech,bonafide_libri_dev-other,libri_4570,4570-14911-0005,libri_4570,16000,
data/external/LibriSpeech/dev-other/4570/14911/4570-14911-0006.flac,bonafide,0,librispeech,bonafide_libri_dev-other,libri_4570,4570-14911-0006,libri_4570,16000,
data/external/LibriSpeech/dev-other/4570/14911/4570-14911-0007.flac,bonafide,0,librispeech,bonafide_libri_dev-other,libri_4570,4570-14911-0007,libri_4570,16000,
data/external/LibriSpeech/dev-other/4570/14911/4570-14911-0008.flac,bonafide,0,librispeech,bonafide_libri_dev-other,libri_4570,4570-14911-0008,libri_4570,16000,
data/external/LibriSpeech/dev-other/4570/14911/4570-14911-0009.flac,bonafide,0,librispeech,bonafide_libri_dev-other,libri_4570,4570-14911-0009,libri_4570,16000,
data/external/LibriSpeech/dev-other/4570/14911/4570-14911-0010.flac,bonafide,0,librispeech,bonafide_libri_dev-other,libri_4570,4570-14911-0010,libri_4570,16000,
data/external/LibriSpeech/dev-other/4570/14911/4570-14911-0011.flac,bonafide,0,librispeech,bonafide_libri_dev-other,libri_4570,4570-14911-0011,libri_4570,16000,
data/external/LibriSpeech/dev-other/4570/14911/4570-14911-0012.flac,bonafide,0,librispeech,bonafide_libri_dev-other,libri_4570,4570-14911-0012,libri_4570,16000,
data/external/LibriSpeech/dev-other/4570/14911/4570-14911-0013.flac,bonafide,0,librispeech,bonafide_libri_dev-other,libri_4570,4570-14911-0013,libri_4570,16000,
data/external/LibriSpeech/dev-other/4570/14911/4570-14911-0014.flac,bonafide,0,librispeech,bonafide_libri_dev-other,libri_4570,4570-14911-0014,libri_4570,16000,
data/external/LibriSpeech/dev-other/4570/14911/4570-14911-0015.flac,bonafide,0,librispeech,bonafide_libri_dev-other,libri_4570,4570-14911-0015,libri_4570,16000,
data/external/LibriSpeech/dev-other/4570/14911/4570-14911-0016.flac,bonafide,0,librispeech,bonafide_libri_dev-other,libri_4570,4570-14911-0016,libri_4570,16000,
data/external/LibriSpeech/dev-other/4570/14911/4570-14911-0017.flac,bonafide,0,librispeech,bonafide_libri_dev-other,libri_4570,4570-14911-0017,libri_4570,16000,
data/external/LibriSpeech/dev-other/4570/24733/4570-24733-0000.flac,bonafide,0,librispeech,bonafide_libri_dev-other,libri_4570,4570-24733-0000,libri_4570,16000,
data/external/LibriSpeech/dev-other/4570/24733/4570-24733-0001.flac,bonafide,0,librispeech,bonafide_libri_dev-other,libri_4570,4570-24733-0001,libri_4570,16000,
data/external/LibriSpeech/dev-other/4570/24733/4570-24733-0002.flac,bonafide,0,librispeech,bonafide_libri_dev-other,libri_4570,4570-24733-0002,libri_4570,16000,
data/external/LibriSpeech/dev-other/4570/24733/4570-24733-0003.flac,bonafide,0,librispeech,bonafide_libri_dev-other,libri_4570,4570-24733-0003,libri_4570,16000,
data/external/LibriSpeech/dev-other/4570/24733/4570-24733-0004.flac,bonafide,0,librispeech,bonafide_libri_dev-other,libri_4570,4570-24733-0004,libri_4570,16000,
data/external/LibriSpeech/dev-other/4570/24733/4570-24733-0005.flac,bonafide,0,librispeech,bonafide_libri_dev-other,libri_4570,4570-24733-0005,libri_4570,16000,
data/external/LibriSpeech/dev-other/4570/24733/4570-24733-0006.flac,bonafide,0,librispeech,bonafide_libri_dev-other,libri_4570,4570-24733-0006,libri_4570,16000,
data/external/LibriSpeech/dev-other/4570/24733/4570-24733-0007.flac,bonafide,0,librispeech,bonafide_libri_dev-other,libri_4570,4570-24733-0007,libri_4570,16000,
data/external/LibriSpeech/dev-other/4570/24733/4570-24733-0008.flac,bonafide,0,librispeech,bonafide_libri_dev-other,libri_4570,4570-24733-0008,libri_4570,16000,
data/external/LibriSpeech/dev-other/4570/56594/4570-56594-0000.flac,bonafide,0,librispeech,bonafide_libri_dev-other,libri_4570,4570-56594-0000,libri_4570,16000,
data/external/LibriSpeech/dev-other/4570/56594/4570-56594-0001.flac,bonafide,0,librispeech,bonafide_libri_dev-other,libri_4570,4570-56594-0001,libri_4570,16000,
data/external/LibriSpeech/dev-other/4570/56594/4570-56594-0002.flac,bonafide,0,librispeech,bonafide_libri_dev-other,libri_4570,4570-56594-0002,libri_4570,16000,
data/external/LibriSpeech/dev-other/4570/56594/4570-56594-0003.flac,bonafide,0,librispeech,bonafide_libri_dev-other,libri_4570,4570-56594-0003,libri_4570,16000,
data/external/LibriSpeech/dev-other/4570/56594/4570-56594-0004.flac,bonafide,0,librispeech,bonafide_libri_dev-other,libri_4570,4570-56594-0004,libri_4570,16000,
data/external/LibriSpeech/dev-other/4570/56594/4570-56594-0005.flac,bonafide,0,librispeech,bonafide_libri_dev-other,libri_4570,4570-56594-0005,libri_4570,16000,
data/external/LibriSpeech/dev-other/4570/56594/4570-56594-0006.flac,bonafide,0,librispeech,bonafide_libri_dev-other,libri_4570,4570-56594-0006,libri_4570,16000,
data/external/LibriSpeech/dev-other/4570/56594/4570-56594-0007.flac,bonafide,0,librispeech,bonafide_libri_dev-other,libri_4570,4570-56594-0007,libri_4570,16000,
data/external/LibriSpeech/dev-other/4570/56594/4570-56594-0008.flac,bonafide,0,librispeech,bonafide_libri_dev-other,libri_4570,4570-56594-0008,libri_4570,16000,
data/external/LibriSpeech/dev-other/4570/56594/4570-56594-0009.flac,bonafide,0,librispeech,bonafide_libri_dev-other,libri_4570,4570-56594-0009,libri_4570,16000,
data/external/LibriSpeech/dev-other/4570/56594/4570-56594-0010.flac,bonafide,0,librispeech,bonafide_libri_dev-other,libri_4570,4570-56594-0010,libri_4570,16000,
data/external/LibriSpeech/dev-other/4570/56594/4570-56594-0011.flac,bonafide,0,librispeech,bonafide_libri_dev-other,libri_4570,4570-56594-0011,libri_4570,16000,
data/external/LibriSpeech/dev-other/4570/56594/4570-56594-0012.flac,bonafide,0,librispeech,bonafide_libri_dev-other,libri_4570,4570-56594-0012,libri_4570,16000,
data/external/LibriSpeech/dev-other/4570/56594/4570-56594-0013.flac,bonafide,0,librispeech,bonafide_libri_dev-other,libri_4570,4570-56594-0013,libri_4570,16000,
data/external/LibriSpeech/dev-other/4570/56594/4570-56594-0014.flac,bonafide,0,librispeech,bonafide_libri_dev-other,libri_4570,4570-56594-0014,libri_4570,16000,
data/external/LibriSpeech/dev-other/4570/56594/4570-56594-0015.flac,bonafide,0,librispeech,bonafide_libri_dev-other,libri_4570,4570-56594-0015,libri_4570,16000,
data/external/LibriSpeech/dev-other/4570/56594/4570-56594-0016.flac,bonafide,0,librispeech,bonafide_libri_dev-other,libri_4570,4570-56594-0016,libri_4570,16000,
data/external/LibriSpeech/dev-other/4570/56594/4570-56594-0017.flac,bonafide,0,librispeech,bonafide_libri_dev-other,libri_4570,4570-56594-0017,libri_4570,16000,
data/external/LibriSpeech/dev-other/4570/56594/4570-56594-0018.flac,bonafide,0,librispeech,bonafide_libri_dev-other,libri_4570,4570-56594-0018,libri_4570,16000,
data/external/LibriSpeech/dev-other/4572/112375/4572-112375-0000.flac,bonafide,0,librispeech,bonafide_libri_dev-other,libri_4572,4572-112375-0000,libri_4572,16000,
data/external/LibriSpeech/dev-other/4572/112375/4572-112375-0001.flac,bonafide,0,librispeech,bonafide_libri_dev-other,libri_4572,4572-112375-0001,libri_4572,16000,
data/external/LibriSpeech/dev-other/4572/112375/4572-112375-0002.flac,bonafide,0,librispeech,bonafide_libri_dev-other,libri_4572,4572-112375-0002,libri_4572,16000,
data/external/LibriSpeech/dev-other/4572/112375/4572-112375-0003.flac,bonafide,0,librispeech,bonafide_libri_dev-other,libri_4572,4572-112375-0003,libri_4572,16000,
data/external/LibriSpeech/dev-other/4572/112375/4572-112375-0004.flac,bonafide,0,librispeech,bonafide_libri_dev-other,libri_4572,4572-112375-0004,libri_4572,16000,
data/external/LibriSpeech/dev-other/4572/112375/4572-112375-0005.flac,bonafide,0,librispeech,bonafide_libri_dev-other,libri_4572,4572-112375-0005,libri_4572,16000,
data/external/LibriSpeech/dev-other/4572/112375/4572-112375-0006.flac,bonafide,0,librispeech,bonafide_libri_dev-other,libri_4572,4572-112375-0006,libri_4572,16000,
data/external/LibriSpeech/dev-other/4572/112375/4572-112375-0007.flac,bonafide,0,librispeech,bonafide_libri_dev-other,libri_4572,4572-112375-0007,libri_4572,16000,
data/external/LibriSpeech/dev-other/4572/112375/4572-112375-0008.flac,bonafide,0,librispeech,bonafide_libri_dev-other,libri_4572,4572-112375-0008,libri_4572,16000,
data/external/LibriSpeech/dev-other/4572/112375/4572-112375-0009.flac,bonafide,0,librispeech,bonafide_libri_dev-other,libri_4572,4572-112375-0009,libri_4572,16000,
data/external/LibriSpeech/dev-other/4572/112375/4572-112375-0010.flac,bonafide,0,librispeech,bonafide_libri_dev-other,libri_4572,4572-112375-0010,libri_4572,16000,
data/external/LibriSpeech/dev-other/4572/112375/4572-112375-0011.flac,bonafide,0,librispeech,bonafide_libri_dev-other,libri_4572,4572-112375-0011,libri_4572,16000,
data/external/LibriSpeech/dev-other/4572/112375/4572-112375-0012.flac,bonafide,0,librispeech,bonafide_libri_dev-other,libri_4572,4572-112375-0012,libri_4572,16000,
data/external/LibriSpeech/dev-other/4572/112375/4572-112375-0013.flac,bonafide,0,librispeech,bonafide_libri_dev-other,libri_4572,4572-112375-0013,libri_4572,16000,
data/external/LibriSpeech/dev-other/4572/112375/4572-112375-0014.flac,bonafide,0,librispeech,bonafide_libri_dev-other,libri_4572,4572-112375-0014,libri_4572,16000,
data/external/LibriSpeech/dev-other/4572/112375/4572-112375-0015.flac,bonafide,0,librispeech,bonafide_libri_dev-other,libri_4572,4572-112375-0015,libri_4572,16000,
data/external/LibriSpeech/dev-other/4572/112381/4572-112381-0000.flac,bonafide,0,librispeech,bonafide_libri_dev-other,libri_4572,4572-112381-0000,libri_4572,16000,
data/external/LibriSpeech/dev-other/4572/112381/4572-112381-0001.flac,bonafide,0,librispeech,bonafide_libri_dev-other,libri_4572,4572-112381-0001,libri_4572,16000,
data/external/LibriSpeech/dev-other/4572/112381/4572-112381-0002.flac,bonafide,0,librispeech,bonafide_libri_dev-other,libri_4572,4572-112381-0002,libri_4572,16000,
data/external/LibriSpeech/dev-other/4572/112381/4572-112381-0003.flac,bonafide,0,librispeech,bonafide_libri_dev-other,libri_4572,4572-112381-0003,libri_4572,16000,
data/external/LibriSpeech/dev-other/4572/112381/4572-112381-0004.flac,bonafide,0,librispeech,bonafide_libri_dev-other,libri_4572,4572-112381-0004,libri_4572,16000,
data/external/LibriSpeech/dev-other/4572/112381/4572-112381-0005.flac,bonafide,0,librispeech,bonafide_libri_dev-other,libri_4572,4572-112381-0005,libri_4572,16000,
data/external/LibriSpeech/dev-other/4572/112381/4572-112381-0006.flac,bonafide,0,librispeech,bonafide_libri_dev-other,libri_4572,4572-112381-0006,libri_4572,16000,
data/external/LibriSpeech/dev-other/4572/112381/4572-112381-0007.flac,bonafide,0,librispeech,bonafide_libri_dev-other,libri_4572,4572-112381-0007,libri_4572,16000,
data/external/LibriSpeech/dev-other/4572/112381/4572-112381-0008.flac,bonafide,0,librispeech,bonafide_libri_dev-other,libri_4572,4572-112381-0008,libri_4572,16000,
data/external/LibriSpeech/dev-other/4572/112381/4572-112381-0009.flac,bonafide,0,librispeech,bonafide_libri_dev-other,libri_4572,4572-112381-0009,libri_4572,16000,
data/external/LibriSpeech/dev-other/4572/112381/4572-112381-0010.flac,bonafide,0,librispeech,bonafide_libri_dev-other,libri_4572,4572-112381-0010,libri_4572,16000,
data/external/LibriSpeech/dev-other/4572/112381/4572-112381-0011.flac,bonafide,0,librispeech,bonafide_libri_dev-other,libri_4572,4572-112381-0011,libri_4572,16000,
data/external/LibriSpeech/dev-other/4572/112381/4572-112381-0012.flac,bonafide,0,librispeech,bonafide_libri_dev-other,libri_4572,4572-112381-0012,libri_4572,16000,
data/external/LibriSpeech/dev-other/4572/112381/4572-112381-0013.flac,bonafide,0,librispeech,bonafide_libri_dev-other,libri_4572,4572-112381-0013,libri_4572,16000,
data/external/LibriSpeech/dev-other/4572/112381/4572-112381-0014.flac,bonafide,0,librispeech,bonafide_libri_dev-other,libri_4572,4572-112381-0014,libri_4572,16000,
data/external/LibriSpeech/dev-other/4572/112381/4572-112381-0015.flac,bonafide,0,librispeech,bonafide_libri_dev-other,libri_4572,4572-112381-0015,libri_4572,16000,
data/external/LibriSpeech/dev-other/4572/112381/4572-112381-0016.flac,bonafide,0,librispeech,bonafide_libri_dev-other,libri_4572,4572-112381-0016,libri_4572,16000,
data/external/LibriSpeech/dev-other/4572/112381/4572-112381-0017.flac,bonafide,0,librispeech,bonafide_libri_dev-other,libri_4572,4572-112381-0017,libri_4572,16000,
data/external/LibriSpeech/dev-other/4572/112381/4572-112381-0018.flac,bonafide,0,librispeech,bonafide_libri_dev-other,libri_4572,4572-112381-0018,libri_4572,16000,
data/external/LibriSpeech/dev-other/4572/112381/4572-112381-0019.flac,bonafide,0,librispeech,bonafide_libri_dev-other,libri_4572,4572-112381-0019,libri_4572,16000,
data/external/LibriSpeech/dev-other/4572/112383/4572-112383-0000.flac,bonafide,0,librispeech,bonafide_libri_dev-other,libri_4572,4572-112383-0000,libri_4572,16000,
data/external/LibriSpeech/dev-other/4572/112383/4572-112383-0001.flac,bonafide,0,librispeech,bonafide_libri_dev-other,libri_4572,4572-112383-0001,libri_4572,16000,
data/external/LibriSpeech/dev-other/4572/112383/4572-112383-0002.flac,bonafide,0,librispeech,bonafide_libri_dev-other,libri_4572,4572-112383-0002,libri_4572,16000,
data/external/LibriSpeech/dev-other/4572/112383/4572-112383-0003.flac,bonafide,0,librispeech,bonafide_libri_dev-other,libri_4572,4572-112383-0003,libri_4572,16000,
data/external/LibriSpeech/dev-other/4572/112383/4572-112383-0004.flac,bonafide,0,librispeech,bonafide_libri_dev-other,libri_4572,4572-112383-0004,libri_4572,16000,
data/external/LibriSpeech/dev-other/4572/112383/4572-112383-0005.flac,bonafide,0,librispeech,bonafide_libri_dev-other,libri_4572,4572-112383-0005,libri_4572,16000,
data/external/LibriSpeech/dev-other/4572/112383/4572-112383-0006.flac,bonafide,0,librispeech,bonafide_libri_dev-other,libri_4572,4572-112383-0006,libri_4572,16000,
data/external/LibriSpeech/dev-other/4572/112383/4572-112383-0007.flac,bonafide,0,librispeech,bonafide_libri_dev-other,libri_4572,4572-112383-0007,libri_4572,16000,
data/external/LibriSpeech/dev-other/4572/112383/4572-112383-0008.flac,bonafide,0,librispeech,bonafide_libri_dev-other,libri_4572,4572-112383-0008,libri_4572,16000,
data/external/LibriSpeech/dev-other/4572/112383/4572-112383-0009.flac,bonafide,0,librispeech,bonafide_libri_dev-other,libri_4572,4572-112383-0009,libri_4572,16000,
data/external/LibriSpeech/dev-other/4572/64670/4572-64670-0000.flac,bonafide,0,librispeech,bonafide_libri_dev-other,libri_4572,4572-64670-0000,libri_4572,16000,
data/external/LibriSpeech/dev-other/4572/64670/4572-64670-0001.flac,bonafide,0,librispeech,bonafide_libri_dev-other,libri_4572,4572-64670-0001,libri_4572,16000,
data/external/LibriSpeech/dev-other/4572/64670/4572-64670-0002.flac,bonafide,0,librispeech,bonafide_libri_dev-other,libri_4572,4572-64670-0002,libri_4572,16000,
data/external/LibriSpeech/dev-other/4572/64670/4572-64670-0003.flac,bonafide,0,librispeech,bonafide_libri_dev-other,libri_4572,4572-64670-0003,libri_4572,16000,
data/external/LibriSpeech/dev-other/4572/64670/4572-64670-0004.flac,bonafide,0,librispeech,bonafide_libri_dev-other,libri_4572,4572-64670-0004,libri_4572,16000,
data/external/LibriSpeech/dev-other/4572/64670/4572-64670-0005.flac,bonafide,0,librispeech,bonafide_libri_dev-other,libri_4572,4572-64670-0005,libri_4572,16000,
data/external/LibriSpeech/dev-other/4572/64670/4572-64670-0006.flac,bonafide,0,librispeech,bonafide_libri_dev-other,libri_4572,4572-64670-0006,libri_4572,16000,
data/external/LibriSpeech/dev-other/4572/64670/4572-64670-0007.flac,bonafide,0,librispeech,bonafide_libri_dev-other,libri_4572,4572-64670-0007,libri_4572,16000,
data/external/LibriSpeech/dev-other/4572/64670/4572-64670-0008.flac,bonafide,0,librispeech,bonafide_libri_dev-other,libri_4572,4572-64670-0008,libri_4572,16000,
data/external/LibriSpeech/dev-other/4572/64670/4572-64670-0009.flac,bonafide,0,librispeech,bonafide_libri_dev-other,libri_4572,4572-64670-0009,libri_4572,16000,
data/external/LibriSpeech/dev-other/4572/64670/4572-64670-0010.flac,bonafide,0,librispeech,bonafide_libri_dev-other,libri_4572,4572-64670-0010,libri_4572,16000,
data/external/LibriSpeech/dev-other/4572/64670/4572-64670-0011.flac,bonafide,0,librispeech,bonafide_libri_dev-other,libri_4572,4572-64670-0011,libri_4572,16000,
data/external/LibriSpeech/dev-other/4572/64670/4572-64670-0012.flac,bonafide,0,librispeech,bonafide_libri_dev-other,libri_4572,4572-64670-0012,libri_4572,16000,
data/external/LibriSpeech/dev-other/4572/64670/4572-64670-0013.flac,bonafide,0,librispeech,bonafide_libri_dev-other,libri_4572,4572-64670-0013,libri_4572,16000,
data/external/LibriSpeech/dev-other/4572/64670/4572-64670-0014.flac,bonafide,0,librispeech,bonafide_libri_dev-other,libri_4572,4572-64670-0014,libri_4572,16000,
data/external/LibriSpeech/dev-other/4572/64670/4572-64670-0015.flac,bonafide,0,librispeech,bonafide_libri_dev-other,libri_4572,4572-64670-0015,libri_4572,16000,
data/external/LibriSpeech/dev-other/4572/64670/4572-64670-0016.flac,bonafide,0,librispeech,bonafide_libri_dev-other,libri_4572,4572-64670-0016,libri_4572,16000,
data/external/LibriSpeech/dev-other/4572/64670/4572-64670-0017.flac,bonafide,0,librispeech,bonafide_libri_dev-other,libri_4572,4572-64670-0017,libri_4572,16000,
data/external/LibriSpeech/dev-other/4572/64670/4572-64670-0018.flac,bonafide,0,librispeech,bonafide_libri_dev-other,libri_4572,4572-64670-0018,libri_4572,16000,
data/external/LibriSpeech/dev-other/4572/64670/4572-64670-0019.flac,bonafide,0,librispeech,bonafide_libri_dev-other,libri_4572,4572-64670-0019,libri_4572,16000,
data/external/LibriSpeech/dev-other/4572/64670/4572-64670-0020.flac,bonafide,0,librispeech,bonafide_libri_dev-other,libri_4572,4572-64670-0020,libri_4572,16000,
data/external/LibriSpeech/dev-other/4572/64670/4572-64670-0021.flac,bonafide,0,librispeech,bonafide_libri_dev-other,libri_4572,4572-64670-0021,libri_4572,16000,
data/external/LibriSpeech/dev-other/4572/64670/4572-64670-0022.flac,bonafide,0,librispeech,bonafide_libri_dev-other,libri_4572,4572-64670-0022,libri_4572,16000,
data/external/LibriSpeech/dev-other/4572/64670/4572-64670-0023.flac,bonafide,0,librispeech,bonafide_libri_dev-other,libri_4572,4572-64670-0023,libri_4572,16000,
data/external/LibriSpeech/dev-other/4572/64670/4572-64670-0024.flac,bonafide,0,librispeech,bonafide_libri_dev-other,libri_4572,4572-64670-0024,libri_4572,16000,
data/external/LibriSpeech/dev-other/4831/18525/4831-18525-0000.flac,bonafide,0,librispeech,bonafide_libri_dev-other,libri_4831,4831-18525-0000,libri_4831,16000,
data/external/LibriSpeech/dev-other/4831/18525/4831-18525-0001.flac,bonafide,0,librispeech,bonafide_libri_dev-other,libri_4831,4831-18525-0001,libri_4831,16000,
data/external/LibriSpeech/dev-other/4831/18525/4831-18525-0002.flac,bonafide,0,librispeech,bonafide_libri_dev-other,libri_4831,4831-18525-0002,libri_4831,16000,
data/external/LibriSpeech/dev-other/4831/18525/4831-18525-0003.flac,bonafide,0,librispeech,bonafide_libri_dev-other,libri_4831,4831-18525-0003,libri_4831,16000,
data/external/LibriSpeech/dev-other/4831/18525/4831-18525-0004.flac,bonafide,0,librispeech,bonafide_libri_dev-other,libri_4831,4831-18525-0004,libri_4831,16000,
data/external/LibriSpeech/dev-other/4831/18525/4831-18525-0005.flac,bonafide,0,librispeech,bonafide_libri_dev-other,libri_4831,4831-18525-0005,libri_4831,16000,
data/external/LibriSpeech/dev-other/4831/18525/4831-18525-0006.flac,bonafide,0,librispeech,bonafide_libri_dev-other,libri_4831,4831-18525-0006,libri_4831,16000,
data/external/LibriSpeech/dev-other/4831/18525/4831-18525-0007.flac,bonafide,0,librispeech,bonafide_libri_dev-other,libri_4831,4831-18525-0007,libri_4831,16000,
data/external/LibriSpeech/dev-other/4831/18525/4831-18525-0008.flac,bonafide,0,librispeech,bonafide_libri_dev-other,libri_4831,4831-18525-0008,libri_4831,16000,
data/external/LibriSpeech/dev-other/4831/18525/4831-18525-0009.flac,bonafide,0,librispeech,bonafide_libri_dev-other,libri_4831,4831-18525-0009,libri_4831,16000,
data/external/LibriSpeech/dev-other/4831/18525/4831-18525-0010.flac,bonafide,0,librispeech,bonafide_libri_dev-other,libri_4831,4831-18525-0010,libri_4831,16000,
data/external/LibriSpeech/dev-other/4831/18525/4831-18525-0011.flac,bonafide,0,librispeech,bonafide_libri_dev-other,libri_4831,4831-18525-0011,libri_4831,16000,
data/external/LibriSpeech/dev-other/4831/18525/4831-18525-0012.flac,bonafide,0,librispeech,bonafide_libri_dev-other,libri_4831,4831-18525-0012,libri_4831,16000,
data/external/LibriSpeech/dev-other/4831/18525/4831-18525-0013.flac,bonafide,0,librispeech,bonafide_libri_dev-other,libri_4831,4831-18525-0013,libri_4831,16000,
data/external/LibriSpeech/dev-other/4831/18525/4831-18525-0014.flac,bonafide,0,librispeech,bonafide_libri_dev-other,libri_4831,4831-18525-0014,libri_4831,16000,
data/external/LibriSpeech/dev-other/4831/18525/4831-18525-0015.flac,bonafide,0,librispeech,bonafide_libri_dev-other,libri_4831,4831-18525-0015,libri_4831,16000,
data/external/LibriSpeech/dev-other/4831/18525/4831-18525-0016.flac,bonafide,0,librispeech,bonafide_libri_dev-other,libri_4831,4831-18525-0016,libri_4831,16000,
data/external/LibriSpeech/dev-other/4831/18525/4831-18525-0017.flac,bonafide,0,librispeech,bonafide_libri_dev-other,libri_4831,4831-18525-0017,libri_4831,16000,
data/external/LibriSpeech/dev-other/4831/18525/4831-18525-0018.flac,bonafide,0,librispeech,bonafide_libri_dev-other,libri_4831,4831-18525-0018,libri_4831,16000,
data/external/LibriSpeech/dev-other/4831/18525/4831-18525-0019.flac,bonafide,0,librispeech,bonafide_libri_dev-other,libri_4831,4831-18525-0019,libri_4831,16000,
data/external/LibriSpeech/dev-other/4831/18525/4831-18525-0020.flac,bonafide,0,librispeech,bonafide_libri_dev-other,libri_4831,4831-18525-0020,libri_4831,16000,
data/external/LibriSpeech/dev-other/4831/18525/4831-18525-0021.flac,bonafide,0,librispeech,bonafide_libri_dev-other,libri_4831,4831-18525-0021,libri_4831,16000,
data/external/LibriSpeech/dev-other/4831/18525/4831-18525-0022.flac,bonafide,0,librispeech,bonafide_libri_dev-other,libri_4831,4831-18525-0022,libri_4831,16000,
data/external/LibriSpeech/dev-other/4831/18525/4831-18525-0023.flac,bonafide,0,librispeech,bonafide_libri_dev-other,libri_4831,4831-18525-0023,libri_4831,16000,
data/external/LibriSpeech/dev-other/4831/18525/4831-18525-0024.flac,bonafide,0,librispeech,bonafide_libri_dev-other,libri_4831,4831-18525-0024,libri_4831,16000,
data/external/LibriSpeech/dev-other/4831/18525/4831-18525-0025.flac,bonafide,0,librispeech,bonafide_libri_dev-other,libri_4831,4831-18525-0025,libri_4831,16000,
data/external/LibriSpeech/dev-other/4831/18525/4831-18525-0026.flac,bonafide,0,librispeech,bonafide_libri_dev-other,libri_4831,4831-18525-0026,libri_4831,16000,
data/external/LibriSpeech/dev-other/4831/18525/4831-18525-0027.flac,bonafide,0,librispeech,bonafide_libri_dev-other,libri_4831,4831-18525-0027,libri_4831,16000,
data/external/LibriSpeech/dev-other/4831/18525/4831-18525-0028.flac,bonafide,0,librispeech,bonafide_libri_dev-other,libri_4831,4831-18525-0028,libri_4831,16000,
data/external/LibriSpeech/dev-other/4831/18525/4831-18525-0029.flac,bonafide,0,librispeech,bonafide_libri_dev-other,libri_4831,4831-18525-0029,libri_4831,16000,
data/external/LibriSpeech/dev-other/4831/18525/4831-18525-0030.flac,bonafide,0,librispeech,bonafide_libri_dev-other,libri_4831,4831-18525-0030,libri_4831,16000,
data/external/LibriSpeech/dev-other/4831/18525/4831-18525-0031.flac,bonafide,0,librispeech,bonafide_libri_dev-other,libri_4831,4831-18525-0031,libri_4831,16000,
data/external/LibriSpeech/dev-other/4831/25894/4831-25894-0000.flac,bonafide,0,librispeech,bonafide_libri_dev-other,libri_4831,4831-25894-0000,libri_4831,16000,
data/external/LibriSpeech/dev-other/4831/25894/4831-25894-0001.flac,bonafide,0,librispeech,bonafide_libri_dev-other,libri_4831,4831-25894-0001,libri_4831,16000,
data/external/LibriSpeech/dev-other/4831/25894/4831-25894-0002.flac,bonafide,0,librispeech,bonafide_libri_dev-other,libri_4831,4831-25894-0002,libri_4831,16000,
data/external/LibriSpeech/dev-other/4831/25894/4831-25894-0003.flac,bonafide,0,librispeech,bonafide_libri_dev-other,libri_4831,4831-25894-0003,libri_4831,16000,
data/external/LibriSpeech/dev-other/4831/25894/4831-25894-0004.flac,bonafide,0,librispeech,bonafide_libri_dev-other,libri_4831,4831-25894-0004,libri_4831,16000,
data/external/LibriSpeech/dev-other/4831/25894/4831-25894-0005.flac,bonafide,0,librispeech,bonafide_libri_dev-other,libri_4831,4831-25894-0005,libri_4831,16000,
data/external/LibriSpeech/dev-other/4831/25894/4831-25894-0006.flac,bonafide,0,librispeech,bonafide_libri_dev-other,libri_4831,4831-25894-0006,libri_4831,16000,
data/external/LibriSpeech/dev-other/4831/25894/4831-25894-0007.flac,bonafide,0,librispeech,bonafide_libri_dev-other,libri_4831,4831-25894-0007,libri_4831,16000,
data/external/LibriSpeech/dev-other/4831/25894/4831-25894-0008.flac,bonafide,0,librispeech,bonafide_libri_dev-other,libri_4831,4831-25894-0008,libri_4831,16000,
data/external/LibriSpeech/dev-other/4831/25894/4831-25894-0009.flac,bonafide,0,librispeech,bonafide_libri_dev-other,libri_4831,4831-25894-0009,libri_4831,16000,
data/external/LibriSpeech/dev-other/4831/25894/4831-25894-0010.flac,bonafide,0,librispeech,bonafide_libri_dev-other,libri_4831,4831-25894-0010,libri_4831,16000,
data/external/LibriSpeech/dev-other/4831/25894/4831-25894-0011.flac,bonafide,0,librispeech,bonafide_libri_dev-other,libri_4831,4831-25894-0011,libri_4831,16000,
data/external/LibriSpeech/dev-other/4831/25894/4831-25894-0012.flac,bonafide,0,librispeech,bonafide_libri_dev-other,libri_4831,4831-25894-0012,libri_4831,16000,
data/external/LibriSpeech/dev-other/4831/25894/4831-25894-0013.flac,bonafide,0,librispeech,bonafide_libri_dev-other,libri_4831,4831-25894-0013,libri_4831,16000,
data/external/LibriSpeech/dev-other/4831/25894/4831-25894-0014.flac,bonafide,0,librispeech,bonafide_libri_dev-other,libri_4831,4831-25894-0014,libri_4831,16000,
data/external/LibriSpeech/dev-other/4831/25894/4831-25894-0015.flac,bonafide,0,librispeech,bonafide_libri_dev-other,libri_4831,4831-25894-0015,libri_4831,16000,
data/external/LibriSpeech/dev-other/4831/25894/4831-25894-0016.flac,bonafide,0,librispeech,bonafide_libri_dev-other,libri_4831,4831-25894-0016,libri_4831,16000,
data/external/LibriSpeech/dev-other/4831/25894/4831-25894-0017.flac,bonafide,0,librispeech,bonafide_libri_dev-other,libri_4831,4831-25894-0017,libri_4831,16000,
data/external/LibriSpeech/dev-other/4831/25894/4831-25894-0018.flac,bonafide,0,librispeech,bonafide_libri_dev-other,libri_4831,4831-25894-0018,libri_4831,16000,
data/external/LibriSpeech/dev-other/4831/25894/4831-25894-0019.flac,bonafide,0,librispeech,bonafide_libri_dev-other,libri_4831,4831-25894-0019,libri_4831,16000,
data/external/LibriSpeech/dev-other/4831/25894/4831-25894-0020.flac,bonafide,0,librispeech,bonafide_libri_dev-other,libri_4831,4831-25894-0020,libri_4831,16000,
data/external/LibriSpeech/dev-other/4831/25894/4831-25894-0021.flac,bonafide,0,librispeech,bonafide_libri_dev-other,libri_4831,4831-25894-0021,libri_4831,16000,
data/external/LibriSpeech/dev-other/4831/25894/4831-25894-0022.flac,bonafide,0,librispeech,bonafide_libri_dev-other,libri_4831,4831-25894-0022,libri_4831,16000,
data/external/LibriSpeech/dev-other/4831/25894/4831-25894-0023.flac,bonafide,0,librispeech,bonafide_libri_dev-other,libri_4831,4831-25894-0023,libri_4831,16000,
data/external/LibriSpeech/dev-other/4831/25894/4831-25894-0024.flac,bonafide,0,librispeech,bonafide_libri_dev-other,libri_4831,4831-25894-0024,libri_4831,16000,
data/external/LibriSpeech/dev-other/4831/25894/4831-25894-0025.flac,bonafide,0,librispeech,bonafide_libri_dev-other,libri_4831,4831-25894-0025,libri_4831,16000,
data/external/LibriSpeech/dev-other/4831/25894/4831-25894-0026.flac,bonafide,0,librispeech,bonafide_libri_dev-other,libri_4831,4831-25894-0026,libri_4831,16000,
data/external/LibriSpeech/dev-other/4831/25894/4831-25894-0027.flac,bonafide,0,librispeech,bonafide_libri_dev-other,libri_4831,4831-25894-0027,libri_4831,16000,
data/external/LibriSpeech/dev-other/4831/25894/4831-25894-0028.flac,bonafide,0,librispeech,bonafide_libri_dev-other,libri_4831,4831-25894-0028,libri_4831,16000,
data/external/LibriSpeech/dev-other/4831/25894/4831-25894-0029.flac,bonafide,0,librispeech,bonafide_libri_dev-other,libri_4831,4831-25894-0029,libri_4831,16000,
data/external/LibriSpeech/dev-other/4831/25894/4831-25894-0030.flac,bonafide,0,librispeech,bonafide_libri_dev-other,libri_4831,4831-25894-0030,libri_4831,16000,
data/external/LibriSpeech/dev-other/4831/25894/4831-25894-0031.flac,bonafide,0,librispeech,bonafide_libri_dev-other,libri_4831,4831-25894-0031,libri_4831,16000,
data/external/LibriSpeech/dev-other/4831/25894/4831-25894-0032.flac,bonafide,0,librispeech,bonafide_libri_dev-other,libri_4831,4831-25894-0032,libri_4831,16000,
data/external/LibriSpeech/dev-other/4831/25894/4831-25894-0033.flac,bonafide,0,librispeech,bonafide_libri_dev-other,libri_4831,4831-25894-0033,libri_4831,16000,
data/external/LibriSpeech/dev-other/4831/25894/4831-25894-0034.flac,bonafide,0,librispeech,bonafide_libri_dev-other,libri_4831,4831-25894-0034,libri_4831,16000,
data/external/LibriSpeech/dev-other/4831/25894/4831-25894-0035.flac,bonafide,0,librispeech,bonafide_libri_dev-other,libri_4831,4831-25894-0035,libri_4831,16000,
data/external/LibriSpeech/dev-other/4831/29134/4831-29134-0000.flac,bonafide,0,librispeech,bonafide_libri_dev-other,libri_4831,4831-29134-0000,libri_4831,16000,
data/external/LibriSpeech/dev-other/4831/29134/4831-29134-0001.flac,bonafide,0,librispeech,bonafide_libri_dev-other,libri_4831,4831-29134-0001,libri_4831,16000,
data/external/LibriSpeech/dev-other/4831/29134/4831-29134-0002.flac,bonafide,0,librispeech,bonafide_libri_dev-other,libri_4831,4831-29134-0002,libri_4831,16000,
data/external/LibriSpeech/dev-other/4831/29134/4831-29134-0003.flac,bonafide,0,librispeech,bonafide_libri_dev-other,libri_4831,4831-29134-0003,libri_4831,16000,
data/external/LibriSpeech/dev-other/4831/29134/4831-29134-0004.flac,bonafide,0,librispeech,bonafide_libri_dev-other,libri_4831,4831-29134-0004,libri_4831,16000,
data/external/LibriSpeech/dev-other/4831/29134/4831-29134-0005.flac,bonafide,0,librispeech,bonafide_libri_dev-other,libri_4831,4831-29134-0005,libri_4831,16000,
data/external/LibriSpeech/dev-other/4831/29134/4831-29134-0006.flac,bonafide,0,librispeech,bonafide_libri_dev-other,libri_4831,4831-29134-0006,libri_4831,16000,
data/external/LibriSpeech/dev-other/4831/29134/4831-29134-0007.flac,bonafide,0,librispeech,bonafide_libri_dev-other,libri_4831,4831-29134-0007,libri_4831,16000,
data/external/LibriSpeech/dev-other/4831/29134/4831-29134-0008.flac,bonafide,0,librispeech,bonafide_libri_dev-other,libri_4831,4831-29134-0008,libri_4831,16000,
data/external/LibriSpeech/dev-other/4831/29134/4831-29134-0009.flac,bonafide,0,librispeech,bonafide_libri_dev-other,libri_4831,4831-29134-0009,libri_4831,16000,
data/external/LibriSpeech/dev-other/4831/29134/4831-29134-0010.flac,bonafide,0,librispeech,bonafide_libri_dev-other,libri_4831,4831-29134-0010,libri_4831,16000,
data/external/LibriSpeech/dev-other/4831/29134/4831-29134-0011.flac,bonafide,0,librispeech,bonafide_libri_dev-other,libri_4831,4831-29134-0011,libri_4831,16000,
data/external/LibriSpeech/dev-other/4831/29134/4831-29134-0012.flac,bonafide,0,librispeech,bonafide_libri_dev-other,libri_4831,4831-29134-0012,libri_4831,16000,
data/external/LibriSpeech/dev-other/4831/29134/4831-29134-0013.flac,bonafide,0,librispeech,bonafide_libri_dev-other,libri_4831,4831-29134-0013,libri_4831,16000,
data/external/LibriSpeech/dev-other/4831/29134/4831-29134-0014.flac,bonafide,0,librispeech,bonafide_libri_dev-other,libri_4831,4831-29134-0014,libri_4831,16000,
data/external/LibriSpeech/dev-other/4831/29134/4831-29134-0015.flac,bonafide,0,librispeech,bonafide_libri_dev-other,libri_4831,4831-29134-0015,libri_4831,16000,
data/external/LibriSpeech/dev-other/4831/29134/4831-29134-0016.flac,bonafide,0,librispeech,bonafide_libri_dev-other,libri_4831,4831-29134-0016,libri_4831,16000,
data/external/LibriSpeech/dev-other/4831/29134/4831-29134-0017.flac,bonafide,0,librispeech,bonafide_libri_dev-other,libri_4831,4831-29134-0017,libri_4831,16000,
data/external/LibriSpeech/dev-other/4831/29134/4831-29134-0018.flac,bonafide,0,librispeech,bonafide_libri_dev-other,libri_4831,4831-29134-0018,libri_4831,16000,
data/external/LibriSpeech/dev-other/5543/27761/5543-27761-0000.flac,bonafide,0,librispeech,bonafide_libri_dev-other,libri_5543,5543-27761-0000,libri_5543,16000,
data/external/LibriSpeech/dev-other/5543/27761/5543-27761-0001.flac,bonafide,0,librispeech,bonafide_libri_dev-other,libri_5543,5543-27761-0001,libri_5543,16000,
data/external/LibriSpeech/dev-other/5543/27761/5543-27761-0002.flac,bonafide,0,librispeech,bonafide_libri_dev-other,libri_5543,5543-27761-0002,libri_5543,16000,
data/external/LibriSpeech/dev-other/5543/27761/5543-27761-0003.flac,bonafide,0,librispeech,bonafide_libri_dev-other,libri_5543,5543-27761-0003,libri_5543,16000,
data/external/LibriSpeech/dev-other/5543/27761/5543-27761-0004.flac,bonafide,0,librispeech,bonafide_libri_dev-other,libri_5543,5543-27761-0004,libri_5543,16000,
data/external/LibriSpeech/dev-other/5543/27761/5543-27761-0005.flac,bonafide,0,librispeech,bonafide_libri_dev-other,libri_5543,5543-27761-0005,libri_5543,16000,
data/external/LibriSpeech/dev-other/5543/27761/5543-27761-0006.flac,bonafide,0,librispeech,bonafide_libri_dev-other,libri_5543,5543-27761-0006,libri_5543,16000,
data/external/LibriSpeech/dev-other/5543/27761/5543-27761-0007.flac,bonafide,0,librispeech,bonafide_libri_dev-other,libri_5543,5543-27761-0007,libri_5543,16000,
data/external/LibriSpeech/dev-other/5543/27761/5543-27761-0008.flac,bonafide,0,librispeech,bonafide_libri_dev-other,libri_5543,5543-27761-0008,libri_5543,16000,
data/external/LibriSpeech/dev-other/5543/27761/5543-27761-0009.flac,bonafide,0,librispeech,bonafide_libri_dev-other,libri_5543,5543-27761-0009,libri_5543,16000,
data/external/LibriSpeech/dev-other/5543/27761/5543-27761-0010.flac,bonafide,0,librispeech,bonafide_libri_dev-other,libri_5543,5543-27761-0010,libri_5543,16000,
data/external/LibriSpeech/dev-other/5543/27761/5543-27761-0011.flac,bonafide,0,librispeech,bonafide_libri_dev-other,libri_5543,5543-27761-0011,libri_5543,16000,
data/external/LibriSpeech/dev-other/5543/27761/5543-27761-0012.flac,bonafide,0,librispeech,bonafide_libri_dev-other,libri_5543,5543-27761-0012,libri_5543,16000,
data/external/LibriSpeech/dev-other/5543/27761/5543-27761-0013.flac,bonafide,0,librispeech,bonafide_libri_dev-other,libri_5543,5543-27761-0013,libri_5543,16000,
data/external/LibriSpeech/dev-other/5543/27761/5543-27761-0014.flac,bonafide,0,librispeech,bonafide_libri_dev-other,libri_5543,5543-27761-0014,libri_5543,16000,
data/external/LibriSpeech/dev-other/5543/27761/5543-27761-0015.flac,bonafide,0,librispeech,bonafide_libri_dev-other,libri_5543,5543-27761-0015,libri_5543,16000,
data/external/LibriSpeech/dev-other/5543/27761/5543-27761-0016.flac,bonafide,0,librispeech,bonafide_libri_dev-other,libri_5543,5543-27761-0016,libri_5543,16000,
data/external/LibriSpeech/dev-other/5543/27761/5543-27761-0017.flac,bonafide,0,librispeech,bonafide_libri_dev-other,libri_5543,5543-27761-0017,libri_5543,16000,
data/external/LibriSpeech/dev-other/5543/27761/5543-27761-0018.flac,bonafide,0,librispeech,bonafide_libri_dev-other,libri_5543,5543-27761-0018,libri_5543,16000,
data/external/LibriSpeech/dev-other/5543/27761/5543-27761-0019.flac,bonafide,0,librispeech,bonafide_libri_dev-other,libri_5543,5543-27761-0019,libri_5543,16000,
data/external/LibriSpeech/dev-other/5543/27761/5543-27761-0020.flac,bonafide,0,librispeech,bonafide_libri_dev-other,libri_5543,5543-27761-0020,libri_5543,16000,
data/external/LibriSpeech/dev-other/5543/27761/5543-27761-0021.flac,bonafide,0,librispeech,bonafide_libri_dev-other,libri_5543,5543-27761-0021,libri_5543,16000,
data/external/LibriSpeech/dev-other/5543/27761/5543-27761-0022.flac,bonafide,0,librispeech,bonafide_libri_dev-other,libri_5543,5543-27761-0022,libri_5543,16000,
data/external/LibriSpeech/dev-other/5543/27761/5543-27761-0023.flac,bonafide,0,librispeech,bonafide_libri_dev-other,libri_5543,5543-27761-0023,libri_5543,16000,
data/external/LibriSpeech/dev-other/5543/27761/5543-27761-0024.flac,bonafide,0,librispeech,bonafide_libri_dev-other,libri_5543,5543-27761-0024,libri_5543,16000,
data/external/LibriSpeech/dev-other/5543/27761/5543-27761-0025.flac,bonafide,0,librispeech,bonafide_libri_dev-other,libri_5543,5543-27761-0025,libri_5543,16000,
data/external/LibriSpeech/dev-other/5543/27761/5543-27761-0026.flac,bonafide,0,librispeech,bonafide_libri_dev-other,libri_5543,5543-27761-0026,libri_5543,16000,
data/external/LibriSpeech/dev-other/5543/27761/5543-27761-0027.flac,bonafide,0,librispeech,bonafide_libri_dev-other,libri_5543,5543-27761-0027,libri_5543,16000,
data/external/LibriSpeech/dev-other/5543/27761/5543-27761-0028.flac,bonafide,0,librispeech,bonafide_libri_dev-other,libri_5543,5543-27761-0028,libri_5543,16000,
data/external/LibriSpeech/dev-other/5543/27761/5543-27761-0029.flac,bonafide,0,librispeech,bonafide_libri_dev-other,libri_5543,5543-27761-0029,libri_5543,16000,
data/external/LibriSpeech/dev-other/5543/27761/5543-27761-0030.flac,bonafide,0,librispeech,bonafide_libri_dev-other,libri_5543,5543-27761-0030,libri_5543,16000,
data/external/LibriSpeech/dev-other/5543/27761/5543-27761-0031.flac,bonafide,0,librispeech,bonafide_libri_dev-other,libri_5543,5543-27761-0031,libri_5543,16000,
data/external/LibriSpeech/dev-other/5543/27761/5543-27761-0032.flac,bonafide,0,librispeech,bonafide_libri_dev-other,libri_5543,5543-27761-0032,libri_5543,16000,
data/external/LibriSpeech/dev-other/5543/27761/5543-27761-0033.flac,bonafide,0,librispeech,bonafide_libri_dev-other,libri_5543,5543-27761-0033,libri_5543,16000,
data/external/LibriSpeech/dev-other/5543/27761/5543-27761-0034.flac,bonafide,0,librispeech,bonafide_libri_dev-other,libri_5543,5543-27761-0034,libri_5543,16000,
data/external/LibriSpeech/dev-other/5543/27761/5543-27761-0035.flac,bonafide,0,librispeech,bonafide_libri_dev-other,libri_5543,5543-27761-0035,libri_5543,16000,
data/external/LibriSpeech/dev-other/5543/27761/5543-27761-0036.flac,bonafide,0,librispeech,bonafide_libri_dev-other,libri_5543,5543-27761-0036,libri_5543,16000,
data/external/LibriSpeech/dev-other/5543/27761/5543-27761-0037.flac,bonafide,0,librispeech,bonafide_libri_dev-other,libri_5543,5543-27761-0037,libri_5543,16000,
data/external/LibriSpeech/dev-other/5543/27761/5543-27761-0038.flac,bonafide,0,librispeech,bonafide_libri_dev-other,libri_5543,5543-27761-0038,libri_5543,16000,
data/external/LibriSpeech/dev-other/5543/27761/5543-27761-0039.flac,bonafide,0,librispeech,bonafide_libri_dev-other,libri_5543,5543-27761-0039,libri_5543,16000,
data/external/LibriSpeech/dev-other/5543/27761/5543-27761-0040.flac,bonafide,0,librispeech,bonafide_libri_dev-other,libri_5543,5543-27761-0040,libri_5543,16000,
data/external/LibriSpeech/dev-other/5543/27761/5543-27761-0041.flac,bonafide,0,librispeech,bonafide_libri_dev-other,libri_5543,5543-27761-0041,libri_5543,16000,
data/external/LibriSpeech/dev-other/5543/27761/5543-27761-0042.flac,bonafide,0,librispeech,bonafide_libri_dev-other,libri_5543,5543-27761-0042,libri_5543,16000,
data/external/LibriSpeech/dev-other/5543/27761/5543-27761-0043.flac,bonafide,0,librispeech,bonafide_libri_dev-other,libri_5543,5543-27761-0043,libri_5543,16000,
data/external/LibriSpeech/dev-other/5543/27761/5543-27761-0044.flac,bonafide,0,librispeech,bonafide_libri_dev-other,libri_5543,5543-27761-0044,libri_5543,16000,
data/external/LibriSpeech/dev-other/5543/27761/5543-27761-0045.flac,bonafide,0,librispeech,bonafide_libri_dev-other,libri_5543,5543-27761-0045,libri_5543,16000,
data/external/LibriSpeech/dev-other/5543/27761/5543-27761-0046.flac,bonafide,0,librispeech,bonafide_libri_dev-other,libri_5543,5543-27761-0046,libri_5543,16000,
data/external/LibriSpeech/dev-other/5543/27761/5543-27761-0047.flac,bonafide,0,librispeech,bonafide_libri_dev-other,libri_5543,5543-27761-0047,libri_5543,16000,
data/external/LibriSpeech/dev-other/5543/27761/5543-27761-0048.flac,bonafide,0,librispeech,bonafide_libri_dev-other,libri_5543,5543-27761-0048,libri_5543,16000,
data/external/LibriSpeech/dev-other/5543/27761/5543-27761-0049.flac,bonafide,0,librispeech,bonafide_libri_dev-other,libri_5543,5543-27761-0049,libri_5543,16000,
data/external/LibriSpeech/dev-other/5543/27761/5543-27761-0050.flac,bonafide,0,librispeech,bonafide_libri_dev-other,libri_5543,5543-27761-0050,libri_5543,16000,
data/external/LibriSpeech/dev-other/5543/27761/5543-27761-0051.flac,bonafide,0,librispeech,bonafide_libri_dev-other,libri_5543,5543-27761-0051,libri_5543,16000,
data/external/LibriSpeech/dev-other/5543/27761/5543-27761-0052.flac,bonafide,0,librispeech,bonafide_libri_dev-other,libri_5543,5543-27761-0052,libri_5543,16000,
data/external/LibriSpeech/dev-other/5543/27761/5543-27761-0053.flac,bonafide,0,librispeech,bonafide_libri_dev-other,libri_5543,5543-27761-0053,libri_5543,16000,
data/external/LibriSpeech/dev-other/5543/27761/5543-27761-0054.flac,bonafide,0,librispeech,bonafide_libri_dev-other,libri_5543,5543-27761-0054,libri_5543,16000,
data/external/LibriSpeech/dev-other/5543/27761/5543-27761-0055.flac,bonafide,0,librispeech,bonafide_libri_dev-other,libri_5543,5543-27761-0055,libri_5543,16000,
data/external/LibriSpeech/dev-other/5543/27761/5543-27761-0056.flac,bonafide,0,librispeech,bonafide_libri_dev-other,libri_5543,5543-27761-0056,libri_5543,16000,
data/external/LibriSpeech/dev-other/5543/27761/5543-27761-0057.flac,bonafide,0,librispeech,bonafide_libri_dev-other,libri_5543,5543-27761-0057,libri_5543,16000,
data/external/LibriSpeech/dev-other/5543/27761/5543-27761-0058.flac,bonafide,0,librispeech,bonafide_libri_dev-other,libri_5543,5543-27761-0058,libri_5543,16000,
data/external/LibriSpeech/dev-other/5543/27761/5543-27761-0059.flac,bonafide,0,librispeech,bonafide_libri_dev-other,libri_5543,5543-27761-0059,libri_5543,16000,
data/external/LibriSpeech/dev-other/5543/27761/5543-27761-0060.flac,bonafide,0,librispeech,bonafide_libri_dev-other,libri_5543,5543-27761-0060,libri_5543,16000,
data/external/LibriSpeech/dev-other/5543/27761/5543-27761-0061.flac,bonafide,0,librispeech,bonafide_libri_dev-other,libri_5543,5543-27761-0061,libri_5543,16000,
data/external/LibriSpeech/dev-other/5543/27761/5543-27761-0062.flac,bonafide,0,librispeech,bonafide_libri_dev-other,libri_5543,5543-27761-0062,libri_5543,16000,
data/external/LibriSpeech/dev-other/5543/27761/5543-27761-0063.flac,bonafide,0,librispeech,bonafide_libri_dev-other,libri_5543,5543-27761-0063,libri_5543,16000,
data/external/LibriSpeech/dev-other/5543/27761/5543-27761-0064.flac,bonafide,0,librispeech,bonafide_libri_dev-other,libri_5543,5543-27761-0064,libri_5543,16000,
data/external/LibriSpeech/dev-other/5543/27761/5543-27761-0065.flac,bonafide,0,librispeech,bonafide_libri_dev-other,libri_5543,5543-27761-0065,libri_5543,16000,
data/external/LibriSpeech/dev-other/5543/27761/5543-27761-0066.flac,bonafide,0,librispeech,bonafide_libri_dev-other,libri_5543,5543-27761-0066,libri_5543,16000,
data/external/LibriSpeech/dev-other/5543/27761/5543-27761-0067.flac,bonafide,0,librispeech,bonafide_libri_dev-other,libri_5543,5543-27761-0067,libri_5543,16000,
data/external/LibriSpeech/dev-other/5543/27761/5543-27761-0068.flac,bonafide,0,librispeech,bonafide_libri_dev-other,libri_5543,5543-27761-0068,libri_5543,16000,
data/external/LibriSpeech/dev-other/5543/27761/5543-27761-0069.flac,bonafide,0,librispeech,bonafide_libri_dev-other,libri_5543,5543-27761-0069,libri_5543,16000,
data/external/LibriSpeech/dev-other/5543/27761/5543-27761-0070.flac,bonafide,0,librispeech,bonafide_libri_dev-other,libri_5543,5543-27761-0070,libri_5543,16000,
data/external/LibriSpeech/dev-other/5543/27761/5543-27761-0071.flac,bonafide,0,librispeech,bonafide_libri_dev-other,libri_5543,5543-27761-0071,libri_5543,16000,
data/external/LibriSpeech/dev-other/5543/27761/5543-27761-0072.flac,bonafide,0,librispeech,bonafide_libri_dev-other,libri_5543,5543-27761-0072,libri_5543,16000,
data/external/LibriSpeech/dev-other/5543/27761/5543-27761-0073.flac,bonafide,0,librispeech,bonafide_libri_dev-other,libri_5543,5543-27761-0073,libri_5543,16000,
data/external/LibriSpeech/dev-other/5543/27761/5543-27761-0074.flac,bonafide,0,librispeech,bonafide_libri_dev-other,libri_5543,5543-27761-0074,libri_5543,16000,
data/external/LibriSpeech/dev-other/5543/27761/5543-27761-0075.flac,bonafide,0,librispeech,bonafide_libri_dev-other,libri_5543,5543-27761-0075,libri_5543,16000,
data/external/LibriSpeech/dev-other/5543/27761/5543-27761-0076.flac,bonafide,0,librispeech,bonafide_libri_dev-other,libri_5543,5543-27761-0076,libri_5543,16000,
data/external/LibriSpeech/dev-other/5543/27761/5543-27761-0077.flac,bonafide,0,librispeech,bonafide_libri_dev-other,libri_5543,5543-27761-0077,libri_5543,16000,
data/external/LibriSpeech/dev-other/5543/27761/5543-27761-0078.flac,bonafide,0,librispeech,bonafide_libri_dev-other,libri_5543,5543-27761-0078,libri_5543,16000,
data/external/LibriSpeech/dev-other/5543/27761/5543-27761-0079.flac,bonafide,0,librispeech,bonafide_libri_dev-other,libri_5543,5543-27761-0079,libri_5543,16000,
data/external/LibriSpeech/dev-other/5543/27761/5543-27761-0080.flac,bonafide,0,librispeech,bonafide_libri_dev-other,libri_5543,5543-27761-0080,libri_5543,16000,
data/external/LibriSpeech/dev-other/5543/27761/5543-27761-0081.flac,bonafide,0,librispeech,bonafide_libri_dev-other,libri_5543,5543-27761-0081,libri_5543,16000,
data/external/LibriSpeech/dev-other/5543/27761/5543-27761-0082.flac,bonafide,0,librispeech,bonafide_libri_dev-other,libri_5543,5543-27761-0082,libri_5543,16000,
data/external/LibriSpeech/dev-other/5543/27761/5543-27761-0083.flac,bonafide,0,librispeech,bonafide_libri_dev-other,libri_5543,5543-27761-0083,libri_5543,16000,
data/external/LibriSpeech/dev-other/5543/27761/5543-27761-0084.flac,bonafide,0,librispeech,bonafide_libri_dev-other,libri_5543,5543-27761-0084,libri_5543,16000,
data/external/LibriSpeech/dev-other/5543/27761/5543-27761-0085.flac,bonafide,0,librispeech,bonafide_libri_dev-other,libri_5543,5543-27761-0085,libri_5543,16000,
data/external/LibriSpeech/dev-other/5543/27761/5543-27761-0086.flac,bonafide,0,librispeech,bonafide_libri_dev-other,libri_5543,5543-27761-0086,libri_5543,16000,
data/external/LibriSpeech/dev-other/5543/27761/5543-27761-0087.flac,bonafide,0,librispeech,bonafide_libri_dev-other,libri_5543,5543-27761-0087,libri_5543,16000,
data/external/LibriSpeech/dev-other/5543/27761/5543-27761-0088.flac,bonafide,0,librispeech,bonafide_libri_dev-other,libri_5543,5543-27761-0088,libri_5543,16000,
data/external/LibriSpeech/dev-other/5543/27761/5543-27761-0089.flac,bonafide,0,librispeech,bonafide_libri_dev-other,libri_5543,5543-27761-0089,libri_5543,16000,
data/external/LibriSpeech/dev-other/5543/27761/5543-27761-0090.flac,bonafide,0,librispeech,bonafide_libri_dev-other,libri_5543,5543-27761-0090,libri_5543,16000,
data/external/LibriSpeech/dev-other/5543/27761/5543-27761-0091.flac,bonafide,0,librispeech,bonafide_libri_dev-other,libri_5543,5543-27761-0091,libri_5543,16000,
data/external/LibriSpeech/dev-other/5543/27761/5543-27761-0092.flac,bonafide,0,librispeech,bonafide_libri_dev-other,libri_5543,5543-27761-0092,libri_5543,16000,
data/external/LibriSpeech/dev-other/5543/27761/5543-27761-0093.flac,bonafide,0,librispeech,bonafide_libri_dev-other,libri_5543,5543-27761-0093,libri_5543,16000,
data/external/LibriSpeech/dev-other/5543/27761/5543-27761-0094.flac,bonafide,0,librispeech,bonafide_libri_dev-other,libri_5543,5543-27761-0094,libri_5543,16000,
data/external/LibriSpeech/dev-other/5543/27761/5543-27761-0095.flac,bonafide,0,librispeech,bonafide_libri_dev-other,libri_5543,5543-27761-0095,libri_5543,16000,
data/external/LibriSpeech/dev-other/5543/27761/5543-27761-0096.flac,bonafide,0,librispeech,bonafide_libri_dev-other,libri_5543,5543-27761-0096,libri_5543,16000,
data/external/LibriSpeech/dev-other/5543/27761/5543-27761-0097.flac,bonafide,0,librispeech,bonafide_libri_dev-other,libri_5543,5543-27761-0097,libri_5543,16000,
data/external/LibriSpeech/dev-other/5543/27761/5543-27761-0098.flac,bonafide,0,librispeech,bonafide_libri_dev-other,libri_5543,5543-27761-0098,libri_5543,16000,
data/external/LibriSpeech/dev-other/5543/27761/5543-27761-0099.flac,bonafide,0,librispeech,bonafide_libri_dev-other,libri_5543,5543-27761-0099,libri_5543,16000,
data/external/LibriSpeech/dev-other/5543/27761/5543-27761-0100.flac,bonafide,0,librispeech,bonafide_libri_dev-other,libri_5543,5543-27761-0100,libri_5543,16000,
data/external/LibriSpeech/dev-other/5543/27761/5543-27761-0101.flac,bonafide,0,librispeech,bonafide_libri_dev-other,libri_5543,5543-27761-0101,libri_5543,16000,
data/external/LibriSpeech/dev-other/5543/27761/5543-27761-0102.flac,bonafide,0,librispeech,bonafide_libri_dev-other,libri_5543,5543-27761-0102,libri_5543,16000,
data/external/LibriSpeech/dev-other/5543/27761/5543-27761-0103.flac,bonafide,0,librispeech,bonafide_libri_dev-other,libri_5543,5543-27761-0103,libri_5543,16000,
data/external/LibriSpeech/dev-other/5543/27761/5543-27761-0104.flac,bonafide,0,librispeech,bonafide_libri_dev-other,libri_5543,5543-27761-0104,libri_5543,16000,
data/external/LibriSpeech/dev-other/5543/27761/5543-27761-0105.flac,bonafide,0,librispeech,bonafide_libri_dev-other,libri_5543,5543-27761-0105,libri_5543,16000,
data/external/LibriSpeech/dev-other/5543/27761/5543-27761-0106.flac,bonafide,0,librispeech,bonafide_libri_dev-other,libri_5543,5543-27761-0106,libri_5543,16000,
data/external/LibriSpeech/dev-other/5849/50873/5849-50873-0000.flac,bonafide,0,librispeech,bonafide_libri_dev-other,libri_5849,5849-50873-0000,libri_5849,16000,
data/external/LibriSpeech/dev-other/5849/50873/5849-50873-0001.flac,bonafide,0,librispeech,bonafide_libri_dev-other,libri_5849,5849-50873-0001,libri_5849,16000,
data/external/LibriSpeech/dev-other/5849/50873/5849-50873-0002.flac,bonafide,0,librispeech,bonafide_libri_dev-other,libri_5849,5849-50873-0002,libri_5849,16000,
data/external/LibriSpeech/dev-other/5849/50873/5849-50873-0003.flac,bonafide,0,librispeech,bonafide_libri_dev-other,libri_5849,5849-50873-0003,libri_5849,16000,
data/external/LibriSpeech/dev-other/5849/50873/5849-50873-0004.flac,bonafide,0,librispeech,bonafide_libri_dev-other,libri_5849,5849-50873-0004,libri_5849,16000,
data/external/LibriSpeech/dev-other/5849/50873/5849-50873-0005.flac,bonafide,0,librispeech,bonafide_libri_dev-other,libri_5849,5849-50873-0005,libri_5849,16000,
data/external/LibriSpeech/dev-other/5849/50873/5849-50873-0006.flac,bonafide,0,librispeech,bonafide_libri_dev-other,libri_5849,5849-50873-0006,libri_5849,16000,
data/external/LibriSpeech/dev-other/5849/50873/5849-50873-0007.flac,bonafide,0,librispeech,bonafide_libri_dev-other,libri_5849,5849-50873-0007,libri_5849,16000,
data/external/LibriSpeech/dev-other/5849/50873/5849-50873-0008.flac,bonafide,0,librispeech,bonafide_libri_dev-other,libri_5849,5849-50873-0008,libri_5849,16000,
data/external/LibriSpeech/dev-other/5849/50873/5849-50873-0009.flac,bonafide,0,librispeech,bonafide_libri_dev-other,libri_5849,5849-50873-0009,libri_5849,16000,
data/external/LibriSpeech/dev-other/5849/50873/5849-50873-0010.flac,bonafide,0,librispeech,bonafide_libri_dev-other,libri_5849,5849-50873-0010,libri_5849,16000,
data/external/LibriSpeech/dev-other/5849/50873/5849-50873-0011.flac,bonafide,0,librispeech,bonafide_libri_dev-other,libri_5849,5849-50873-0011,libri_5849,16000,
data/external/LibriSpeech/dev-other/5849/50873/5849-50873-0012.flac,bonafide,0,librispeech,bonafide_libri_dev-other,libri_5849,5849-50873-0012,libri_5849,16000,
data/external/LibriSpeech/dev-other/5849/50873/5849-50873-0013.flac,bonafide,0,librispeech,bonafide_libri_dev-other,libri_5849,5849-50873-0013,libri_5849,16000,
data/external/LibriSpeech/dev-other/5849/50873/5849-50873-0014.flac,bonafide,0,librispeech,bonafide_libri_dev-other,libri_5849,5849-50873-0014,libri_5849,16000,
data/external/LibriSpeech/dev-other/5849/50873/5849-50873-0015.flac,bonafide,0,librispeech,bonafide_libri_dev-other,libri_5849,5849-50873-0015,libri_5849,16000,
data/external/LibriSpeech/dev-other/5849/50873/5849-50873-0016.flac,bonafide,0,librispeech,bonafide_libri_dev-other,libri_5849,5849-50873-0016,libri_5849,16000,
data/external/LibriSpeech/dev-other/5849/50873/5849-50873-0017.flac,bonafide,0,librispeech,bonafide_libri_dev-other,libri_5849,5849-50873-0017,libri_5849,16000,
data/external/LibriSpeech/dev-other/5849/50873/5849-50873-0018.flac,bonafide,0,librispeech,bonafide_libri_dev-other,libri_5849,5849-50873-0018,libri_5849,16000,
data/external/LibriSpeech/dev-other/5849/50873/5849-50873-0019.flac,bonafide,0,librispeech,bonafide_libri_dev-other,libri_5849,5849-50873-0019,libri_5849,16000,
data/external/LibriSpeech/dev-other/5849/50873/5849-50873-0020.flac,bonafide,0,librispeech,bonafide_libri_dev-other,libri_5849,5849-50873-0020,libri_5849,16000,
data/external/LibriSpeech/dev-other/5849/50873/5849-50873-0021.flac,bonafide,0,librispeech,bonafide_libri_dev-other,libri_5849,5849-50873-0021,libri_5849,16000,
data/external/LibriSpeech/dev-other/5849/50873/5849-50873-0022.flac,bonafide,0,librispeech,bonafide_libri_dev-other,libri_5849,5849-50873-0022,libri_5849,16000,
data/external/LibriSpeech/dev-other/5849/50873/5849-50873-0023.flac,bonafide,0,librispeech,bonafide_libri_dev-other,libri_5849,5849-50873-0023,libri_5849,16000,
data/external/LibriSpeech/dev-other/5849/50873/5849-50873-0024.flac,bonafide,0,librispeech,bonafide_libri_dev-other,libri_5849,5849-50873-0024,libri_5849,16000,
data/external/LibriSpeech/dev-other/5849/50873/5849-50873-0025.flac,bonafide,0,librispeech,bonafide_libri_dev-other,libri_5849,5849-50873-0025,libri_5849,16000,
data/external/LibriSpeech/dev-other/5849/50873/5849-50873-0026.flac,bonafide,0,librispeech,bonafide_libri_dev-other,libri_5849,5849-50873-0026,libri_5849,16000,
data/external/LibriSpeech/dev-other/5849/50873/5849-50873-0027.flac,bonafide,0,librispeech,bonafide_libri_dev-other,libri_5849,5849-50873-0027,libri_5849,16000,
data/external/LibriSpeech/dev-other/5849/50873/5849-50873-0028.flac,bonafide,0,librispeech,bonafide_libri_dev-other,libri_5849,5849-50873-0028,libri_5849,16000,
data/external/LibriSpeech/dev-other/5849/50873/5849-50873-0029.flac,bonafide,0,librispeech,bonafide_libri_dev-other,libri_5849,5849-50873-0029,libri_5849,16000,
data/external/LibriSpeech/dev-other/5849/50873/5849-50873-0030.flac,bonafide,0,librispeech,bonafide_libri_dev-other,libri_5849,5849-50873-0030,libri_5849,16000,
data/external/LibriSpeech/dev-other/5849/50873/5849-50873-0031.flac,bonafide,0,librispeech,bonafide_libri_dev-other,libri_5849,5849-50873-0031,libri_5849,16000,
data/external/LibriSpeech/dev-other/5849/50873/5849-50873-0032.flac,bonafide,0,librispeech,bonafide_libri_dev-other,libri_5849,5849-50873-0032,libri_5849,16000,
data/external/LibriSpeech/dev-other/5849/50873/5849-50873-0033.flac,bonafide,0,librispeech,bonafide_libri_dev-other,libri_5849,5849-50873-0033,libri_5849,16000,
data/external/LibriSpeech/dev-other/5849/50873/5849-50873-0034.flac,bonafide,0,librispeech,bonafide_libri_dev-other,libri_5849,5849-50873-0034,libri_5849,16000,
data/external/LibriSpeech/dev-other/5849/50873/5849-50873-0035.flac,bonafide,0,librispeech,bonafide_libri_dev-other,libri_5849,5849-50873-0035,libri_5849,16000,
data/external/LibriSpeech/dev-other/5849/50873/5849-50873-0036.flac,bonafide,0,librispeech,bonafide_libri_dev-other,libri_5849,5849-50873-0036,libri_5849,16000,
data/external/LibriSpeech/dev-other/5849/50873/5849-50873-0037.flac,bonafide,0,librispeech,bonafide_libri_dev-other,libri_5849,5849-50873-0037,libri_5849,16000,
data/external/LibriSpeech/dev-other/5849/50873/5849-50873-0038.flac,bonafide,0,librispeech,bonafide_libri_dev-other,libri_5849,5849-50873-0038,libri_5849,16000,
data/external/LibriSpeech/dev-other/5849/50873/5849-50873-0039.flac,bonafide,0,librispeech,bonafide_libri_dev-other,libri_5849,5849-50873-0039,libri_5849,16000,
data/external/LibriSpeech/dev-other/5849/50873/5849-50873-0040.flac,bonafide,0,librispeech,bonafide_libri_dev-other,libri_5849,5849-50873-0040,libri_5849,16000,
data/external/LibriSpeech/dev-other/5849/50873/5849-50873-0041.flac,bonafide,0,librispeech,bonafide_libri_dev-other,libri_5849,5849-50873-0041,libri_5849,16000,
data/external/LibriSpeech/dev-other/5849/50873/5849-50873-0042.flac,bonafide,0,librispeech,bonafide_libri_dev-other,libri_5849,5849-50873-0042,libri_5849,16000,
data/external/LibriSpeech/dev-other/5849/50962/5849-50962-0000.flac,bonafide,0,librispeech,bonafide_libri_dev-other,libri_5849,5849-50962-0000,libri_5849,16000,
data/external/LibriSpeech/dev-other/5849/50962/5849-50962-0001.flac,bonafide,0,librispeech,bonafide_libri_dev-other,libri_5849,5849-50962-0001,libri_5849,16000,
data/external/LibriSpeech/dev-other/5849/50962/5849-50962-0002.flac,bonafide,0,librispeech,bonafide_libri_dev-other,libri_5849,5849-50962-0002,libri_5849,16000,
data/external/LibriSpeech/dev-other/5849/50962/5849-50962-0003.flac,bonafide,0,librispeech,bonafide_libri_dev-other,libri_5849,5849-50962-0003,libri_5849,16000,
data/external/LibriSpeech/dev-other/5849/50962/5849-50962-0004.flac,bonafide,0,librispeech,bonafide_libri_dev-other,libri_5849,5849-50962-0004,libri_5849,16000,
data/external/LibriSpeech/dev-other/5849/50962/5849-50962-0005.flac,bonafide,0,librispeech,bonafide_libri_dev-other,libri_5849,5849-50962-0005,libri_5849,16000,
data/external/LibriSpeech/dev-other/5849/50962/5849-50962-0006.flac,bonafide,0,librispeech,bonafide_libri_dev-other,libri_5849,5849-50962-0006,libri_5849,16000,
data/external/LibriSpeech/dev-other/5849/50962/5849-50962-0007.flac,bonafide,0,librispeech,bonafide_libri_dev-other,libri_5849,5849-50962-0007,libri_5849,16000,
data/external/LibriSpeech/dev-other/5849/50962/5849-50962-0008.flac,bonafide,0,librispeech,bonafide_libri_dev-other,libri_5849,5849-50962-0008,libri_5849,16000,
data/external/LibriSpeech/dev-other/5849/50962/5849-50962-0009.flac,bonafide,0,librispeech,bonafide_libri_dev-other,libri_5849,5849-50962-0009,libri_5849,16000,
data/external/LibriSpeech/dev-other/5849/50962/5849-50962-0010.flac,bonafide,0,librispeech,bonafide_libri_dev-other,libri_5849,5849-50962-0010,libri_5849,16000,
data/external/LibriSpeech/dev-other/5849/50962/5849-50962-0011.flac,bonafide,0,librispeech,bonafide_libri_dev-other,libri_5849,5849-50962-0011,libri_5849,16000,
data/external/LibriSpeech/dev-other/5849/50962/5849-50962-0012.flac,bonafide,0,librispeech,bonafide_libri_dev-other,libri_5849,5849-50962-0012,libri_5849,16000,
data/external/LibriSpeech/dev-other/5849/50962/5849-50962-0013.flac,bonafide,0,librispeech,bonafide_libri_dev-other,libri_5849,5849-50962-0013,libri_5849,16000,
data/external/LibriSpeech/dev-other/5849/50962/5849-50962-0014.flac,bonafide,0,librispeech,bonafide_libri_dev-other,libri_5849,5849-50962-0014,libri_5849,16000,
data/external/LibriSpeech/dev-other/5849/50962/5849-50962-0015.flac,bonafide,0,librispeech,bonafide_libri_dev-other,libri_5849,5849-50962-0015,libri_5849,16000,
data/external/LibriSpeech/dev-other/5849/50962/5849-50962-0016.flac,bonafide,0,librispeech,bonafide_libri_dev-other,libri_5849,5849-50962-0016,libri_5849,16000,
data/external/LibriSpeech/dev-other/5849/50962/5849-50962-0017.flac,bonafide,0,librispeech,bonafide_libri_dev-other,libri_5849,5849-50962-0017,libri_5849,16000,
data/external/LibriSpeech/dev-other/5849/50962/5849-50962-0018.flac,bonafide,0,librispeech,bonafide_libri_dev-other,libri_5849,5849-50962-0018,libri_5849,16000,
data/external/LibriSpeech/dev-other/5849/50962/5849-50962-0019.flac,bonafide,0,librispeech,bonafide_libri_dev-other,libri_5849,5849-50962-0019,libri_5849,16000,
data/external/LibriSpeech/dev-other/5849/50962/5849-50962-0020.flac,bonafide,0,librispeech,bonafide_libri_dev-other,libri_5849,5849-50962-0020,libri_5849,16000,
data/external/LibriSpeech/dev-other/5849/50962/5849-50962-0021.flac,bonafide,0,librispeech,bonafide_libri_dev-other,libri_5849,5849-50962-0021,libri_5849,16000,
data/external/LibriSpeech/dev-other/5849/50962/5849-50962-0022.flac,bonafide,0,librispeech,bonafide_libri_dev-other,libri_5849,5849-50962-0022,libri_5849,16000,
data/external/LibriSpeech/dev-other/5849/50962/5849-50962-0023.flac,bonafide,0,librispeech,bonafide_libri_dev-other,libri_5849,5849-50962-0023,libri_5849,16000,
data/external/LibriSpeech/dev-other/5849/50962/5849-50962-0024.flac,bonafide,0,librispeech,bonafide_libri_dev-other,libri_5849,5849-50962-0024,libri_5849,16000,
data/external/LibriSpeech/dev-other/5849/50962/5849-50962-0025.flac,bonafide,0,librispeech,bonafide_libri_dev-other,libri_5849,5849-50962-0025,libri_5849,16000,
data/external/LibriSpeech/dev-other/5849/50962/5849-50962-0026.flac,bonafide,0,librispeech,bonafide_libri_dev-other,libri_5849,5849-50962-0026,libri_5849,16000,
data/external/LibriSpeech/dev-other/5849/50963/5849-50963-0000.flac,bonafide,0,librispeech,bonafide_libri_dev-other,libri_5849,5849-50963-0000,libri_5849,16000,
data/external/LibriSpeech/dev-other/5849/50963/5849-50963-0001.flac,bonafide,0,librispeech,bonafide_libri_dev-other,libri_5849,5849-50963-0001,libri_5849,16000,
data/external/LibriSpeech/dev-other/5849/50963/5849-50963-0002.flac,bonafide,0,librispeech,bonafide_libri_dev-other,libri_5849,5849-50963-0002,libri_5849,16000,
data/external/LibriSpeech/dev-other/5849/50963/5849-50963-0003.flac,bonafide,0,librispeech,bonafide_libri_dev-other,libri_5849,5849-50963-0003,libri_5849,16000,
data/external/LibriSpeech/dev-other/5849/50963/5849-50963-0004.flac,bonafide,0,librispeech,bonafide_libri_dev-other,libri_5849,5849-50963-0004,libri_5849,16000,
data/external/LibriSpeech/dev-other/5849/50963/5849-50963-0005.flac,bonafide,0,librispeech,bonafide_libri_dev-other,libri_5849,5849-50963-0005,libri_5849,16000,
data/external/LibriSpeech/dev-other/5849/50963/5849-50963-0006.flac,bonafide,0,librispeech,bonafide_libri_dev-other,libri_5849,5849-50963-0006,libri_5849,16000,
data/external/LibriSpeech/dev-other/5849/50963/5849-50963-0007.flac,bonafide,0,librispeech,bonafide_libri_dev-other,libri_5849,5849-50963-0007,libri_5849,16000,
data/external/LibriSpeech/dev-other/5849/50963/5849-50963-0008.flac,bonafide,0,librispeech,bonafide_libri_dev-other,libri_5849,5849-50963-0008,libri_5849,16000,
data/external/LibriSpeech/dev-other/5849/50963/5849-50963-0009.flac,bonafide,0,librispeech,bonafide_libri_dev-other,libri_5849,5849-50963-0009,libri_5849,16000,
data/external/LibriSpeech/dev-other/5849/50963/5849-50963-0010.flac,bonafide,0,librispeech,bonafide_libri_dev-other,libri_5849,5849-50963-0010,libri_5849,16000,
data/external/LibriSpeech/dev-other/5849/50963/5849-50963-0011.flac,bonafide,0,librispeech,bonafide_libri_dev-other,libri_5849,5849-50963-0011,libri_5849,16000,
data/external/LibriSpeech/dev-other/5849/50963/5849-50963-0012.flac,bonafide,0,librispeech,bonafide_libri_dev-other,libri_5849,5849-50963-0012,libri_5849,16000,
data/external/LibriSpeech/dev-other/5849/50963/5849-50963-0013.flac,bonafide,0,librispeech,bonafide_libri_dev-other,libri_5849,5849-50963-0013,libri_5849,16000,
data/external/LibriSpeech/dev-other/5849/50964/5849-50964-0000.flac,bonafide,0,librispeech,bonafide_libri_dev-other,libri_5849,5849-50964-0000,libri_5849,16000,
data/external/LibriSpeech/dev-other/5849/50964/5849-50964-0001.flac,bonafide,0,librispeech,bonafide_libri_dev-other,libri_5849,5849-50964-0001,libri_5849,16000,
data/external/LibriSpeech/dev-other/5849/50964/5849-50964-0002.flac,bonafide,0,librispeech,bonafide_libri_dev-other,libri_5849,5849-50964-0002,libri_5849,16000,
data/external/LibriSpeech/dev-other/5849/50964/5849-50964-0003.flac,bonafide,0,librispeech,bonafide_libri_dev-other,libri_5849,5849-50964-0003,libri_5849,16000,
data/external/LibriSpeech/dev-other/5849/50964/5849-50964-0004.flac,bonafide,0,librispeech,bonafide_libri_dev-other,libri_5849,5849-50964-0004,libri_5849,16000,
data/external/LibriSpeech/dev-other/5849/50964/5849-50964-0005.flac,bonafide,0,librispeech,bonafide_libri_dev-other,libri_5849,5849-50964-0005,libri_5849,16000,
data/external/LibriSpeech/dev-other/5849/50964/5849-50964-0006.flac,bonafide,0,librispeech,bonafide_libri_dev-other,libri_5849,5849-50964-0006,libri_5849,16000,
data/external/LibriSpeech/dev-other/5849/50964/5849-50964-0007.flac,bonafide,0,librispeech,bonafide_libri_dev-other,libri_5849,5849-50964-0007,libri_5849,16000,
data/external/LibriSpeech/dev-other/5849/50964/5849-50964-0008.flac,bonafide,0,librispeech,bonafide_libri_dev-other,libri_5849,5849-50964-0008,libri_5849,16000,
data/external/LibriSpeech/dev-other/5849/50964/5849-50964-0009.flac,bonafide,0,librispeech,bonafide_libri_dev-other,libri_5849,5849-50964-0009,libri_5849,16000,
data/external/LibriSpeech/dev-other/5849/50964/5849-50964-0010.flac,bonafide,0,librispeech,bonafide_libri_dev-other,libri_5849,5849-50964-0010,libri_5849,16000,
data/external/LibriSpeech/dev-other/5849/50964/5849-50964-0011.flac,bonafide,0,librispeech,bonafide_libri_dev-other,libri_5849,5849-50964-0011,libri_5849,16000,
data/external/LibriSpeech/dev-other/5849/50964/5849-50964-0012.flac,bonafide,0,librispeech,bonafide_libri_dev-other,libri_5849,5849-50964-0012,libri_5849,16000,
data/external/LibriSpeech/dev-other/5849/50964/5849-50964-0013.flac,bonafide,0,librispeech,bonafide_libri_dev-other,libri_5849,5849-50964-0013,libri_5849,16000,
data/external/LibriSpeech/dev-other/6123/59150/6123-59150-0000.flac,bonafide,0,librispeech,bonafide_libri_dev-other,libri_6123,6123-59150-0000,libri_6123,16000,
data/external/LibriSpeech/dev-other/6123/59150/6123-59150-0001.flac,bonafide,0,librispeech,bonafide_libri_dev-other,libri_6123,6123-59150-0001,libri_6123,16000,
data/external/LibriSpeech/dev-other/6123/59150/6123-59150-0002.flac,bonafide,0,librispeech,bonafide_libri_dev-other,libri_6123,6123-59150-0002,libri_6123,16000,
data/external/LibriSpeech/dev-other/6123/59150/6123-59150-0003.flac,bonafide,0,librispeech,bonafide_libri_dev-other,libri_6123,6123-59150-0003,libri_6123,16000,
data/external/LibriSpeech/dev-other/6123/59150/6123-59150-0004.flac,bonafide,0,librispeech,bonafide_libri_dev-other,libri_6123,6123-59150-0004,libri_6123,16000,
data/external/LibriSpeech/dev-other/6123/59150/6123-59150-0005.flac,bonafide,0,librispeech,bonafide_libri_dev-other,libri_6123,6123-59150-0005,libri_6123,16000,
data/external/LibriSpeech/dev-other/6123/59150/6123-59150-0006.flac,bonafide,0,librispeech,bonafide_libri_dev-other,libri_6123,6123-59150-0006,libri_6123,16000,
data/external/LibriSpeech/dev-other/6123/59150/6123-59150-0007.flac,bonafide,0,librispeech,bonafide_libri_dev-other,libri_6123,6123-59150-0007,libri_6123,16000,
data/external/LibriSpeech/dev-other/6123/59150/6123-59150-0008.flac,bonafide,0,librispeech,bonafide_libri_dev-other,libri_6123,6123-59150-0008,libri_6123,16000,
data/external/LibriSpeech/dev-other/6123/59150/6123-59150-0009.flac,bonafide,0,librispeech,bonafide_libri_dev-other,libri_6123,6123-59150-0009,libri_6123,16000,
data/external/LibriSpeech/dev-other/6123/59150/6123-59150-0010.flac,bonafide,0,librispeech,bonafide_libri_dev-other,libri_6123,6123-59150-0010,libri_6123,16000,
data/external/LibriSpeech/dev-other/6123/59150/6123-59150-0011.flac,bonafide,0,librispeech,bonafide_libri_dev-other,libri_6123,6123-59150-0011,libri_6123,16000,
data/external/LibriSpeech/dev-other/6123/59150/6123-59150-0012.flac,bonafide,0,librispeech,bonafide_libri_dev-other,libri_6123,6123-59150-0012,libri_6123,16000,
data/external/LibriSpeech/dev-other/6123/59150/6123-59150-0013.flac,bonafide,0,librispeech,bonafide_libri_dev-other,libri_6123,6123-59150-0013,libri_6123,16000,
data/external/LibriSpeech/dev-other/6123/59150/6123-59150-0014.flac,bonafide,0,librispeech,bonafide_libri_dev-other,libri_6123,6123-59150-0014,libri_6123,16000,
data/external/LibriSpeech/dev-other/6123/59150/6123-59150-0015.flac,bonafide,0,librispeech,bonafide_libri_dev-other,libri_6123,6123-59150-0015,libri_6123,16000,
data/external/LibriSpeech/dev-other/6123/59150/6123-59150-0016.flac,bonafide,0,librispeech,bonafide_libri_dev-other,libri_6123,6123-59150-0016,libri_6123,16000,
data/external/LibriSpeech/dev-other/6123/59150/6123-59150-0017.flac,bonafide,0,librispeech,bonafide_libri_dev-other,libri_6123,6123-59150-0017,libri_6123,16000,
data/external/LibriSpeech/dev-other/6123/59150/6123-59150-0018.flac,bonafide,0,librispeech,bonafide_libri_dev-other,libri_6123,6123-59150-0018,libri_6123,16000,
data/external/LibriSpeech/dev-other/6123/59150/6123-59150-0019.flac,bonafide,0,librispeech,bonafide_libri_dev-other,libri_6123,6123-59150-0019,libri_6123,16000,
data/external/LibriSpeech/dev-other/6123/59150/6123-59150-0020.flac,bonafide,0,librispeech,bonafide_libri_dev-other,libri_6123,6123-59150-0020,libri_6123,16000,
data/external/LibriSpeech/dev-other/6123/59150/6123-59150-0021.flac,bonafide,0,librispeech,bonafide_libri_dev-other,libri_6123,6123-59150-0021,libri_6123,16000,
data/external/LibriSpeech/dev-other/6123/59150/6123-59150-0022.flac,bonafide,0,librispeech,bonafide_libri_dev-other,libri_6123,6123-59150-0022,libri_6123,16000,
data/external/LibriSpeech/dev-other/6123/59150/6123-59150-0023.flac,bonafide,0,librispeech,bonafide_libri_dev-other,libri_6123,6123-59150-0023,libri_6123,16000,
data/external/LibriSpeech/dev-other/6123/59150/6123-59150-0024.flac,bonafide,0,librispeech,bonafide_libri_dev-other,libri_6123,6123-59150-0024,libri_6123,16000,
data/external/LibriSpeech/dev-other/6123/59150/6123-59150-0025.flac,bonafide,0,librispeech,bonafide_libri_dev-other,libri_6123,6123-59150-0025,libri_6123,16000,
data/external/LibriSpeech/dev-other/6123/59150/6123-59150-0026.flac,bonafide,0,librispeech,bonafide_libri_dev-other,libri_6123,6123-59150-0026,libri_6123,16000,
data/external/LibriSpeech/dev-other/6123/59150/6123-59150-0027.flac,bonafide,0,librispeech,bonafide_libri_dev-other,libri_6123,6123-59150-0027,libri_6123,16000,
data/external/LibriSpeech/dev-other/6123/59150/6123-59150-0028.flac,bonafide,0,librispeech,bonafide_libri_dev-other,libri_6123,6123-59150-0028,libri_6123,16000,
data/external/LibriSpeech/dev-other/6123/59150/6123-59150-0029.flac,bonafide,0,librispeech,bonafide_libri_dev-other,libri_6123,6123-59150-0029,libri_6123,16000,
data/external/LibriSpeech/dev-other/6123/59150/6123-59150-0030.flac,bonafide,0,librispeech,bonafide_libri_dev-other,libri_6123,6123-59150-0030,libri_6123,16000,
data/external/LibriSpeech/dev-other/6123/59150/6123-59150-0031.flac,bonafide,0,librispeech,bonafide_libri_dev-other,libri_6123,6123-59150-0031,libri_6123,16000,
data/external/LibriSpeech/dev-other/6123/59150/6123-59150-0032.flac,bonafide,0,librispeech,bonafide_libri_dev-other,libri_6123,6123-59150-0032,libri_6123,16000,
data/external/LibriSpeech/dev-other/6123/59150/6123-59150-0033.flac,bonafide,0,librispeech,bonafide_libri_dev-other,libri_6123,6123-59150-0033,libri_6123,16000,
data/external/LibriSpeech/dev-other/6123/59150/6123-59150-0034.flac,bonafide,0,librispeech,bonafide_libri_dev-other,libri_6123,6123-59150-0034,libri_6123,16000,
data/external/LibriSpeech/dev-other/6123/59150/6123-59150-0035.flac,bonafide,0,librispeech,bonafide_libri_dev-other,libri_6123,6123-59150-0035,libri_6123,16000,
data/external/LibriSpeech/dev-other/6123/59150/6123-59150-0036.flac,bonafide,0,librispeech,bonafide_libri_dev-other,libri_6123,6123-59150-0036,libri_6123,16000,
data/external/LibriSpeech/dev-other/6123/59150/6123-59150-0037.flac,bonafide,0,librispeech,bonafide_libri_dev-other,libri_6123,6123-59150-0037,libri_6123,16000,
data/external/LibriSpeech/dev-other/6123/59150/6123-59150-0038.flac,bonafide,0,librispeech,bonafide_libri_dev-other,libri_6123,6123-59150-0038,libri_6123,16000,
data/external/LibriSpeech/dev-other/6123/59150/6123-59150-0039.flac,bonafide,0,librispeech,bonafide_libri_dev-other,libri_6123,6123-59150-0039,libri_6123,16000,
data/external/LibriSpeech/dev-other/6123/59150/6123-59150-0040.flac,bonafide,0,librispeech,bonafide_libri_dev-other,libri_6123,6123-59150-0040,libri_6123,16000,
data/external/LibriSpeech/dev-other/6123/59150/6123-59150-0041.flac,bonafide,0,librispeech,bonafide_libri_dev-other,libri_6123,6123-59150-0041,libri_6123,16000,
data/external/LibriSpeech/dev-other/6123/59150/6123-59150-0042.flac,bonafide,0,librispeech,bonafide_libri_dev-other,libri_6123,6123-59150-0042,libri_6123,16000,
data/external/LibriSpeech/dev-other/6123/59150/6123-59150-0043.flac,bonafide,0,librispeech,bonafide_libri_dev-other,libri_6123,6123-59150-0043,libri_6123,16000,
data/external/LibriSpeech/dev-other/6123/59150/6123-59150-0044.flac,bonafide,0,librispeech,bonafide_libri_dev-other,libri_6123,6123-59150-0044,libri_6123,16000,
data/external/LibriSpeech/dev-other/6123/59150/6123-59150-0045.flac,bonafide,0,librispeech,bonafide_libri_dev-other,libri_6123,6123-59150-0045,libri_6123,16000,
data/external/LibriSpeech/dev-other/6123/59150/6123-59150-0046.flac,bonafide,0,librispeech,bonafide_libri_dev-other,libri_6123,6123-59150-0046,libri_6123,16000,
data/external/LibriSpeech/dev-other/6123/59186/6123-59186-0000.flac,bonafide,0,librispeech,bonafide_libri_dev-other,libri_6123,6123-59186-0000,libri_6123,16000,
data/external/LibriSpeech/dev-other/6123/59186/6123-59186-0001.flac,bonafide,0,librispeech,bonafide_libri_dev-other,libri_6123,6123-59186-0001,libri_6123,16000,
data/external/LibriSpeech/dev-other/6123/59186/6123-59186-0002.flac,bonafide,0,librispeech,bonafide_libri_dev-other,libri_6123,6123-59186-0002,libri_6123,16000,
data/external/LibriSpeech/dev-other/6123/59186/6123-59186-0003.flac,bonafide,0,librispeech,bonafide_libri_dev-other,libri_6123,6123-59186-0003,libri_6123,16000,
data/external/LibriSpeech/dev-other/6123/59186/6123-59186-0004.flac,bonafide,0,librispeech,bonafide_libri_dev-other,libri_6123,6123-59186-0004,libri_6123,16000,
data/external/LibriSpeech/dev-other/6123/59186/6123-59186-0005.flac,bonafide,0,librispeech,bonafide_libri_dev-other,libri_6123,6123-59186-0005,libri_6123,16000,
data/external/LibriSpeech/dev-other/6123/59186/6123-59186-0006.flac,bonafide,0,librispeech,bonafide_libri_dev-other,libri_6123,6123-59186-0006,libri_6123,16000,
data/external/LibriSpeech/dev-other/6123/59186/6123-59186-0007.flac,bonafide,0,librispeech,bonafide_libri_dev-other,libri_6123,6123-59186-0007,libri_6123,16000,
data/external/LibriSpeech/dev-other/6123/59186/6123-59186-0008.flac,bonafide,0,librispeech,bonafide_libri_dev-other,libri_6123,6123-59186-0008,libri_6123,16000,
data/external/LibriSpeech/dev-other/6123/59186/6123-59186-0009.flac,bonafide,0,librispeech,bonafide_libri_dev-other,libri_6123,6123-59186-0009,libri_6123,16000,
data/external/LibriSpeech/dev-other/6123/59186/6123-59186-0010.flac,bonafide,0,librispeech,bonafide_libri_dev-other,libri_6123,6123-59186-0010,libri_6123,16000,
data/external/LibriSpeech/dev-other/6123/59186/6123-59186-0011.flac,bonafide,0,librispeech,bonafide_libri_dev-other,libri_6123,6123-59186-0011,libri_6123,16000,
data/external/LibriSpeech/dev-other/6123/59186/6123-59186-0012.flac,bonafide,0,librispeech,bonafide_libri_dev-other,libri_6123,6123-59186-0012,libri_6123,16000,
data/external/LibriSpeech/dev-other/6123/59186/6123-59186-0013.flac,bonafide,0,librispeech,bonafide_libri_dev-other,libri_6123,6123-59186-0013,libri_6123,16000,
data/external/LibriSpeech/dev-other/6123/59186/6123-59186-0014.flac,bonafide,0,librispeech,bonafide_libri_dev-other,libri_6123,6123-59186-0014,libri_6123,16000,
data/external/LibriSpeech/dev-other/6123/59186/6123-59186-0015.flac,bonafide,0,librispeech,bonafide_libri_dev-other,libri_6123,6123-59186-0015,libri_6123,16000,
data/external/LibriSpeech/dev-other/6123/59186/6123-59186-0016.flac,bonafide,0,librispeech,bonafide_libri_dev-other,libri_6123,6123-59186-0016,libri_6123,16000,
data/external/LibriSpeech/dev-other/6123/59186/6123-59186-0017.flac,bonafide,0,librispeech,bonafide_libri_dev-other,libri_6123,6123-59186-0017,libri_6123,16000,
data/external/LibriSpeech/dev-other/6123/59186/6123-59186-0018.flac,bonafide,0,librispeech,bonafide_libri_dev-other,libri_6123,6123-59186-0018,libri_6123,16000,
data/external/LibriSpeech/dev-other/6123/59186/6123-59186-0019.flac,bonafide,0,librispeech,bonafide_libri_dev-other,libri_6123,6123-59186-0019,libri_6123,16000,
data/external/LibriSpeech/dev-other/6123/59186/6123-59186-0020.flac,bonafide,0,librispeech,bonafide_libri_dev-other,libri_6123,6123-59186-0020,libri_6123,16000,
data/external/LibriSpeech/dev-other/6123/59186/6123-59186-0021.flac,bonafide,0,librispeech,bonafide_libri_dev-other,libri_6123,6123-59186-0021,libri_6123,16000,
data/external/LibriSpeech/dev-other/6123/59186/6123-59186-0022.flac,bonafide,0,librispeech,bonafide_libri_dev-other,libri_6123,6123-59186-0022,libri_6123,16000,
data/external/LibriSpeech/dev-other/6123/59186/6123-59186-0023.flac,bonafide,0,librispeech,bonafide_libri_dev-other,libri_6123,6123-59186-0023,libri_6123,16000,
data/external/LibriSpeech/dev-other/6123/59186/6123-59186-0024.flac,bonafide,0,librispeech,bonafide_libri_dev-other,libri_6123,6123-59186-0024,libri_6123,16000,
data/external/LibriSpeech/dev-other/6123/59186/6123-59186-0025.flac,bonafide,0,librispeech,bonafide_libri_dev-other,libri_6123,6123-59186-0025,libri_6123,16000,
data/external/LibriSpeech/dev-other/6123/59186/6123-59186-0026.flac,bonafide,0,librispeech,bonafide_libri_dev-other,libri_6123,6123-59186-0026,libri_6123,16000,
data/external/LibriSpeech/dev-other/6123/59186/6123-59186-0027.flac,bonafide,0,librispeech,bonafide_libri_dev-other,libri_6123,6123-59186-0027,libri_6123,16000,
data/external/LibriSpeech/dev-other/6123/59186/6123-59186-0028.flac,bonafide,0,librispeech,bonafide_libri_dev-other,libri_6123,6123-59186-0028,libri_6123,16000,
data/external/LibriSpeech/dev-other/6123/59186/6123-59186-0029.flac,bonafide,0,librispeech,bonafide_libri_dev-other,libri_6123,6123-59186-0029,libri_6123,16000,
data/external/LibriSpeech/dev-other/6123/59186/6123-59186-0030.flac,bonafide,0,librispeech,bonafide_libri_dev-other,libri_6123,6123-59186-0030,libri_6123,16000,
data/external/LibriSpeech/dev-other/6123/59186/6123-59186-0031.flac,bonafide,0,librispeech,bonafide_libri_dev-other,libri_6123,6123-59186-0031,libri_6123,16000,
data/external/LibriSpeech/dev-other/6123/59186/6123-59186-0032.flac,bonafide,0,librispeech,bonafide_libri_dev-other,libri_6123,6123-59186-0032,libri_6123,16000,
data/external/LibriSpeech/dev-other/6123/59186/6123-59186-0033.flac,bonafide,0,librispeech,bonafide_libri_dev-other,libri_6123,6123-59186-0033,libri_6123,16000,
data/external/LibriSpeech/dev-other/6123/59186/6123-59186-0034.flac,bonafide,0,librispeech,bonafide_libri_dev-other,libri_6123,6123-59186-0034,libri_6123,16000,
data/external/LibriSpeech/dev-other/6123/59186/6123-59186-0035.flac,bonafide,0,librispeech,bonafide_libri_dev-other,libri_6123,6123-59186-0035,libri_6123,16000,
data/external/LibriSpeech/dev-other/6123/59186/6123-59186-0036.flac,bonafide,0,librispeech,bonafide_libri_dev-other,libri_6123,6123-59186-0036,libri_6123,16000,
data/external/LibriSpeech/dev-other/6123/59186/6123-59186-0037.flac,bonafide,0,librispeech,bonafide_libri_dev-other,libri_6123,6123-59186-0037,libri_6123,16000,
data/external/LibriSpeech/dev-other/6123/59186/6123-59186-0038.flac,bonafide,0,librispeech,bonafide_libri_dev-other,libri_6123,6123-59186-0038,libri_6123,16000,
data/external/LibriSpeech/dev-other/6123/59186/6123-59186-0039.flac,bonafide,0,librispeech,bonafide_libri_dev-other,libri_6123,6123-59186-0039,libri_6123,16000,
data/external/LibriSpeech/dev-other/6123/59186/6123-59186-0040.flac,bonafide,0,librispeech,bonafide_libri_dev-other,libri_6123,6123-59186-0040,libri_6123,16000,
data/external/LibriSpeech/dev-other/6267/53049/6267-53049-0000.flac,bonafide,0,librispeech,bonafide_libri_dev-other,libri_6267,6267-53049-0000,libri_6267,16000,
data/external/LibriSpeech/dev-other/6267/53049/6267-53049-0001.flac,bonafide,0,librispeech,bonafide_libri_dev-other,libri_6267,6267-53049-0001,libri_6267,16000,
data/external/LibriSpeech/dev-other/6267/53049/6267-53049-0002.flac,bonafide,0,librispeech,bonafide_libri_dev-other,libri_6267,6267-53049-0002,libri_6267,16000,
data/external/LibriSpeech/dev-other/6267/53049/6267-53049-0003.flac,bonafide,0,librispeech,bonafide_libri_dev-other,libri_6267,6267-53049-0003,libri_6267,16000,
data/external/LibriSpeech/dev-other/6267/53049/6267-53049-0004.flac,bonafide,0,librispeech,bonafide_libri_dev-other,libri_6267,6267-53049-0004,libri_6267,16000,
data/external/LibriSpeech/dev-other/6267/53049/6267-53049-0005.flac,bonafide,0,librispeech,bonafide_libri_dev-other,libri_6267,6267-53049-0005,libri_6267,16000,
data/external/LibriSpeech/dev-other/6267/53049/6267-53049-0006.flac,bonafide,0,librispeech,bonafide_libri_dev-other,libri_6267,6267-53049-0006,libri_6267,16000,
data/external/LibriSpeech/dev-other/6267/53049/6267-53049-0007.flac,bonafide,0,librispeech,bonafide_libri_dev-other,libri_6267,6267-53049-0007,libri_6267,16000,
data/external/LibriSpeech/dev-other/6267/53049/6267-53049-0008.flac,bonafide,0,librispeech,bonafide_libri_dev-other,libri_6267,6267-53049-0008,libri_6267,16000,
data/external/LibriSpeech/dev-other/6267/53049/6267-53049-0009.flac,bonafide,0,librispeech,bonafide_libri_dev-other,libri_6267,6267-53049-0009,libri_6267,16000,
data/external/LibriSpeech/dev-other/6267/53049/6267-53049-0010.flac,bonafide,0,librispeech,bonafide_libri_dev-other,libri_6267,6267-53049-0010,libri_6267,16000,
data/external/LibriSpeech/dev-other/6267/53049/6267-53049-0011.flac,bonafide,0,librispeech,bonafide_libri_dev-other,libri_6267,6267-53049-0011,libri_6267,16000,
data/external/LibriSpeech/dev-other/6267/53049/6267-53049-0012.flac,bonafide,0,librispeech,bonafide_libri_dev-other,libri_6267,6267-53049-0012,libri_6267,16000,
data/external/LibriSpeech/dev-other/6267/53049/6267-53049-0013.flac,bonafide,0,librispeech,bonafide_libri_dev-other,libri_6267,6267-53049-0013,libri_6267,16000,
data/external/LibriSpeech/dev-other/6267/53049/6267-53049-0014.flac,bonafide,0,librispeech,bonafide_libri_dev-other,libri_6267,6267-53049-0014,libri_6267,16000,
data/external/LibriSpeech/dev-other/6267/53049/6267-53049-0015.flac,bonafide,0,librispeech,bonafide_libri_dev-other,libri_6267,6267-53049-0015,libri_6267,16000,
data/external/LibriSpeech/dev-other/6267/53049/6267-53049-0016.flac,bonafide,0,librispeech,bonafide_libri_dev-other,libri_6267,6267-53049-0016,libri_6267,16000,
data/external/LibriSpeech/dev-other/6267/53049/6267-53049-0017.flac,bonafide,0,librispeech,bonafide_libri_dev-other,libri_6267,6267-53049-0017,libri_6267,16000,
data/external/LibriSpeech/dev-other/6267/53049/6267-53049-0018.flac,bonafide,0,librispeech,bonafide_libri_dev-other,libri_6267,6267-53049-0018,libri_6267,16000,
data/external/LibriSpeech/dev-other/6267/53049/6267-53049-0019.flac,bonafide,0,librispeech,bonafide_libri_dev-other,libri_6267,6267-53049-0019,libri_6267,16000,
data/external/LibriSpeech/dev-other/6267/53049/6267-53049-0020.flac,bonafide,0,librispeech,bonafide_libri_dev-other,libri_6267,6267-53049-0020,libri_6267,16000,
data/external/LibriSpeech/dev-other/6267/53049/6267-53049-0021.flac,bonafide,0,librispeech,bonafide_libri_dev-other,libri_6267,6267-53049-0021,libri_6267,16000,
data/external/LibriSpeech/dev-other/6267/53049/6267-53049-0022.flac,bonafide,0,librispeech,bonafide_libri_dev-other,libri_6267,6267-53049-0022,libri_6267,16000,
data/external/LibriSpeech/dev-other/6267/53049/6267-53049-0023.flac,bonafide,0,librispeech,bonafide_libri_dev-other,libri_6267,6267-53049-0023,libri_6267,16000,
data/external/LibriSpeech/dev-other/6267/53049/6267-53049-0024.flac,bonafide,0,librispeech,bonafide_libri_dev-other,libri_6267,6267-53049-0024,libri_6267,16000,
data/external/LibriSpeech/dev-other/6267/53049/6267-53049-0025.flac,bonafide,0,librispeech,bonafide_libri_dev-other,libri_6267,6267-53049-0025,libri_6267,16000,
data/external/LibriSpeech/dev-other/6267/53049/6267-53049-0026.flac,bonafide,0,librispeech,bonafide_libri_dev-other,libri_6267,6267-53049-0026,libri_6267,16000,
data/external/LibriSpeech/dev-other/6267/53049/6267-53049-0027.flac,bonafide,0,librispeech,bonafide_libri_dev-other,libri_6267,6267-53049-0027,libri_6267,16000,
data/external/LibriSpeech/dev-other/6267/53049/6267-53049-0028.flac,bonafide,0,librispeech,bonafide_libri_dev-other,libri_6267,6267-53049-0028,libri_6267,16000,
data/external/LibriSpeech/dev-other/6267/53049/6267-53049-0029.flac,bonafide,0,librispeech,bonafide_libri_dev-other,libri_6267,6267-53049-0029,libri_6267,16000,
data/external/LibriSpeech/dev-other/6267/53049/6267-53049-0030.flac,bonafide,0,librispeech,bonafide_libri_dev-other,libri_6267,6267-53049-0030,libri_6267,16000,
data/external/LibriSpeech/dev-other/6267/53049/6267-53049-0031.flac,bonafide,0,librispeech,bonafide_libri_dev-other,libri_6267,6267-53049-0031,libri_6267,16000,
data/external/LibriSpeech/dev-other/6267/53049/6267-53049-0032.flac,bonafide,0,librispeech,bonafide_libri_dev-other,libri_6267,6267-53049-0032,libri_6267,16000,
data/external/LibriSpeech/dev-other/6267/65525/6267-65525-0000.flac,bonafide,0,librispeech,bonafide_libri_dev-other,libri_6267,6267-65525-0000,libri_6267,16000,
data/external/LibriSpeech/dev-other/6267/65525/6267-65525-0001.flac,bonafide,0,librispeech,bonafide_libri_dev-other,libri_6267,6267-65525-0001,libri_6267,16000,
data/external/LibriSpeech/dev-other/6267/65525/6267-65525-0002.flac,bonafide,0,librispeech,bonafide_libri_dev-other,libri_6267,6267-65525-0002,libri_6267,16000,
data/external/LibriSpeech/dev-other/6267/65525/6267-65525-0003.flac,bonafide,0,librispeech,bonafide_libri_dev-other,libri_6267,6267-65525-0003,libri_6267,16000,
data/external/LibriSpeech/dev-other/6267/65525/6267-65525-0004.flac,bonafide,0,librispeech,bonafide_libri_dev-other,libri_6267,6267-65525-0004,libri_6267,16000,
data/external/LibriSpeech/dev-other/6267/65525/6267-65525-0005.flac,bonafide,0,librispeech,bonafide_libri_dev-other,libri_6267,6267-65525-0005,libri_6267,16000,
data/external/LibriSpeech/dev-other/6267/65525/6267-65525-0006.flac,bonafide,0,librispeech,bonafide_libri_dev-other,libri_6267,6267-65525-0006,libri_6267,16000,
data/external/LibriSpeech/dev-other/6267/65525/6267-65525-0007.flac,bonafide,0,librispeech,bonafide_libri_dev-other,libri_6267,6267-65525-0007,libri_6267,16000,
data/external/LibriSpeech/dev-other/6267/65525/6267-65525-0008.flac,bonafide,0,librispeech,bonafide_libri_dev-other,libri_6267,6267-65525-0008,libri_6267,16000,
data/external/LibriSpeech/dev-other/6267/65525/6267-65525-0009.flac,bonafide,0,librispeech,bonafide_libri_dev-other,libri_6267,6267-65525-0009,libri_6267,16000,
data/external/LibriSpeech/dev-other/6267/65525/6267-65525-0010.flac,bonafide,0,librispeech,bonafide_libri_dev-other,libri_6267,6267-65525-0010,libri_6267,16000,
data/external/LibriSpeech/dev-other/6267/65525/6267-65525-0011.flac,bonafide,0,librispeech,bonafide_libri_dev-other,libri_6267,6267-65525-0011,libri_6267,16000,
data/external/LibriSpeech/dev-other/6267/65525/6267-65525-0012.flac,bonafide,0,librispeech,bonafide_libri_dev-other,libri_6267,6267-65525-0012,libri_6267,16000,
data/external/LibriSpeech/dev-other/6267/65525/6267-65525-0013.flac,bonafide,0,librispeech,bonafide_libri_dev-other,libri_6267,6267-65525-0013,libri_6267,16000,
data/external/LibriSpeech/dev-other/6267/65525/6267-65525-0014.flac,bonafide,0,librispeech,bonafide_libri_dev-other,libri_6267,6267-65525-0014,libri_6267,16000,
data/external/LibriSpeech/dev-other/6267/65525/6267-65525-0015.flac,bonafide,0,librispeech,bonafide_libri_dev-other,libri_6267,6267-65525-0015,libri_6267,16000,
data/external/LibriSpeech/dev-other/6267/65525/6267-65525-0016.flac,bonafide,0,librispeech,bonafide_libri_dev-other,libri_6267,6267-65525-0016,libri_6267,16000,
data/external/LibriSpeech/dev-other/6267/65525/6267-65525-0017.flac,bonafide,0,librispeech,bonafide_libri_dev-other,libri_6267,6267-65525-0017,libri_6267,16000,
data/external/LibriSpeech/dev-other/6267/65525/6267-65525-0018.flac,bonafide,0,librispeech,bonafide_libri_dev-other,libri_6267,6267-65525-0018,libri_6267,16000,
data/external/LibriSpeech/dev-other/6267/65525/6267-65525-0019.flac,bonafide,0,librispeech,bonafide_libri_dev-other,libri_6267,6267-65525-0019,libri_6267,16000,
data/external/LibriSpeech/dev-other/6267/65525/6267-65525-0020.flac,bonafide,0,librispeech,bonafide_libri_dev-other,libri_6267,6267-65525-0020,libri_6267,16000,
data/external/LibriSpeech/dev-other/6267/65525/6267-65525-0021.flac,bonafide,0,librispeech,bonafide_libri_dev-other,libri_6267,6267-65525-0021,libri_6267,16000,
data/external/LibriSpeech/dev-other/6267/65525/6267-65525-0022.flac,bonafide,0,librispeech,bonafide_libri_dev-other,libri_6267,6267-65525-0022,libri_6267,16000,
data/external/LibriSpeech/dev-other/6267/65525/6267-65525-0023.flac,bonafide,0,librispeech,bonafide_libri_dev-other,libri_6267,6267-65525-0023,libri_6267,16000,
data/external/LibriSpeech/dev-other/6267/65525/6267-65525-0024.flac,bonafide,0,librispeech,bonafide_libri_dev-other,libri_6267,6267-65525-0024,libri_6267,16000,
data/external/LibriSpeech/dev-other/6267/65525/6267-65525-0025.flac,bonafide,0,librispeech,bonafide_libri_dev-other,libri_6267,6267-65525-0025,libri_6267,16000,
data/external/LibriSpeech/dev-other/6267/65525/6267-65525-0026.flac,bonafide,0,librispeech,bonafide_libri_dev-other,libri_6267,6267-65525-0026,libri_6267,16000,
data/external/LibriSpeech/dev-other/6267/65525/6267-65525-0027.flac,bonafide,0,librispeech,bonafide_libri_dev-other,libri_6267,6267-65525-0027,libri_6267,16000,
data/external/LibriSpeech/dev-other/6267/65525/6267-65525-0028.flac,bonafide,0,librispeech,bonafide_libri_dev-other,libri_6267,6267-65525-0028,libri_6267,16000,
data/external/LibriSpeech/dev-other/6267/65525/6267-65525-0029.flac,bonafide,0,librispeech,bonafide_libri_dev-other,libri_6267,6267-65525-0029,libri_6267,16000,
data/external/LibriSpeech/dev-other/6267/65525/6267-65525-0030.flac,bonafide,0,librispeech,bonafide_libri_dev-other,libri_6267,6267-65525-0030,libri_6267,16000,
data/external/LibriSpeech/dev-other/6267/65525/6267-65525-0031.flac,bonafide,0,librispeech,bonafide_libri_dev-other,libri_6267,6267-65525-0031,libri_6267,16000,
data/external/LibriSpeech/dev-other/6267/65525/6267-65525-0032.flac,bonafide,0,librispeech,bonafide_libri_dev-other,libri_6267,6267-65525-0032,libri_6267,16000,
data/external/LibriSpeech/dev-other/6267/65525/6267-65525-0033.flac,bonafide,0,librispeech,bonafide_libri_dev-other,libri_6267,6267-65525-0033,libri_6267,16000,
data/external/LibriSpeech/dev-other/6267/65525/6267-65525-0034.flac,bonafide,0,librispeech,bonafide_libri_dev-other,libri_6267,6267-65525-0034,libri_6267,16000,
data/external/LibriSpeech/dev-other/6267/65525/6267-65525-0035.flac,bonafide,0,librispeech,bonafide_libri_dev-other,libri_6267,6267-65525-0035,libri_6267,16000,
data/external/LibriSpeech/dev-other/6267/65525/6267-65525-0036.flac,bonafide,0,librispeech,bonafide_libri_dev-other,libri_6267,6267-65525-0036,libri_6267,16000,
data/external/LibriSpeech/dev-other/6267/65525/6267-65525-0037.flac,bonafide,0,librispeech,bonafide_libri_dev-other,libri_6267,6267-65525-0037,libri_6267,16000,
data/external/LibriSpeech/dev-other/6267/65525/6267-65525-0038.flac,bonafide,0,librispeech,bonafide_libri_dev-other,libri_6267,6267-65525-0038,libri_6267,16000,
data/external/LibriSpeech/dev-other/6267/65525/6267-65525-0039.flac,bonafide,0,librispeech,bonafide_libri_dev-other,libri_6267,6267-65525-0039,libri_6267,16000,
data/external/LibriSpeech/dev-other/6267/65525/6267-65525-0040.flac,bonafide,0,librispeech,bonafide_libri_dev-other,libri_6267,6267-65525-0040,libri_6267,16000,
data/external/LibriSpeech/dev-other/6267/65525/6267-65525-0041.flac,bonafide,0,librispeech,bonafide_libri_dev-other,libri_6267,6267-65525-0041,libri_6267,16000,
data/external/LibriSpeech/dev-other/6267/65525/6267-65525-0042.flac,bonafide,0,librispeech,bonafide_libri_dev-other,libri_6267,6267-65525-0042,libri_6267,16000,
data/external/LibriSpeech/dev-other/6267/65525/6267-65525-0043.flac,bonafide,0,librispeech,bonafide_libri_dev-other,libri_6267,6267-65525-0043,libri_6267,16000,
data/external/LibriSpeech/dev-other/6267/65525/6267-65525-0044.flac,bonafide,0,librispeech,bonafide_libri_dev-other,libri_6267,6267-65525-0044,libri_6267,16000,
data/external/LibriSpeech/dev-other/6267/65525/6267-65525-0045.flac,bonafide,0,librispeech,bonafide_libri_dev-other,libri_6267,6267-65525-0045,libri_6267,16000,
data/external/LibriSpeech/dev-other/6267/65525/6267-65525-0046.flac,bonafide,0,librispeech,bonafide_libri_dev-other,libri_6267,6267-65525-0046,libri_6267,16000,
data/external/LibriSpeech/dev-other/6267/65525/6267-65525-0047.flac,bonafide,0,librispeech,bonafide_libri_dev-other,libri_6267,6267-65525-0047,libri_6267,16000,
data/external/LibriSpeech/dev-other/6267/65525/6267-65525-0048.flac,bonafide,0,librispeech,bonafide_libri_dev-other,libri_6267,6267-65525-0048,libri_6267,16000,
data/external/LibriSpeech/dev-other/6267/65525/6267-65525-0049.flac,bonafide,0,librispeech,bonafide_libri_dev-other,libri_6267,6267-65525-0049,libri_6267,16000,
data/external/LibriSpeech/dev-other/6267/65525/6267-65525-0050.flac,bonafide,0,librispeech,bonafide_libri_dev-other,libri_6267,6267-65525-0050,libri_6267,16000,
data/external/LibriSpeech/dev-other/6267/65525/6267-65525-0051.flac,bonafide,0,librispeech,bonafide_libri_dev-other,libri_6267,6267-65525-0051,libri_6267,16000,
data/external/LibriSpeech/dev-other/6267/65525/6267-65525-0052.flac,bonafide,0,librispeech,bonafide_libri_dev-other,libri_6267,6267-65525-0052,libri_6267,16000,
data/external/LibriSpeech/dev-other/6267/65525/6267-65525-0053.flac,bonafide,0,librispeech,bonafide_libri_dev-other,libri_6267,6267-65525-0053,libri_6267,16000,
data/external/LibriSpeech/dev-other/6267/65525/6267-65525-0054.flac,bonafide,0,librispeech,bonafide_libri_dev-other,libri_6267,6267-65525-0054,libri_6267,16000,
data/external/LibriSpeech/dev-other/6267/65525/6267-65525-0055.flac,bonafide,0,librispeech,bonafide_libri_dev-other,libri_6267,6267-65525-0055,libri_6267,16000,
data/external/LibriSpeech/dev-other/6267/65525/6267-65525-0056.flac,bonafide,0,librispeech,bonafide_libri_dev-other,libri_6267,6267-65525-0056,libri_6267,16000,
data/external/LibriSpeech/dev-other/6267/65525/6267-65525-0057.flac,bonafide,0,librispeech,bonafide_libri_dev-other,libri_6267,6267-65525-0057,libri_6267,16000,
data/external/LibriSpeech/dev-other/6267/65525/6267-65525-0058.flac,bonafide,0,librispeech,bonafide_libri_dev-other,libri_6267,6267-65525-0058,libri_6267,16000,
data/external/LibriSpeech/dev-other/6267/65525/6267-65525-0059.flac,bonafide,0,librispeech,bonafide_libri_dev-other,libri_6267,6267-65525-0059,libri_6267,16000,
data/external/LibriSpeech/dev-other/6455/66379/6455-66379-0000.flac,bonafide,0,librispeech,bonafide_libri_dev-other,libri_6455,6455-66379-0000,libri_6455,16000,
data/external/LibriSpeech/dev-other/6455/66379/6455-66379-0001.flac,bonafide,0,librispeech,bonafide_libri_dev-other,libri_6455,6455-66379-0001,libri_6455,16000,
data/external/LibriSpeech/dev-other/6455/66379/6455-66379-0002.flac,bonafide,0,librispeech,bonafide_libri_dev-other,libri_6455,6455-66379-0002,libri_6455,16000,
data/external/LibriSpeech/dev-other/6455/66379/6455-66379-0003.flac,bonafide,0,librispeech,bonafide_libri_dev-other,libri_6455,6455-66379-0003,libri_6455,16000,
data/external/LibriSpeech/dev-other/6455/66379/6455-66379-0004.flac,bonafide,0,librispeech,bonafide_libri_dev-other,libri_6455,6455-66379-0004,libri_6455,16000,
data/external/LibriSpeech/dev-other/6455/66379/6455-66379-0005.flac,bonafide,0,librispeech,bonafide_libri_dev-other,libri_6455,6455-66379-0005,libri_6455,16000,
data/external/LibriSpeech/dev-other/6455/66379/6455-66379-0006.flac,bonafide,0,librispeech,bonafide_libri_dev-other,libri_6455,6455-66379-0006,libri_6455,16000,
data/external/LibriSpeech/dev-other/6455/66379/6455-66379-0007.flac,bonafide,0,librispeech,bonafide_libri_dev-other,libri_6455,6455-66379-0007,libri_6455,16000,
data/external/LibriSpeech/dev-other/6455/66379/6455-66379-0008.flac,bonafide,0,librispeech,bonafide_libri_dev-other,libri_6455,6455-66379-0008,libri_6455,16000,
data/external/LibriSpeech/dev-other/6455/66379/6455-66379-0009.flac,bonafide,0,librispeech,bonafide_libri_dev-other,libri_6455,6455-66379-0009,libri_6455,16000,
data/external/LibriSpeech/dev-other/6455/66379/6455-66379-0010.flac,bonafide,0,librispeech,bonafide_libri_dev-other,libri_6455,6455-66379-0010,libri_6455,16000,
data/external/LibriSpeech/dev-other/6455/66379/6455-66379-0011.flac,bonafide,0,librispeech,bonafide_libri_dev-other,libri_6455,6455-66379-0011,libri_6455,16000,
data/external/LibriSpeech/dev-other/6455/66379/6455-66379-0012.flac,bonafide,0,librispeech,bonafide_libri_dev-other,libri_6455,6455-66379-0012,libri_6455,16000,
data/external/LibriSpeech/dev-other/6455/66379/6455-66379-0013.flac,bonafide,0,librispeech,bonafide_libri_dev-other,libri_6455,6455-66379-0013,libri_6455,16000,
data/external/LibriSpeech/dev-other/6455/66379/6455-66379-0014.flac,bonafide,0,librispeech,bonafide_libri_dev-other,libri_6455,6455-66379-0014,libri_6455,16000,
data/external/LibriSpeech/dev-other/6455/66379/6455-66379-0015.flac,bonafide,0,librispeech,bonafide_libri_dev-other,libri_6455,6455-66379-0015,libri_6455,16000,
data/external/LibriSpeech/dev-other/6455/66379/6455-66379-0016.flac,bonafide,0,librispeech,bonafide_libri_dev-other,libri_6455,6455-66379-0016,libri_6455,16000,
data/external/LibriSpeech/dev-other/6455/66379/6455-66379-0017.flac,bonafide,0,librispeech,bonafide_libri_dev-other,libri_6455,6455-66379-0017,libri_6455,16000,
data/external/LibriSpeech/dev-other/6455/66379/6455-66379-0018.flac,bonafide,0,librispeech,bonafide_libri_dev-other,libri_6455,6455-66379-0018,libri_6455,16000,
data/external/LibriSpeech/dev-other/6455/66379/6455-66379-0019.flac,bonafide,0,librispeech,bonafide_libri_dev-other,libri_6455,6455-66379-0019,libri_6455,16000,
data/external/LibriSpeech/dev-other/6455/67803/6455-67803-0000.flac,bonafide,0,librispeech,bonafide_libri_dev-other,libri_6455,6455-67803-0000,libri_6455,16000,
data/external/LibriSpeech/dev-other/6455/67803/6455-67803-0001.flac,bonafide,0,librispeech,bonafide_libri_dev-other,libri_6455,6455-67803-0001,libri_6455,16000,
data/external/LibriSpeech/dev-other/6455/67803/6455-67803-0002.flac,bonafide,0,librispeech,bonafide_libri_dev-other,libri_6455,6455-67803-0002,libri_6455,16000,
data/external/LibriSpeech/dev-other/6455/67803/6455-67803-0003.flac,bonafide,0,librispeech,bonafide_libri_dev-other,libri_6455,6455-67803-0003,libri_6455,16000,
data/external/LibriSpeech/dev-other/6455/67803/6455-67803-0004.flac,bonafide,0,librispeech,bonafide_libri_dev-other,libri_6455,6455-67803-0004,libri_6455,16000,
data/external/LibriSpeech/dev-other/6455/67803/6455-67803-0005.flac,bonafide,0,librispeech,bonafide_libri_dev-other,libri_6455,6455-67803-0005,libri_6455,16000,
data/external/LibriSpeech/dev-other/6455/67803/6455-67803-0006.flac,bonafide,0,librispeech,bonafide_libri_dev-other,libri_6455,6455-67803-0006,libri_6455,16000,
data/external/LibriSpeech/dev-other/6455/67803/6455-67803-0007.flac,bonafide,0,librispeech,bonafide_libri_dev-other,libri_6455,6455-67803-0007,libri_6455,16000,
data/external/LibriSpeech/dev-other/6455/67803/6455-67803-0008.flac,bonafide,0,librispeech,bonafide_libri_dev-other,libri_6455,6455-67803-0008,libri_6455,16000,
data/external/LibriSpeech/dev-other/6455/67803/6455-67803-0009.flac,bonafide,0,librispeech,bonafide_libri_dev-other,libri_6455,6455-67803-0009,libri_6455,16000,
data/external/LibriSpeech/dev-other/6455/67803/6455-67803-0010.flac,bonafide,0,librispeech,bonafide_libri_dev-other,libri_6455,6455-67803-0010,libri_6455,16000,
data/external/LibriSpeech/dev-other/6455/67803/6455-67803-0011.flac,bonafide,0,librispeech,bonafide_libri_dev-other,libri_6455,6455-67803-0011,libri_6455,16000,
data/external/LibriSpeech/dev-other/6455/67803/6455-67803-0012.flac,bonafide,0,librispeech,bonafide_libri_dev-other,libri_6455,6455-67803-0012,libri_6455,16000,
data/external/LibriSpeech/dev-other/6455/67803/6455-67803-0013.flac,bonafide,0,librispeech,bonafide_libri_dev-other,libri_6455,6455-67803-0013,libri_6455,16000,
data/external/LibriSpeech/dev-other/6455/67803/6455-67803-0014.flac,bonafide,0,librispeech,bonafide_libri_dev-other,libri_6455,6455-67803-0014,libri_6455,16000,
data/external/LibriSpeech/dev-other/6455/67803/6455-67803-0015.flac,bonafide,0,librispeech,bonafide_libri_dev-other,libri_6455,6455-67803-0015,libri_6455,16000,
data/external/LibriSpeech/dev-other/6455/67803/6455-67803-0016.flac,bonafide,0,librispeech,bonafide_libri_dev-other,libri_6455,6455-67803-0016,libri_6455,16000,
data/external/LibriSpeech/dev-other/6455/67803/6455-67803-0017.flac,bonafide,0,librispeech,bonafide_libri_dev-other,libri_6455,6455-67803-0017,libri_6455,16000,
data/external/LibriSpeech/dev-other/6455/67803/6455-67803-0018.flac,bonafide,0,librispeech,bonafide_libri_dev-other,libri_6455,6455-67803-0018,libri_6455,16000,
data/external/LibriSpeech/dev-other/6455/67803/6455-67803-0019.flac,bonafide,0,librispeech,bonafide_libri_dev-other,libri_6455,6455-67803-0019,libri_6455,16000,
data/external/LibriSpeech/dev-other/6455/67803/6455-67803-0020.flac,bonafide,0,librispeech,bonafide_libri_dev-other,libri_6455,6455-67803-0020,libri_6455,16000,
data/external/LibriSpeech/dev-other/6455/67803/6455-67803-0021.flac,bonafide,0,librispeech,bonafide_libri_dev-other,libri_6455,6455-67803-0021,libri_6455,16000,
data/external/LibriSpeech/dev-other/6455/67803/6455-67803-0022.flac,bonafide,0,librispeech,bonafide_libri_dev-other,libri_6455,6455-67803-0022,libri_6455,16000,
data/external/LibriSpeech/dev-other/6455/67803/6455-67803-0023.flac,bonafide,0,librispeech,bonafide_libri_dev-other,libri_6455,6455-67803-0023,libri_6455,16000,
data/external/LibriSpeech/dev-other/6455/67803/6455-67803-0024.flac,bonafide,0,librispeech,bonafide_libri_dev-other,libri_6455,6455-67803-0024,libri_6455,16000,
data/external/LibriSpeech/dev-other/6455/67803/6455-67803-0025.flac,bonafide,0,librispeech,bonafide_libri_dev-other,libri_6455,6455-67803-0025,libri_6455,16000,
data/external/LibriSpeech/dev-other/6455/67803/6455-67803-0026.flac,bonafide,0,librispeech,bonafide_libri_dev-other,libri_6455,6455-67803-0026,libri_6455,16000,
data/external/LibriSpeech/dev-other/6455/67803/6455-67803-0027.flac,bonafide,0,librispeech,bonafide_libri_dev-other,libri_6455,6455-67803-0027,libri_6455,16000,
data/external/LibriSpeech/dev-other/6455/67803/6455-67803-0028.flac,bonafide,0,librispeech,bonafide_libri_dev-other,libri_6455,6455-67803-0028,libri_6455,16000,
data/external/LibriSpeech/dev-other/6455/67803/6455-67803-0029.flac,bonafide,0,librispeech,bonafide_libri_dev-other,libri_6455,6455-67803-0029,libri_6455,16000,
data/external/LibriSpeech/dev-other/6455/67803/6455-67803-0030.flac,bonafide,0,librispeech,bonafide_libri_dev-other,libri_6455,6455-67803-0030,libri_6455,16000,
data/external/LibriSpeech/dev-other/6455/67803/6455-67803-0031.flac,bonafide,0,librispeech,bonafide_libri_dev-other,libri_6455,6455-67803-0031,libri_6455,16000,
data/external/LibriSpeech/dev-other/6455/67803/6455-67803-0032.flac,bonafide,0,librispeech,bonafide_libri_dev-other,libri_6455,6455-67803-0032,libri_6455,16000,
data/external/LibriSpeech/dev-other/6455/67803/6455-67803-0033.flac,bonafide,0,librispeech,bonafide_libri_dev-other,libri_6455,6455-67803-0033,libri_6455,16000,
data/external/LibriSpeech/dev-other/6455/67803/6455-67803-0034.flac,bonafide,0,librispeech,bonafide_libri_dev-other,libri_6455,6455-67803-0034,libri_6455,16000,
data/external/LibriSpeech/dev-other/6455/67803/6455-67803-0035.flac,bonafide,0,librispeech,bonafide_libri_dev-other,libri_6455,6455-67803-0035,libri_6455,16000,
data/external/LibriSpeech/dev-other/6455/67803/6455-67803-0036.flac,bonafide,0,librispeech,bonafide_libri_dev-other,libri_6455,6455-67803-0036,libri_6455,16000,
data/external/LibriSpeech/dev-other/6455/67804/6455-67804-0000.flac,bonafide,0,librispeech,bonafide_libri_dev-other,libri_6455,6455-67804-0000,libri_6455,16000,
data/external/LibriSpeech/dev-other/6455/67804/6455-67804-0001.flac,bonafide,0,librispeech,bonafide_libri_dev-other,libri_6455,6455-67804-0001,libri_6455,16000,
data/external/LibriSpeech/dev-other/6455/67804/6455-67804-0002.flac,bonafide,0,librispeech,bonafide_libri_dev-other,libri_6455,6455-67804-0002,libri_6455,16000,
data/external/LibriSpeech/dev-other/6455/67804/6455-67804-0003.flac,bonafide,0,librispeech,bonafide_libri_dev-other,libri_6455,6455-67804-0003,libri_6455,16000,
data/external/LibriSpeech/dev-other/6455/67804/6455-67804-0004.flac,bonafide,0,librispeech,bonafide_libri_dev-other,libri_6455,6455-67804-0004,libri_6455,16000,
data/external/LibriSpeech/dev-other/6455/67804/6455-67804-0005.flac,bonafide,0,librispeech,bonafide_libri_dev-other,libri_6455,6455-67804-0005,libri_6455,16000,
data/external/LibriSpeech/dev-other/6455/67804/6455-67804-0006.flac,bonafide,0,librispeech,bonafide_libri_dev-other,libri_6455,6455-67804-0006,libri_6455,16000,
data/external/LibriSpeech/dev-other/6455/67804/6455-67804-0007.flac,bonafide,0,librispeech,bonafide_libri_dev-other,libri_6455,6455-67804-0007,libri_6455,16000,
data/external/LibriSpeech/dev-other/6455/67804/6455-67804-0008.flac,bonafide,0,librispeech,bonafide_libri_dev-other,libri_6455,6455-67804-0008,libri_6455,16000,
data/external/LibriSpeech/dev-other/6455/67804/6455-67804-0009.flac,bonafide,0,librispeech,bonafide_libri_dev-other,libri_6455,6455-67804-0009,libri_6455,16000,
data/external/LibriSpeech/dev-other/6455/67804/6455-67804-0010.flac,bonafide,0,librispeech,bonafide_libri_dev-other,libri_6455,6455-67804-0010,libri_6455,16000,
data/external/LibriSpeech/dev-other/6455/67804/6455-67804-0011.flac,bonafide,0,librispeech,bonafide_libri_dev-other,libri_6455,6455-67804-0011,libri_6455,16000,
data/external/LibriSpeech/dev-other/6455/67804/6455-67804-0012.flac,bonafide,0,librispeech,bonafide_libri_dev-other,libri_6455,6455-67804-0012,libri_6455,16000,
data/external/LibriSpeech/dev-other/6455/67804/6455-67804-0013.flac,bonafide,0,librispeech,bonafide_libri_dev-other,libri_6455,6455-67804-0013,libri_6455,16000,
data/external/LibriSpeech/dev-other/6455/67804/6455-67804-0014.flac,bonafide,0,librispeech,bonafide_libri_dev-other,libri_6455,6455-67804-0014,libri_6455,16000,
data/external/LibriSpeech/dev-other/6455/67804/6455-67804-0015.flac,bonafide,0,librispeech,bonafide_libri_dev-other,libri_6455,6455-67804-0015,libri_6455,16000,
data/external/LibriSpeech/dev-other/6455/67804/6455-67804-0016.flac,bonafide,0,librispeech,bonafide_libri_dev-other,libri_6455,6455-67804-0016,libri_6455,16000,
data/external/LibriSpeech/dev-other/6455/67804/6455-67804-0017.flac,bonafide,0,librispeech,bonafide_libri_dev-other,libri_6455,6455-67804-0017,libri_6455,16000,
data/external/LibriSpeech/dev-other/6455/67804/6455-67804-0018.flac,bonafide,0,librispeech,bonafide_libri_dev-other,libri_6455,6455-67804-0018,libri_6455,16000,
data/external/LibriSpeech/dev-other/6455/67804/6455-67804-0019.flac,bonafide,0,librispeech,bonafide_libri_dev-other,libri_6455,6455-67804-0019,libri_6455,16000,
data/external/LibriSpeech/dev-other/6455/67804/6455-67804-0020.flac,bonafide,0,librispeech,bonafide_libri_dev-other,libri_6455,6455-67804-0020,libri_6455,16000,
data/external/LibriSpeech/dev-other/6455/67804/6455-67804-0021.flac,bonafide,0,librispeech,bonafide_libri_dev-other,libri_6455,6455-67804-0021,libri_6455,16000,
data/external/LibriSpeech/dev-other/6455/67804/6455-67804-0022.flac,bonafide,0,librispeech,bonafide_libri_dev-other,libri_6455,6455-67804-0022,libri_6455,16000,
data/external/LibriSpeech/dev-other/6455/67804/6455-67804-0023.flac,bonafide,0,librispeech,bonafide_libri_dev-other,libri_6455,6455-67804-0023,libri_6455,16000,
data/external/LibriSpeech/dev-other/6455/67804/6455-67804-0024.flac,bonafide,0,librispeech,bonafide_libri_dev-other,libri_6455,6455-67804-0024,libri_6455,16000,
data/external/LibriSpeech/dev-other/6455/67804/6455-67804-0025.flac,bonafide,0,librispeech,bonafide_libri_dev-other,libri_6455,6455-67804-0025,libri_6455,16000,
data/external/LibriSpeech/dev-other/6455/67804/6455-67804-0026.flac,bonafide,0,librispeech,bonafide_libri_dev-other,libri_6455,6455-67804-0026,libri_6455,16000,
data/external/LibriSpeech/dev-other/6455/67804/6455-67804-0027.flac,bonafide,0,librispeech,bonafide_libri_dev-other,libri_6455,6455-67804-0027,libri_6455,16000,
data/external/LibriSpeech/dev-other/6455/67804/6455-67804-0028.flac,bonafide,0,librispeech,bonafide_libri_dev-other,libri_6455,6455-67804-0028,libri_6455,16000,
data/external/LibriSpeech/dev-other/6455/67804/6455-67804-0029.flac,bonafide,0,librispeech,bonafide_libri_dev-other,libri_6455,6455-67804-0029,libri_6455,16000,
data/external/LibriSpeech/dev-other/6455/67804/6455-67804-0030.flac,bonafide,0,librispeech,bonafide_libri_dev-other,libri_6455,6455-67804-0030,libri_6455,16000,
data/external/LibriSpeech/dev-other/6455/67804/6455-67804-0031.flac,bonafide,0,librispeech,bonafide_libri_dev-other,libri_6455,6455-67804-0031,libri_6455,16000,
data/external/LibriSpeech/dev-other/6455/67804/6455-67804-0032.flac,bonafide,0,librispeech,bonafide_libri_dev-other,libri_6455,6455-67804-0032,libri_6455,16000,
data/external/LibriSpeech/dev-other/6455/67804/6455-67804-0033.flac,bonafide,0,librispeech,bonafide_libri_dev-other,libri_6455,6455-67804-0033,libri_6455,16000,
data/external/LibriSpeech/dev-other/6455/67804/6455-67804-0034.flac,bonafide,0,librispeech,bonafide_libri_dev-other,libri_6455,6455-67804-0034,libri_6455,16000,
data/external/LibriSpeech/dev-other/6455/67804/6455-67804-0035.flac,bonafide,0,librispeech,bonafide_libri_dev-other,libri_6455,6455-67804-0035,libri_6455,16000,
data/external/LibriSpeech/dev-other/6455/67804/6455-67804-0036.flac,bonafide,0,librispeech,bonafide_libri_dev-other,libri_6455,6455-67804-0036,libri_6455,16000,
data/external/LibriSpeech/dev-other/6455/67804/6455-67804-0037.flac,bonafide,0,librispeech,bonafide_libri_dev-other,libri_6455,6455-67804-0037,libri_6455,16000,
data/external/LibriSpeech/dev-other/6455/67804/6455-67804-0038.flac,bonafide,0,librispeech,bonafide_libri_dev-other,libri_6455,6455-67804-0038,libri_6455,16000,
data/external/LibriSpeech/dev-other/6455/67804/6455-67804-0039.flac,bonafide,0,librispeech,bonafide_libri_dev-other,libri_6455,6455-67804-0039,libri_6455,16000,
data/external/LibriSpeech/dev-other/6455/67804/6455-67804-0040.flac,bonafide,0,librispeech,bonafide_libri_dev-other,libri_6455,6455-67804-0040,libri_6455,16000,
data/external/LibriSpeech/dev-other/6467/56885/6467-56885-0000.flac,bonafide,0,librispeech,bonafide_libri_dev-other,libri_6467,6467-56885-0000,libri_6467,16000,
data/external/LibriSpeech/dev-other/6467/56885/6467-56885-0001.flac,bonafide,0,librispeech,bonafide_libri_dev-other,libri_6467,6467-56885-0001,libri_6467,16000,
data/external/LibriSpeech/dev-other/6467/56885/6467-56885-0002.flac,bonafide,0,librispeech,bonafide_libri_dev-other,libri_6467,6467-56885-0002,libri_6467,16000,
data/external/LibriSpeech/dev-other/6467/56885/6467-56885-0003.flac,bonafide,0,librispeech,bonafide_libri_dev-other,libri_6467,6467-56885-0003,libri_6467,16000,
data/external/LibriSpeech/dev-other/6467/56885/6467-56885-0004.flac,bonafide,0,librispeech,bonafide_libri_dev-other,libri_6467,6467-56885-0004,libri_6467,16000,
data/external/LibriSpeech/dev-other/6467/56885/6467-56885-0005.flac,bonafide,0,librispeech,bonafide_libri_dev-other,libri_6467,6467-56885-0005,libri_6467,16000,
data/external/LibriSpeech/dev-other/6467/56885/6467-56885-0006.flac,bonafide,0,librispeech,bonafide_libri_dev-other,libri_6467,6467-56885-0006,libri_6467,16000,
data/external/LibriSpeech/dev-other/6467/56885/6467-56885-0007.flac,bonafide,0,librispeech,bonafide_libri_dev-other,libri_6467,6467-56885-0007,libri_6467,16000,
data/external/LibriSpeech/dev-other/6467/56885/6467-56885-0008.flac,bonafide,0,librispeech,bonafide_libri_dev-other,libri_6467,6467-56885-0008,libri_6467,16000,
data/external/LibriSpeech/dev-other/6467/56885/6467-56885-0009.flac,bonafide,0,librispeech,bonafide_libri_dev-other,libri_6467,6467-56885-0009,libri_6467,16000,
data/external/LibriSpeech/dev-other/6467/56885/6467-56885-0010.flac,bonafide,0,librispeech,bonafide_libri_dev-other,libri_6467,6467-56885-0010,libri_6467,16000,
data/external/LibriSpeech/dev-other/6467/56885/6467-56885-0011.flac,bonafide,0,librispeech,bonafide_libri_dev-other,libri_6467,6467-56885-0011,libri_6467,16000,
data/external/LibriSpeech/dev-other/6467/56885/6467-56885-0012.flac,bonafide,0,librispeech,bonafide_libri_dev-other,libri_6467,6467-56885-0012,libri_6467,16000,
data/external/LibriSpeech/dev-other/6467/56885/6467-56885-0013.flac,bonafide,0,librispeech,bonafide_libri_dev-other,libri_6467,6467-56885-0013,libri_6467,16000,
data/external/LibriSpeech/dev-other/6467/56885/6467-56885-0014.flac,bonafide,0,librispeech,bonafide_libri_dev-other,libri_6467,6467-56885-0014,libri_6467,16000,
data/external/LibriSpeech/dev-other/6467/56885/6467-56885-0015.flac,bonafide,0,librispeech,bonafide_libri_dev-other,libri_6467,6467-56885-0015,libri_6467,16000,
data/external/LibriSpeech/dev-other/6467/56885/6467-56885-0016.flac,bonafide,0,librispeech,bonafide_libri_dev-other,libri_6467,6467-56885-0016,libri_6467,16000,
data/external/LibriSpeech/dev-other/6467/56885/6467-56885-0017.flac,bonafide,0,librispeech,bonafide_libri_dev-other,libri_6467,6467-56885-0017,libri_6467,16000,
data/external/LibriSpeech/dev-other/6467/62797/6467-62797-0000.flac,bonafide,0,librispeech,bonafide_libri_dev-other,libri_6467,6467-62797-0000,libri_6467,16000,
data/external/LibriSpeech/dev-other/6467/62797/6467-62797-0001.flac,bonafide,0,librispeech,bonafide_libri_dev-other,libri_6467,6467-62797-0001,libri_6467,16000,
data/external/LibriSpeech/dev-other/6467/62797/6467-62797-0002.flac,bonafide,0,librispeech,bonafide_libri_dev-other,libri_6467,6467-62797-0002,libri_6467,16000,
data/external/LibriSpeech/dev-other/6467/62797/6467-62797-0003.flac,bonafide,0,librispeech,bonafide_libri_dev-other,libri_6467,6467-62797-0003,libri_6467,16000,
data/external/LibriSpeech/dev-other/6467/62797/6467-62797-0004.flac,bonafide,0,librispeech,bonafide_libri_dev-other,libri_6467,6467-62797-0004,libri_6467,16000,
data/external/LibriSpeech/dev-other/6467/62797/6467-62797-0005.flac,bonafide,0,librispeech,bonafide_libri_dev-other,libri_6467,6467-62797-0005,libri_6467,16000,
data/external/LibriSpeech/dev-other/6467/62797/6467-62797-0006.flac,bonafide,0,librispeech,bonafide_libri_dev-other,libri_6467,6467-62797-0006,libri_6467,16000,
data/external/LibriSpeech/dev-other/6467/62797/6467-62797-0007.flac,bonafide,0,librispeech,bonafide_libri_dev-other,libri_6467,6467-62797-0007,libri_6467,16000,
data/external/LibriSpeech/dev-other/6467/94831/6467-94831-0000.flac,bonafide,0,librispeech,bonafide_libri_dev-other,libri_6467,6467-94831-0000,libri_6467,16000,
data/external/LibriSpeech/dev-other/6467/94831/6467-94831-0001.flac,bonafide,0,librispeech,bonafide_libri_dev-other,libri_6467,6467-94831-0001,libri_6467,16000,
data/external/LibriSpeech/dev-other/6467/94831/6467-94831-0002.flac,bonafide,0,librispeech,bonafide_libri_dev-other,libri_6467,6467-94831-0002,libri_6467,16000,
data/external/LibriSpeech/dev-other/6467/94831/6467-94831-0003.flac,bonafide,0,librispeech,bonafide_libri_dev-other,libri_6467,6467-94831-0003,libri_6467,16000,
data/external/LibriSpeech/dev-other/6467/94831/6467-94831-0004.flac,bonafide,0,librispeech,bonafide_libri_dev-other,libri_6467,6467-94831-0004,libri_6467,16000,
data/external/LibriSpeech/dev-other/6467/94831/6467-94831-0005.flac,bonafide,0,librispeech,bonafide_libri_dev-other,libri_6467,6467-94831-0005,libri_6467,16000,
data/external/LibriSpeech/dev-other/6467/94831/6467-94831-0006.flac,bonafide,0,librispeech,bonafide_libri_dev-other,libri_6467,6467-94831-0006,libri_6467,16000,
data/external/LibriSpeech/dev-other/6467/94831/6467-94831-0007.flac,bonafide,0,librispeech,bonafide_libri_dev-other,libri_6467,6467-94831-0007,libri_6467,16000,
data/external/LibriSpeech/dev-other/6467/94831/6467-94831-0008.flac,bonafide,0,librispeech,bonafide_libri_dev-other,libri_6467,6467-94831-0008,libri_6467,16000,
data/external/LibriSpeech/dev-other/6467/94831/6467-94831-0009.flac,bonafide,0,librispeech,bonafide_libri_dev-other,libri_6467,6467-94831-0009,libri_6467,16000,
data/external/LibriSpeech/dev-other/6467/94831/6467-94831-0010.flac,bonafide,0,librispeech,bonafide_libri_dev-other,libri_6467,6467-94831-0010,libri_6467,16000,
data/external/LibriSpeech/dev-other/6467/94831/6467-94831-0011.flac,bonafide,0,librispeech,bonafide_libri_dev-other,libri_6467,6467-94831-0011,libri_6467,16000,
data/external/LibriSpeech/dev-other/6467/94831/6467-94831-0012.flac,bonafide,0,librispeech,bonafide_libri_dev-other,libri_6467,6467-94831-0012,libri_6467,16000,
data/external/LibriSpeech/dev-other/6467/94831/6467-94831-0013.flac,bonafide,0,librispeech,bonafide_libri_dev-other,libri_6467,6467-94831-0013,libri_6467,16000,
data/external/LibriSpeech/dev-other/6467/94831/6467-94831-0014.flac,bonafide,0,librispeech,bonafide_libri_dev-other,libri_6467,6467-94831-0014,libri_6467,16000,
data/external/LibriSpeech/dev-other/6467/94831/6467-94831-0015.flac,bonafide,0,librispeech,bonafide_libri_dev-other,libri_6467,6467-94831-0015,libri_6467,16000,
data/external/LibriSpeech/dev-other/6467/94831/6467-94831-0016.flac,bonafide,0,librispeech,bonafide_libri_dev-other,libri_6467,6467-94831-0016,libri_6467,16000,
data/external/LibriSpeech/dev-other/6467/94831/6467-94831-0017.flac,bonafide,0,librispeech,bonafide_libri_dev-other,libri_6467,6467-94831-0017,libri_6467,16000,
data/external/LibriSpeech/dev-other/6467/94831/6467-94831-0018.flac,bonafide,0,librispeech,bonafide_libri_dev-other,libri_6467,6467-94831-0018,libri_6467,16000,
data/external/LibriSpeech/dev-other/6467/94831/6467-94831-0019.flac,bonafide,0,librispeech,bonafide_libri_dev-other,libri_6467,6467-94831-0019,libri_6467,16000,
data/external/LibriSpeech/dev-other/6467/94831/6467-94831-0020.flac,bonafide,0,librispeech,bonafide_libri_dev-other,libri_6467,6467-94831-0020,libri_6467,16000,
data/external/LibriSpeech/dev-other/6467/94831/6467-94831-0021.flac,bonafide,0,librispeech,bonafide_libri_dev-other,libri_6467,6467-94831-0021,libri_6467,16000,
data/external/LibriSpeech/dev-other/6467/94831/6467-94831-0022.flac,bonafide,0,librispeech,bonafide_libri_dev-other,libri_6467,6467-94831-0022,libri_6467,16000,
data/external/LibriSpeech/dev-other/6467/94831/6467-94831-0023.flac,bonafide,0,librispeech,bonafide_libri_dev-other,libri_6467,6467-94831-0023,libri_6467,16000,
data/external/LibriSpeech/dev-other/6467/94831/6467-94831-0024.flac,bonafide,0,librispeech,bonafide_libri_dev-other,libri_6467,6467-94831-0024,libri_6467,16000,
data/external/LibriSpeech/dev-other/6467/94831/6467-94831-0025.flac,bonafide,0,librispeech,bonafide_libri_dev-other,libri_6467,6467-94831-0025,libri_6467,16000,
data/external/LibriSpeech/dev-other/6467/94831/6467-94831-0026.flac,bonafide,0,librispeech,bonafide_libri_dev-other,libri_6467,6467-94831-0026,libri_6467,16000,
data/external/LibriSpeech/dev-other/6467/94831/6467-94831-0027.flac,bonafide,0,librispeech,bonafide_libri_dev-other,libri_6467,6467-94831-0027,libri_6467,16000,
data/external/LibriSpeech/dev-other/6467/94831/6467-94831-0028.flac,bonafide,0,librispeech,bonafide_libri_dev-other,libri_6467,6467-94831-0028,libri_6467,16000,
data/external/LibriSpeech/dev-other/6467/94831/6467-94831-0029.flac,bonafide,0,librispeech,bonafide_libri_dev-other,libri_6467,6467-94831-0029,libri_6467,16000,
data/external/LibriSpeech/dev-other/6467/94831/6467-94831-0030.flac,bonafide,0,librispeech,bonafide_libri_dev-other,libri_6467,6467-94831-0030,libri_6467,16000,
data/external/LibriSpeech/dev-other/6467/94831/6467-94831-0031.flac,bonafide,0,librispeech,bonafide_libri_dev-other,libri_6467,6467-94831-0031,libri_6467,16000,
data/external/LibriSpeech/dev-other/6467/94831/6467-94831-0032.flac,bonafide,0,librispeech,bonafide_libri_dev-other,libri_6467,6467-94831-0032,libri_6467,16000,
data/external/LibriSpeech/dev-other/6467/94831/6467-94831-0033.flac,bonafide,0,librispeech,bonafide_libri_dev-other,libri_6467,6467-94831-0033,libri_6467,16000,
data/external/LibriSpeech/dev-other/6467/94831/6467-94831-0034.flac,bonafide,0,librispeech,bonafide_libri_dev-other,libri_6467,6467-94831-0034,libri_6467,16000,
data/external/LibriSpeech/dev-other/6467/94831/6467-94831-0035.flac,bonafide,0,librispeech,bonafide_libri_dev-other,libri_6467,6467-94831-0035,libri_6467,16000,
data/external/LibriSpeech/dev-other/6467/94831/6467-94831-0036.flac,bonafide,0,librispeech,bonafide_libri_dev-other,libri_6467,6467-94831-0036,libri_6467,16000,
data/external/LibriSpeech/dev-other/6467/94831/6467-94831-0037.flac,bonafide,0,librispeech,bonafide_libri_dev-other,libri_6467,6467-94831-0037,libri_6467,16000,
data/external/LibriSpeech/dev-other/6467/94831/6467-94831-0038.flac,bonafide,0,librispeech,bonafide_libri_dev-other,libri_6467,6467-94831-0038,libri_6467,16000,
data/external/LibriSpeech/dev-other/6467/94831/6467-94831-0039.flac,bonafide,0,librispeech,bonafide_libri_dev-other,libri_6467,6467-94831-0039,libri_6467,16000,
data/external/LibriSpeech/dev-other/6467/94831/6467-94831-0040.flac,bonafide,0,librispeech,bonafide_libri_dev-other,libri_6467,6467-94831-0040,libri_6467,16000,
data/external/LibriSpeech/dev-other/6467/94831/6467-94831-0041.flac,bonafide,0,librispeech,bonafide_libri_dev-other,libri_6467,6467-94831-0041,libri_6467,16000,
data/external/LibriSpeech/dev-other/6467/94831/6467-94831-0042.flac,bonafide,0,librispeech,bonafide_libri_dev-other,libri_6467,6467-94831-0042,libri_6467,16000,
data/external/LibriSpeech/dev-other/6467/94831/6467-94831-0043.flac,bonafide,0,librispeech,bonafide_libri_dev-other,libri_6467,6467-94831-0043,libri_6467,16000,
data/external/LibriSpeech/dev-other/6467/94831/6467-94831-0044.flac,bonafide,0,librispeech,bonafide_libri_dev-other,libri_6467,6467-94831-0044,libri_6467,16000,
data/external/LibriSpeech/dev-other/6467/94831/6467-94831-0045.flac,bonafide,0,librispeech,bonafide_libri_dev-other,libri_6467,6467-94831-0045,libri_6467,16000,
data/external/LibriSpeech/dev-other/6467/97061/6467-97061-0000.flac,bonafide,0,librispeech,bonafide_libri_dev-other,libri_6467,6467-97061-0000,libri_6467,16000,
data/external/LibriSpeech/dev-other/6467/97061/6467-97061-0001.flac,bonafide,0,librispeech,bonafide_libri_dev-other,libri_6467,6467-97061-0001,libri_6467,16000,
data/external/LibriSpeech/dev-other/6467/97061/6467-97061-0002.flac,bonafide,0,librispeech,bonafide_libri_dev-other,libri_6467,6467-97061-0002,libri_6467,16000,
data/external/LibriSpeech/dev-other/6467/97061/6467-97061-0003.flac,bonafide,0,librispeech,bonafide_libri_dev-other,libri_6467,6467-97061-0003,libri_6467,16000,
data/external/LibriSpeech/dev-other/6467/97061/6467-97061-0004.flac,bonafide,0,librispeech,bonafide_libri_dev-other,libri_6467,6467-97061-0004,libri_6467,16000,
data/external/LibriSpeech/dev-other/6467/97061/6467-97061-0005.flac,bonafide,0,librispeech,bonafide_libri_dev-other,libri_6467,6467-97061-0005,libri_6467,16000,
data/external/LibriSpeech/dev-other/6467/97061/6467-97061-0006.flac,bonafide,0,librispeech,bonafide_libri_dev-other,libri_6467,6467-97061-0006,libri_6467,16000,
data/external/LibriSpeech/dev-other/6467/97061/6467-97061-0007.flac,bonafide,0,librispeech,bonafide_libri_dev-other,libri_6467,6467-97061-0007,libri_6467,16000,
data/external/LibriSpeech/dev-other/6467/97061/6467-97061-0008.flac,bonafide,0,librispeech,bonafide_libri_dev-other,libri_6467,6467-97061-0008,libri_6467,16000,
data/external/LibriSpeech/dev-other/6467/97061/6467-97061-0009.flac,bonafide,0,librispeech,bonafide_libri_dev-other,libri_6467,6467-97061-0009,libri_6467,16000,
data/external/LibriSpeech/dev-other/6467/97061/6467-97061-0010.flac,bonafide,0,librispeech,bonafide_libri_dev-other,libri_6467,6467-97061-0010,libri_6467,16000,
data/external/LibriSpeech/dev-other/6467/97061/6467-97061-0011.flac,bonafide,0,librispeech,bonafide_libri_dev-other,libri_6467,6467-97061-0011,libri_6467,16000,
data/external/LibriSpeech/dev-other/6467/97061/6467-97061-0012.flac,bonafide,0,librispeech,bonafide_libri_dev-other,libri_6467,6467-97061-0012,libri_6467,16000,
data/external/LibriSpeech/dev-other/6467/97061/6467-97061-0013.flac,bonafide,0,librispeech,bonafide_libri_dev-other,libri_6467,6467-97061-0013,libri_6467,16000,
data/external/LibriSpeech/dev-other/6467/97061/6467-97061-0014.flac,bonafide,0,librispeech,bonafide_libri_dev-other,libri_6467,6467-97061-0014,libri_6467,16000,
data/external/LibriSpeech/dev-other/6467/97061/6467-97061-0015.flac,bonafide,0,librispeech,bonafide_libri_dev-other,libri_6467,6467-97061-0015,libri_6467,16000,
data/external/LibriSpeech/dev-other/6467/97061/6467-97061-0016.flac,bonafide,0,librispeech,bonafide_libri_dev-other,libri_6467,6467-97061-0016,libri_6467,16000,
data/external/LibriSpeech/dev-other/6467/97061/6467-97061-0017.flac,bonafide,0,librispeech,bonafide_libri_dev-other,libri_6467,6467-97061-0017,libri_6467,16000,
data/external/LibriSpeech/dev-other/6467/97061/6467-97061-0018.flac,bonafide,0,librispeech,bonafide_libri_dev-other,libri_6467,6467-97061-0018,libri_6467,16000,
data/external/LibriSpeech/dev-other/6467/97061/6467-97061-0019.flac,bonafide,0,librispeech,bonafide_libri_dev-other,libri_6467,6467-97061-0019,libri_6467,16000,
data/external/LibriSpeech/dev-other/6467/97061/6467-97061-0020.flac,bonafide,0,librispeech,bonafide_libri_dev-other,libri_6467,6467-97061-0020,libri_6467,16000,
data/external/LibriSpeech/dev-other/6467/97061/6467-97061-0021.flac,bonafide,0,librispeech,bonafide_libri_dev-other,libri_6467,6467-97061-0021,libri_6467,16000,
data/external/LibriSpeech/dev-other/6467/97061/6467-97061-0022.flac,bonafide,0,librispeech,bonafide_libri_dev-other,libri_6467,6467-97061-0022,libri_6467,16000,
data/external/LibriSpeech/dev-other/6467/97061/6467-97061-0023.flac,bonafide,0,librispeech,bonafide_libri_dev-other,libri_6467,6467-97061-0023,libri_6467,16000,
data/external/LibriSpeech/dev-other/6467/97061/6467-97061-0024.flac,bonafide,0,librispeech,bonafide_libri_dev-other,libri_6467,6467-97061-0024,libri_6467,16000,
data/external/LibriSpeech/dev-other/6599/38590/6599-38590-0000.flac,bonafide,0,librispeech,bonafide_libri_dev-other,libri_6599,6599-38590-0000,libri_6599,16000,
data/external/LibriSpeech/dev-other/6599/38590/6599-38590-0001.flac,bonafide,0,librispeech,bonafide_libri_dev-other,libri_6599,6599-38590-0001,libri_6599,16000,
data/external/LibriSpeech/dev-other/6599/38590/6599-38590-0002.flac,bonafide,0,librispeech,bonafide_libri_dev-other,libri_6599,6599-38590-0002,libri_6599,16000,
data/external/LibriSpeech/dev-other/6599/38590/6599-38590-0003.flac,bonafide,0,librispeech,bonafide_libri_dev-other,libri_6599,6599-38590-0003,libri_6599,16000,
data/external/LibriSpeech/dev-other/6599/38590/6599-38590-0004.flac,bonafide,0,librispeech,bonafide_libri_dev-other,libri_6599,6599-38590-0004,libri_6599,16000,
data/external/LibriSpeech/dev-other/6599/38590/6599-38590-0005.flac,bonafide,0,librispeech,bonafide_libri_dev-other,libri_6599,6599-38590-0005,libri_6599,16000,
data/external/LibriSpeech/dev-other/6599/38590/6599-38590-0006.flac,bonafide,0,librispeech,bonafide_libri_dev-other,libri_6599,6599-38590-0006,libri_6599,16000,
data/external/LibriSpeech/dev-other/6599/38590/6599-38590-0007.flac,bonafide,0,librispeech,bonafide_libri_dev-other,libri_6599,6599-38590-0007,libri_6599,16000,
data/external/LibriSpeech/dev-other/6599/38590/6599-38590-0008.flac,bonafide,0,librispeech,bonafide_libri_dev-other,libri_6599,6599-38590-0008,libri_6599,16000,
data/external/LibriSpeech/dev-other/6599/38590/6599-38590-0009.flac,bonafide,0,librispeech,bonafide_libri_dev-other,libri_6599,6599-38590-0009,libri_6599,16000,
data/external/LibriSpeech/dev-other/6599/38591/6599-38591-0000.flac,bonafide,0,librispeech,bonafide_libri_dev-other,libri_6599,6599-38591-0000,libri_6599,16000,
data/external/LibriSpeech/dev-other/6599/38591/6599-38591-0001.flac,bonafide,0,librispeech,bonafide_libri_dev-other,libri_6599,6599-38591-0001,libri_6599,16000,
data/external/LibriSpeech/dev-other/6599/38591/6599-38591-0002.flac,bonafide,0,librispeech,bonafide_libri_dev-other,libri_6599,6599-38591-0002,libri_6599,16000,
data/external/LibriSpeech/dev-other/6599/38591/6599-38591-0003.flac,bonafide,0,librispeech,bonafide_libri_dev-other,libri_6599,6599-38591-0003,libri_6599,16000,
data/external/LibriSpeech/dev-other/6599/38591/6599-38591-0004.flac,bonafide,0,librispeech,bonafide_libri_dev-other,libri_6599,6599-38591-0004,libri_6599,16000,
data/external/LibriSpeech/dev-other/6599/38591/6599-38591-0005.flac,bonafide,0,librispeech,bonafide_libri_dev-other,libri_6599,6599-38591-0005,libri_6599,16000,
data/external/LibriSpeech/dev-other/6599/38591/6599-38591-0006.flac,bonafide,0,librispeech,bonafide_libri_dev-other,libri_6599,6599-38591-0006,libri_6599,16000,
data/external/LibriSpeech/dev-other/6599/38591/6599-38591-0007.flac,bonafide,0,librispeech,bonafide_libri_dev-other,libri_6599,6599-38591-0007,libri_6599,16000,
data/external/LibriSpeech/dev-other/6599/38591/6599-38591-0008.flac,bonafide,0,librispeech,bonafide_libri_dev-other,libri_6599,6599-38591-0008,libri_6599,16000,
data/external/LibriSpeech/dev-other/6599/38591/6599-38591-0009.flac,bonafide,0,librispeech,bonafide_libri_dev-other,libri_6599,6599-38591-0009,libri_6599,16000,
data/external/LibriSpeech/dev-other/6599/38591/6599-38591-0010.flac,bonafide,0,librispeech,bonafide_libri_dev-other,libri_6599,6599-38591-0010,libri_6599,16000,
data/external/LibriSpeech/dev-other/6599/38591/6599-38591-0011.flac,bonafide,0,librispeech,bonafide_libri_dev-other,libri_6599,6599-38591-0011,libri_6599,16000,
data/external/LibriSpeech/dev-other/6599/38591/6599-38591-0012.flac,bonafide,0,librispeech,bonafide_libri_dev-other,libri_6599,6599-38591-0012,libri_6599,16000,
data/external/LibriSpeech/dev-other/6599/38591/6599-38591-0013.flac,bonafide,0,librispeech,bonafide_libri_dev-other,libri_6599,6599-38591-0013,libri_6599,16000,
data/external/LibriSpeech/dev-other/6841/88291/6841-88291-0000.flac,bonafide,0,librispeech,bonafide_libri_dev-other,libri_6841,6841-88291-0000,libri_6841,16000,
data/external/LibriSpeech/dev-other/6841/88291/6841-88291-0001.flac,bonafide,0,librispeech,bonafide_libri_dev-other,libri_6841,6841-88291-0001,libri_6841,16000,
data/external/LibriSpeech/dev-other/6841/88291/6841-88291-0002.flac,bonafide,0,librispeech,bonafide_libri_dev-other,libri_6841,6841-88291-0002,libri_6841,16000,
data/external/LibriSpeech/dev-other/6841/88291/6841-88291-0003.flac,bonafide,0,librispeech,bonafide_libri_dev-other,libri_6841,6841-88291-0003,libri_6841,16000,
data/external/LibriSpeech/dev-other/6841/88291/6841-88291-0004.flac,bonafide,0,librispeech,bonafide_libri_dev-other,libri_6841,6841-88291-0004,libri_6841,16000,
data/external/LibriSpeech/dev-other/6841/88291/6841-88291-0005.flac,bonafide,0,librispeech,bonafide_libri_dev-other,libri_6841,6841-88291-0005,libri_6841,16000,
data/external/LibriSpeech/dev-other/6841/88291/6841-88291-0006.flac,bonafide,0,librispeech,bonafide_libri_dev-other,libri_6841,6841-88291-0006,libri_6841,16000,
data/external/LibriSpeech/dev-other/6841/88291/6841-88291-0007.flac,bonafide,0,librispeech,bonafide_libri_dev-other,libri_6841,6841-88291-0007,libri_6841,16000,
data/external/LibriSpeech/dev-other/6841/88291/6841-88291-0008.flac,bonafide,0,librispeech,bonafide_libri_dev-other,libri_6841,6841-88291-0008,libri_6841,16000,
data/external/LibriSpeech/dev-other/6841/88291/6841-88291-0009.flac,bonafide,0,librispeech,bonafide_libri_dev-other,libri_6841,6841-88291-0009,libri_6841,16000,
data/external/LibriSpeech/dev-other/6841/88291/6841-88291-0010.flac,bonafide,0,librispeech,bonafide_libri_dev-other,libri_6841,6841-88291-0010,libri_6841,16000,
data/external/LibriSpeech/dev-other/6841/88291/6841-88291-0011.flac,bonafide,0,librispeech,bonafide_libri_dev-other,libri_6841,6841-88291-0011,libri_6841,16000,
data/external/LibriSpeech/dev-other/6841/88291/6841-88291-0012.flac,bonafide,0,librispeech,bonafide_libri_dev-other,libri_6841,6841-88291-0012,libri_6841,16000,
data/external/LibriSpeech/dev-other/6841/88291/6841-88291-0013.flac,bonafide,0,librispeech,bonafide_libri_dev-other,libri_6841,6841-88291-0013,libri_6841,16000,
data/external/LibriSpeech/dev-other/6841/88291/6841-88291-0014.flac,bonafide,0,librispeech,bonafide_libri_dev-other,libri_6841,6841-88291-0014,libri_6841,16000,
data/external/LibriSpeech/dev-other/6841/88291/6841-88291-0015.flac,bonafide,0,librispeech,bonafide_libri_dev-other,libri_6841,6841-88291-0015,libri_6841,16000,
data/external/LibriSpeech/dev-other/6841/88291/6841-88291-0016.flac,bonafide,0,librispeech,bonafide_libri_dev-other,libri_6841,6841-88291-0016,libri_6841,16000,
data/external/LibriSpeech/dev-other/6841/88291/6841-88291-0017.flac,bonafide,0,librispeech,bonafide_libri_dev-other,libri_6841,6841-88291-0017,libri_6841,16000,
data/external/LibriSpeech/dev-other/6841/88291/6841-88291-0018.flac,bonafide,0,librispeech,bonafide_libri_dev-other,libri_6841,6841-88291-0018,libri_6841,16000,
data/external/LibriSpeech/dev-other/6841/88291/6841-88291-0019.flac,bonafide,0,librispeech,bonafide_libri_dev-other,libri_6841,6841-88291-0019,libri_6841,16000,
data/external/LibriSpeech/dev-other/6841/88291/6841-88291-0020.flac,bonafide,0,librispeech,bonafide_libri_dev-other,libri_6841,6841-88291-0020,libri_6841,16000,
data/external/LibriSpeech/dev-other/6841/88291/6841-88291-0021.flac,bonafide,0,librispeech,bonafide_libri_dev-other,libri_6841,6841-88291-0021,libri_6841,16000,
data/external/LibriSpeech/dev-other/6841/88291/6841-88291-0022.flac,bonafide,0,librispeech,bonafide_libri_dev-other,libri_6841,6841-88291-0022,libri_6841,16000,
data/external/LibriSpeech/dev-other/6841/88291/6841-88291-0023.flac,bonafide,0,librispeech,bonafide_libri_dev-other,libri_6841,6841-88291-0023,libri_6841,16000,
data/external/LibriSpeech/dev-other/6841/88291/6841-88291-0024.flac,bonafide,0,librispeech,bonafide_libri_dev-other,libri_6841,6841-88291-0024,libri_6841,16000,
data/external/LibriSpeech/dev-other/6841/88291/6841-88291-0025.flac,bonafide,0,librispeech,bonafide_libri_dev-other,libri_6841,6841-88291-0025,libri_6841,16000,
data/external/LibriSpeech/dev-other/6841/88291/6841-88291-0026.flac,bonafide,0,librispeech,bonafide_libri_dev-other,libri_6841,6841-88291-0026,libri_6841,16000,
data/external/LibriSpeech/dev-other/6841/88291/6841-88291-0027.flac,bonafide,0,librispeech,bonafide_libri_dev-other,libri_6841,6841-88291-0027,libri_6841,16000,
data/external/LibriSpeech/dev-other/6841/88291/6841-88291-0028.flac,bonafide,0,librispeech,bonafide_libri_dev-other,libri_6841,6841-88291-0028,libri_6841,16000,
data/external/LibriSpeech/dev-other/6841/88291/6841-88291-0029.flac,bonafide,0,librispeech,bonafide_libri_dev-other,libri_6841,6841-88291-0029,libri_6841,16000,
data/external/LibriSpeech/dev-other/6841/88291/6841-88291-0030.flac,bonafide,0,librispeech,bonafide_libri_dev-other,libri_6841,6841-88291-0030,libri_6841,16000,
data/external/LibriSpeech/dev-other/6841/88291/6841-88291-0031.flac,bonafide,0,librispeech,bonafide_libri_dev-other,libri_6841,6841-88291-0031,libri_6841,16000,
data/external/LibriSpeech/dev-other/6841/88291/6841-88291-0032.flac,bonafide,0,librispeech,bonafide_libri_dev-other,libri_6841,6841-88291-0032,libri_6841,16000,
data/external/LibriSpeech/dev-other/6841/88291/6841-88291-0033.flac,bonafide,0,librispeech,bonafide_libri_dev-other,libri_6841,6841-88291-0033,libri_6841,16000,
data/external/LibriSpeech/dev-other/6841/88291/6841-88291-0034.flac,bonafide,0,librispeech,bonafide_libri_dev-other,libri_6841,6841-88291-0034,libri_6841,16000,
data/external/LibriSpeech/dev-other/6841/88291/6841-88291-0035.flac,bonafide,0,librispeech,bonafide_libri_dev-other,libri_6841,6841-88291-0035,libri_6841,16000,
data/external/LibriSpeech/dev-other/6841/88291/6841-88291-0036.flac,bonafide,0,librispeech,bonafide_libri_dev-other,libri_6841,6841-88291-0036,libri_6841,16000,
data/external/LibriSpeech/dev-other/6841/88291/6841-88291-0037.flac,bonafide,0,librispeech,bonafide_libri_dev-other,libri_6841,6841-88291-0037,libri_6841,16000,
data/external/LibriSpeech/dev-other/6841/88291/6841-88291-0038.flac,bonafide,0,librispeech,bonafide_libri_dev-other,libri_6841,6841-88291-0038,libri_6841,16000,
data/external/LibriSpeech/dev-other/6841/88291/6841-88291-0039.flac,bonafide,0,librispeech,bonafide_libri_dev-other,libri_6841,6841-88291-0039,libri_6841,16000,
data/external/LibriSpeech/dev-other/6841/88291/6841-88291-0040.flac,bonafide,0,librispeech,bonafide_libri_dev-other,libri_6841,6841-88291-0040,libri_6841,16000,
data/external/LibriSpeech/dev-other/6841/88291/6841-88291-0041.flac,bonafide,0,librispeech,bonafide_libri_dev-other,libri_6841,6841-88291-0041,libri_6841,16000,
data/external/LibriSpeech/dev-other/6841/88291/6841-88291-0042.flac,bonafide,0,librispeech,bonafide_libri_dev-other,libri_6841,6841-88291-0042,libri_6841,16000,
data/external/LibriSpeech/dev-other/6841/88291/6841-88291-0043.flac,bonafide,0,librispeech,bonafide_libri_dev-other,libri_6841,6841-88291-0043,libri_6841,16000,
data/external/LibriSpeech/dev-other/6841/88291/6841-88291-0044.flac,bonafide,0,librispeech,bonafide_libri_dev-other,libri_6841,6841-88291-0044,libri_6841,16000,
data/external/LibriSpeech/dev-other/6841/88291/6841-88291-0045.flac,bonafide,0,librispeech,bonafide_libri_dev-other,libri_6841,6841-88291-0045,libri_6841,16000,
data/external/LibriSpeech/dev-other/6841/88291/6841-88291-0046.flac,bonafide,0,librispeech,bonafide_libri_dev-other,libri_6841,6841-88291-0046,libri_6841,16000,
data/external/LibriSpeech/dev-other/6841/88291/6841-88291-0047.flac,bonafide,0,librispeech,bonafide_libri_dev-other,libri_6841,6841-88291-0047,libri_6841,16000,
data/external/LibriSpeech/dev-other/6841/88291/6841-88291-0048.flac,bonafide,0,librispeech,bonafide_libri_dev-other,libri_6841,6841-88291-0048,libri_6841,16000,
data/external/LibriSpeech/dev-other/6841/88291/6841-88291-0049.flac,bonafide,0,librispeech,bonafide_libri_dev-other,libri_6841,6841-88291-0049,libri_6841,16000,
data/external/LibriSpeech/dev-other/6841/88291/6841-88291-0050.flac,bonafide,0,librispeech,bonafide_libri_dev-other,libri_6841,6841-88291-0050,libri_6841,16000,
data/external/LibriSpeech/dev-other/6841/88291/6841-88291-0051.flac,bonafide,0,librispeech,bonafide_libri_dev-other,libri_6841,6841-88291-0051,libri_6841,16000,
data/external/LibriSpeech/dev-other/6841/88291/6841-88291-0052.flac,bonafide,0,librispeech,bonafide_libri_dev-other,libri_6841,6841-88291-0052,libri_6841,16000,
data/external/LibriSpeech/dev-other/6841/88291/6841-88291-0053.flac,bonafide,0,librispeech,bonafide_libri_dev-other,libri_6841,6841-88291-0053,libri_6841,16000,
data/external/LibriSpeech/dev-other/6841/88291/6841-88291-0054.flac,bonafide,0,librispeech,bonafide_libri_dev-other,libri_6841,6841-88291-0054,libri_6841,16000,
data/external/LibriSpeech/dev-other/6841/88291/6841-88291-0055.flac,bonafide,0,librispeech,bonafide_libri_dev-other,libri_6841,6841-88291-0055,libri_6841,16000,
data/external/LibriSpeech/dev-other/6841/88291/6841-88291-0056.flac,bonafide,0,librispeech,bonafide_libri_dev-other,libri_6841,6841-88291-0056,libri_6841,16000,
data/external/LibriSpeech/dev-other/6841/88294/6841-88294-0000.flac,bonafide,0,librispeech,bonafide_libri_dev-other,libri_6841,6841-88294-0000,libri_6841,16000,
data/external/LibriSpeech/dev-other/6841/88294/6841-88294-0001.flac,bonafide,0,librispeech,bonafide_libri_dev-other,libri_6841,6841-88294-0001,libri_6841,16000,
data/external/LibriSpeech/dev-other/6841/88294/6841-88294-0002.flac,bonafide,0,librispeech,bonafide_libri_dev-other,libri_6841,6841-88294-0002,libri_6841,16000,
data/external/LibriSpeech/dev-other/6841/88294/6841-88294-0003.flac,bonafide,0,librispeech,bonafide_libri_dev-other,libri_6841,6841-88294-0003,libri_6841,16000,
data/external/LibriSpeech/dev-other/6841/88294/6841-88294-0004.flac,bonafide,0,librispeech,bonafide_libri_dev-other,libri_6841,6841-88294-0004,libri_6841,16000,
data/external/LibriSpeech/dev-other/6841/88294/6841-88294-0005.flac,bonafide,0,librispeech,bonafide_libri_dev-other,libri_6841,6841-88294-0005,libri_6841,16000,
data/external/LibriSpeech/dev-other/6841/88294/6841-88294-0006.flac,bonafide,0,librispeech,bonafide_libri_dev-other,libri_6841,6841-88294-0006,libri_6841,16000,
data/external/LibriSpeech/dev-other/6841/88294/6841-88294-0007.flac,bonafide,0,librispeech,bonafide_libri_dev-other,libri_6841,6841-88294-0007,libri_6841,16000,
data/external/LibriSpeech/dev-other/6841/88294/6841-88294-0008.flac,bonafide,0,librispeech,bonafide_libri_dev-other,libri_6841,6841-88294-0008,libri_6841,16000,
data/external/LibriSpeech/dev-other/6841/88294/6841-88294-0009.flac,bonafide,0,librispeech,bonafide_libri_dev-other,libri_6841,6841-88294-0009,libri_6841,16000,
data/external/LibriSpeech/dev-other/6841/88294/6841-88294-0010.flac,bonafide,0,librispeech,bonafide_libri_dev-other,libri_6841,6841-88294-0010,libri_6841,16000,
data/external/LibriSpeech/dev-other/6841/88294/6841-88294-0011.flac,bonafide,0,librispeech,bonafide_libri_dev-other,libri_6841,6841-88294-0011,libri_6841,16000,
data/external/LibriSpeech/dev-other/6841/88294/6841-88294-0012.flac,bonafide,0,librispeech,bonafide_libri_dev-other,libri_6841,6841-88294-0012,libri_6841,16000,
data/external/LibriSpeech/dev-other/6841/88294/6841-88294-0013.flac,bonafide,0,librispeech,bonafide_libri_dev-other,libri_6841,6841-88294-0013,libri_6841,16000,
data/external/LibriSpeech/dev-other/6841/88294/6841-88294-0014.flac,bonafide,0,librispeech,bonafide_libri_dev-other,libri_6841,6841-88294-0014,libri_6841,16000,
data/external/LibriSpeech/dev-other/6841/88294/6841-88294-0015.flac,bonafide,0,librispeech,bonafide_libri_dev-other,libri_6841,6841-88294-0015,libri_6841,16000,
data/external/LibriSpeech/dev-other/6841/88294/6841-88294-0016.flac,bonafide,0,librispeech,bonafide_libri_dev-other,libri_6841,6841-88294-0016,libri_6841,16000,
data/external/LibriSpeech/dev-other/6841/88294/6841-88294-0017.flac,bonafide,0,librispeech,bonafide_libri_dev-other,libri_6841,6841-88294-0017,libri_6841,16000,
data/external/LibriSpeech/dev-other/6841/88294/6841-88294-0018.flac,bonafide,0,librispeech,bonafide_libri_dev-other,libri_6841,6841-88294-0018,libri_6841,16000,
data/external/LibriSpeech/dev-other/6841/88294/6841-88294-0019.flac,bonafide,0,librispeech,bonafide_libri_dev-other,libri_6841,6841-88294-0019,libri_6841,16000,
data/external/LibriSpeech/dev-other/6841/88294/6841-88294-0020.flac,bonafide,0,librispeech,bonafide_libri_dev-other,libri_6841,6841-88294-0020,libri_6841,16000,
data/external/LibriSpeech/dev-other/6841/88294/6841-88294-0021.flac,bonafide,0,librispeech,bonafide_libri_dev-other,libri_6841,6841-88294-0021,libri_6841,16000,
data/external/LibriSpeech/dev-other/6841/88294/6841-88294-0022.flac,bonafide,0,librispeech,bonafide_libri_dev-other,libri_6841,6841-88294-0022,libri_6841,16000,
data/external/LibriSpeech/dev-other/6841/88294/6841-88294-0023.flac,bonafide,0,librispeech,bonafide_libri_dev-other,libri_6841,6841-88294-0023,libri_6841,16000,
data/external/LibriSpeech/dev-other/6841/88294/6841-88294-0024.flac,bonafide,0,librispeech,bonafide_libri_dev-other,libri_6841,6841-88294-0024,libri_6841,16000,
data/external/LibriSpeech/dev-other/6841/88294/6841-88294-0025.flac,bonafide,0,librispeech,bonafide_libri_dev-other,libri_6841,6841-88294-0025,libri_6841,16000,
data/external/LibriSpeech/dev-other/6841/88294/6841-88294-0026.flac,bonafide,0,librispeech,bonafide_libri_dev-other,libri_6841,6841-88294-0026,libri_6841,16000,
data/external/LibriSpeech/dev-other/6841/88294/6841-88294-0027.flac,bonafide,0,librispeech,bonafide_libri_dev-other,libri_6841,6841-88294-0027,libri_6841,16000,
data/external/LibriSpeech/dev-other/6841/88294/6841-88294-0028.flac,bonafide,0,librispeech,bonafide_libri_dev-other,libri_6841,6841-88294-0028,libri_6841,16000,
data/external/LibriSpeech/dev-other/6841/88294/6841-88294-0029.flac,bonafide,0,librispeech,bonafide_libri_dev-other,libri_6841,6841-88294-0029,libri_6841,16000,
data/external/LibriSpeech/dev-other/6841/88294/6841-88294-0030.flac,bonafide,0,librispeech,bonafide_libri_dev-other,libri_6841,6841-88294-0030,libri_6841,16000,
data/external/LibriSpeech/dev-other/6841/88294/6841-88294-0031.flac,bonafide,0,librispeech,bonafide_libri_dev-other,libri_6841,6841-88294-0031,libri_6841,16000,
data/external/LibriSpeech/dev-other/6841/88294/6841-88294-0032.flac,bonafide,0,librispeech,bonafide_libri_dev-other,libri_6841,6841-88294-0032,libri_6841,16000,
data/external/LibriSpeech/dev-other/6841/88294/6841-88294-0033.flac,bonafide,0,librispeech,bonafide_libri_dev-other,libri_6841,6841-88294-0033,libri_6841,16000,
data/external/LibriSpeech/dev-other/6841/88294/6841-88294-0034.flac,bonafide,0,librispeech,bonafide_libri_dev-other,libri_6841,6841-88294-0034,libri_6841,16000,
data/external/LibriSpeech/dev-other/6841/88294/6841-88294-0035.flac,bonafide,0,librispeech,bonafide_libri_dev-other,libri_6841,6841-88294-0035,libri_6841,16000,
data/external/LibriSpeech/dev-other/6841/88294/6841-88294-0036.flac,bonafide,0,librispeech,bonafide_libri_dev-other,libri_6841,6841-88294-0036,libri_6841,16000,
data/external/LibriSpeech/dev-other/6841/88294/6841-88294-0037.flac,bonafide,0,librispeech,bonafide_libri_dev-other,libri_6841,6841-88294-0037,libri_6841,16000,
data/external/LibriSpeech/dev-other/6841/88294/6841-88294-0038.flac,bonafide,0,librispeech,bonafide_libri_dev-other,libri_6841,6841-88294-0038,libri_6841,16000,
data/external/LibriSpeech/dev-other/6841/88294/6841-88294-0039.flac,bonafide,0,librispeech,bonafide_libri_dev-other,libri_6841,6841-88294-0039,libri_6841,16000,
data/external/LibriSpeech/dev-other/6841/88294/6841-88294-0040.flac,bonafide,0,librispeech,bonafide_libri_dev-other,libri_6841,6841-88294-0040,libri_6841,16000,
data/external/LibriSpeech/dev-other/6841/88294/6841-88294-0041.flac,bonafide,0,librispeech,bonafide_libri_dev-other,libri_6841,6841-88294-0041,libri_6841,16000,
data/external/LibriSpeech/dev-other/6841/88294/6841-88294-0042.flac,bonafide,0,librispeech,bonafide_libri_dev-other,libri_6841,6841-88294-0042,libri_6841,16000,
data/external/LibriSpeech/dev-other/6841/88294/6841-88294-0043.flac,bonafide,0,librispeech,bonafide_libri_dev-other,libri_6841,6841-88294-0043,libri_6841,16000,
data/external/LibriSpeech/dev-other/6841/88294/6841-88294-0044.flac,bonafide,0,librispeech,bonafide_libri_dev-other,libri_6841,6841-88294-0044,libri_6841,16000,
data/external/LibriSpeech/dev-other/6841/88294/6841-88294-0045.flac,bonafide,0,librispeech,bonafide_libri_dev-other,libri_6841,6841-88294-0045,libri_6841,16000,
data/external/LibriSpeech/dev-other/6841/88294/6841-88294-0046.flac,bonafide,0,librispeech,bonafide_libri_dev-other,libri_6841,6841-88294-0046,libri_6841,16000,
data/external/LibriSpeech/dev-other/6841/88294/6841-88294-0047.flac,bonafide,0,librispeech,bonafide_libri_dev-other,libri_6841,6841-88294-0047,libri_6841,16000,
data/external/LibriSpeech/dev-other/6841/88294/6841-88294-0048.flac,bonafide,0,librispeech,bonafide_libri_dev-other,libri_6841,6841-88294-0048,libri_6841,16000,
data/external/LibriSpeech/dev-other/6841/88294/6841-88294-0049.flac,bonafide,0,librispeech,bonafide_libri_dev-other,libri_6841,6841-88294-0049,libri_6841,16000,
data/external/LibriSpeech/dev-other/6841/88294/6841-88294-0050.flac,bonafide,0,librispeech,bonafide_libri_dev-other,libri_6841,6841-88294-0050,libri_6841,16000,
data/external/LibriSpeech/dev-other/6841/88294/6841-88294-0051.flac,bonafide,0,librispeech,bonafide_libri_dev-other,libri_6841,6841-88294-0051,libri_6841,16000,
data/external/LibriSpeech/dev-other/6841/88294/6841-88294-0052.flac,bonafide,0,librispeech,bonafide_libri_dev-other,libri_6841,6841-88294-0052,libri_6841,16000,
data/external/LibriSpeech/dev-other/6841/88294/6841-88294-0053.flac,bonafide,0,librispeech,bonafide_libri_dev-other,libri_6841,6841-88294-0053,libri_6841,16000,
data/external/LibriSpeech/dev-other/6841/88294/6841-88294-0054.flac,bonafide,0,librispeech,bonafide_libri_dev-other,libri_6841,6841-88294-0054,libri_6841,16000,
data/external/LibriSpeech/dev-other/6841/88294/6841-88294-0055.flac,bonafide,0,librispeech,bonafide_libri_dev-other,libri_6841,6841-88294-0055,libri_6841,16000,
data/external/LibriSpeech/dev-other/6841/88294/6841-88294-0056.flac,bonafide,0,librispeech,bonafide_libri_dev-other,libri_6841,6841-88294-0056,libri_6841,16000,
data/external/LibriSpeech/dev-other/6841/88294/6841-88294-0057.flac,bonafide,0,librispeech,bonafide_libri_dev-other,libri_6841,6841-88294-0057,libri_6841,16000,
data/external/LibriSpeech/dev-other/6841/88294/6841-88294-0058.flac,bonafide,0,librispeech,bonafide_libri_dev-other,libri_6841,6841-88294-0058,libri_6841,16000,
data/external/LibriSpeech/dev-other/6841/88294/6841-88294-0059.flac,bonafide,0,librispeech,bonafide_libri_dev-other,libri_6841,6841-88294-0059,libri_6841,16000,
data/external/LibriSpeech/dev-other/6841/88294/6841-88294-0060.flac,bonafide,0,librispeech,bonafide_libri_dev-other,libri_6841,6841-88294-0060,libri_6841,16000,
data/external/LibriSpeech/dev-other/6841/88294/6841-88294-0061.flac,bonafide,0,librispeech,bonafide_libri_dev-other,libri_6841,6841-88294-0061,libri_6841,16000,
data/external/LibriSpeech/dev-other/6841/88294/6841-88294-0062.flac,bonafide,0,librispeech,bonafide_libri_dev-other,libri_6841,6841-88294-0062,libri_6841,16000,
data/external/LibriSpeech/dev-other/6841/88294/6841-88294-0063.flac,bonafide,0,librispeech,bonafide_libri_dev-other,libri_6841,6841-88294-0063,libri_6841,16000,
data/external/LibriSpeech/dev-other/6841/88294/6841-88294-0064.flac,bonafide,0,librispeech,bonafide_libri_dev-other,libri_6841,6841-88294-0064,libri_6841,16000,
data/external/LibriSpeech/dev-other/6841/88294/6841-88294-0065.flac,bonafide,0,librispeech,bonafide_libri_dev-other,libri_6841,6841-88294-0065,libri_6841,16000,
data/external/LibriSpeech/dev-other/6841/88294/6841-88294-0066.flac,bonafide,0,librispeech,bonafide_libri_dev-other,libri_6841,6841-88294-0066,libri_6841,16000,
data/external/LibriSpeech/dev-other/6841/88294/6841-88294-0067.flac,bonafide,0,librispeech,bonafide_libri_dev-other,libri_6841,6841-88294-0067,libri_6841,16000,
data/external/LibriSpeech/dev-other/6841/88294/6841-88294-0068.flac,bonafide,0,librispeech,bonafide_libri_dev-other,libri_6841,6841-88294-0068,libri_6841,16000,
data/external/LibriSpeech/dev-other/700/122866/700-122866-0000.flac,bonafide,0,librispeech,bonafide_libri_dev-other,libri_700,700-122866-0000,libri_700,16000,
data/external/LibriSpeech/dev-other/700/122866/700-122866-0001.flac,bonafide,0,librispeech,bonafide_libri_dev-other,libri_700,700-122866-0001,libri_700,16000,
data/external/LibriSpeech/dev-other/700/122866/700-122866-0002.flac,bonafide,0,librispeech,bonafide_libri_dev-other,libri_700,700-122866-0002,libri_700,16000,
data/external/LibriSpeech/dev-other/700/122866/700-122866-0003.flac,bonafide,0,librispeech,bonafide_libri_dev-other,libri_700,700-122866-0003,libri_700,16000,
data/external/LibriSpeech/dev-other/700/122866/700-122866-0004.flac,bonafide,0,librispeech,bonafide_libri_dev-other,libri_700,700-122866-0004,libri_700,16000,
data/external/LibriSpeech/dev-other/700/122866/700-122866-0005.flac,bonafide,0,librispeech,bonafide_libri_dev-other,libri_700,700-122866-0005,libri_700,16000,
data/external/LibriSpeech/dev-other/700/122866/700-122866-0006.flac,bonafide,0,librispeech,bonafide_libri_dev-other,libri_700,700-122866-0006,libri_700,16000,
data/external/LibriSpeech/dev-other/700/122866/700-122866-0007.flac,bonafide,0,librispeech,bonafide_libri_dev-other,libri_700,700-122866-0007,libri_700,16000,
data/external/LibriSpeech/dev-other/700/122866/700-122866-0008.flac,bonafide,0,librispeech,bonafide_libri_dev-other,libri_700,700-122866-0008,libri_700,16000,
data/external/LibriSpeech/dev-other/700/122866/700-122866-0009.flac,bonafide,0,librispeech,bonafide_libri_dev-other,libri_700,700-122866-0009,libri_700,16000,
data/external/LibriSpeech/dev-other/700/122866/700-122866-0010.flac,bonafide,0,librispeech,bonafide_libri_dev-other,libri_700,700-122866-0010,libri_700,16000,
data/external/LibriSpeech/dev-other/700/122866/700-122866-0011.flac,bonafide,0,librispeech,bonafide_libri_dev-other,libri_700,700-122866-0011,libri_700,16000,
data/external/LibriSpeech/dev-other/700/122866/700-122866-0012.flac,bonafide,0,librispeech,bonafide_libri_dev-other,libri_700,700-122866-0012,libri_700,16000,
data/external/LibriSpeech/dev-other/700/122866/700-122866-0013.flac,bonafide,0,librispeech,bonafide_libri_dev-other,libri_700,700-122866-0013,libri_700,16000,
data/external/LibriSpeech/dev-other/700/122866/700-122866-0014.flac,bonafide,0,librispeech,bonafide_libri_dev-other,libri_700,700-122866-0014,libri_700,16000,
data/external/LibriSpeech/dev-other/700/122866/700-122866-0015.flac,bonafide,0,librispeech,bonafide_libri_dev-other,libri_700,700-122866-0015,libri_700,16000,
data/external/LibriSpeech/dev-other/700/122866/700-122866-0016.flac,bonafide,0,librispeech,bonafide_libri_dev-other,libri_700,700-122866-0016,libri_700,16000,
data/external/LibriSpeech/dev-other/700/122866/700-122866-0017.flac,bonafide,0,librispeech,bonafide_libri_dev-other,libri_700,700-122866-0017,libri_700,16000,
data/external/LibriSpeech/dev-other/700/122866/700-122866-0018.flac,bonafide,0,librispeech,bonafide_libri_dev-other,libri_700,700-122866-0018,libri_700,16000,
data/external/LibriSpeech/dev-other/700/122866/700-122866-0019.flac,bonafide,0,librispeech,bonafide_libri_dev-other,libri_700,700-122866-0019,libri_700,16000,
data/external/LibriSpeech/dev-other/700/122866/700-122866-0020.flac,bonafide,0,librispeech,bonafide_libri_dev-other,libri_700,700-122866-0020,libri_700,16000,
data/external/LibriSpeech/dev-other/700/122866/700-122866-0021.flac,bonafide,0,librispeech,bonafide_libri_dev-other,libri_700,700-122866-0021,libri_700,16000,
data/external/LibriSpeech/dev-other/700/122866/700-122866-0022.flac,bonafide,0,librispeech,bonafide_libri_dev-other,libri_700,700-122866-0022,libri_700,16000,
data/external/LibriSpeech/dev-other/700/122866/700-122866-0023.flac,bonafide,0,librispeech,bonafide_libri_dev-other,libri_700,700-122866-0023,libri_700,16000,
data/external/LibriSpeech/dev-other/700/122866/700-122866-0024.flac,bonafide,0,librispeech,bonafide_libri_dev-other,libri_700,700-122866-0024,libri_700,16000,
data/external/LibriSpeech/dev-other/700/122866/700-122866-0025.flac,bonafide,0,librispeech,bonafide_libri_dev-other,libri_700,700-122866-0025,libri_700,16000,
data/external/LibriSpeech/dev-other/700/122866/700-122866-0026.flac,bonafide,0,librispeech,bonafide_libri_dev-other,libri_700,700-122866-0026,libri_700,16000,
data/external/LibriSpeech/dev-other/700/122866/700-122866-0027.flac,bonafide,0,librispeech,bonafide_libri_dev-other,libri_700,700-122866-0027,libri_700,16000,
data/external/LibriSpeech/dev-other/700/122866/700-122866-0028.flac,bonafide,0,librispeech,bonafide_libri_dev-other,libri_700,700-122866-0028,libri_700,16000,
data/external/LibriSpeech/dev-other/700/122866/700-122866-0029.flac,bonafide,0,librispeech,bonafide_libri_dev-other,libri_700,700-122866-0029,libri_700,16000,
data/external/LibriSpeech/dev-other/700/122866/700-122866-0030.flac,bonafide,0,librispeech,bonafide_libri_dev-other,libri_700,700-122866-0030,libri_700,16000,
data/external/LibriSpeech/dev-other/700/122866/700-122866-0031.flac,bonafide,0,librispeech,bonafide_libri_dev-other,libri_700,700-122866-0031,libri_700,16000,
data/external/LibriSpeech/dev-other/700/122866/700-122866-0032.flac,bonafide,0,librispeech,bonafide_libri_dev-other,libri_700,700-122866-0032,libri_700,16000,
data/external/LibriSpeech/dev-other/700/122866/700-122866-0033.flac,bonafide,0,librispeech,bonafide_libri_dev-other,libri_700,700-122866-0033,libri_700,16000,
data/external/LibriSpeech/dev-other/700/122866/700-122866-0034.flac,bonafide,0,librispeech,bonafide_libri_dev-other,libri_700,700-122866-0034,libri_700,16000,
data/external/LibriSpeech/dev-other/700/122866/700-122866-0035.flac,bonafide,0,librispeech,bonafide_libri_dev-other,libri_700,700-122866-0035,libri_700,16000,
data/external/LibriSpeech/dev-other/700/122866/700-122866-0036.flac,bonafide,0,librispeech,bonafide_libri_dev-other,libri_700,700-122866-0036,libri_700,16000,
data/external/LibriSpeech/dev-other/700/122866/700-122866-0037.flac,bonafide,0,librispeech,bonafide_libri_dev-other,libri_700,700-122866-0037,libri_700,16000,
data/external/LibriSpeech/dev-other/700/122866/700-122866-0038.flac,bonafide,0,librispeech,bonafide_libri_dev-other,libri_700,700-122866-0038,libri_700,16000,
data/external/LibriSpeech/dev-other/700/122866/700-122866-0039.flac,bonafide,0,librispeech,bonafide_libri_dev-other,libri_700,700-122866-0039,libri_700,16000,
data/external/LibriSpeech/dev-other/700/122866/700-122866-0040.flac,bonafide,0,librispeech,bonafide_libri_dev-other,libri_700,700-122866-0040,libri_700,16000,
data/external/LibriSpeech/dev-other/700/122866/700-122866-0041.flac,bonafide,0,librispeech,bonafide_libri_dev-other,libri_700,700-122866-0041,libri_700,16000,
data/external/LibriSpeech/dev-other/700/122866/700-122866-0042.flac,bonafide,0,librispeech,bonafide_libri_dev-other,libri_700,700-122866-0042,libri_700,16000,
data/external/LibriSpeech/dev-other/700/122867/700-122867-0000.flac,bonafide,0,librispeech,bonafide_libri_dev-other,libri_700,700-122867-0000,libri_700,16000,
data/external/LibriSpeech/dev-other/700/122867/700-122867-0001.flac,bonafide,0,librispeech,bonafide_libri_dev-other,libri_700,700-122867-0001,libri_700,16000,
data/external/LibriSpeech/dev-other/700/122867/700-122867-0002.flac,bonafide,0,librispeech,bonafide_libri_dev-other,libri_700,700-122867-0002,libri_700,16000,
data/external/LibriSpeech/dev-other/700/122867/700-122867-0003.flac,bonafide,0,librispeech,bonafide_libri_dev-other,libri_700,700-122867-0003,libri_700,16000,
data/external/LibriSpeech/dev-other/700/122867/700-122867-0004.flac,bonafide,0,librispeech,bonafide_libri_dev-other,libri_700,700-122867-0004,libri_700,16000,
data/external/LibriSpeech/dev-other/700/122867/700-122867-0005.flac,bonafide,0,librispeech,bonafide_libri_dev-other,libri_700,700-122867-0005,libri_700,16000,
data/external/LibriSpeech/dev-other/700/122867/700-122867-0006.flac,bonafide,0,librispeech,bonafide_libri_dev-other,libri_700,700-122867-0006,libri_700,16000,
data/external/LibriSpeech/dev-other/700/122867/700-122867-0007.flac,bonafide,0,librispeech,bonafide_libri_dev-other,libri_700,700-122867-0007,libri_700,16000,
data/external/LibriSpeech/dev-other/700/122867/700-122867-0008.flac,bonafide,0,librispeech,bonafide_libri_dev-other,libri_700,700-122867-0008,libri_700,16000,
data/external/LibriSpeech/dev-other/700/122867/700-122867-0009.flac,bonafide,0,librispeech,bonafide_libri_dev-other,libri_700,700-122867-0009,libri_700,16000,
data/external/LibriSpeech/dev-other/700/122867/700-122867-0010.flac,bonafide,0,librispeech,bonafide_libri_dev-other,libri_700,700-122867-0010,libri_700,16000,
data/external/LibriSpeech/dev-other/700/122867/700-122867-0011.flac,bonafide,0,librispeech,bonafide_libri_dev-other,libri_700,700-122867-0011,libri_700,16000,
data/external/LibriSpeech/dev-other/700/122867/700-122867-0012.flac,bonafide,0,librispeech,bonafide_libri_dev-other,libri_700,700-122867-0012,libri_700,16000,
data/external/LibriSpeech/dev-other/700/122867/700-122867-0013.flac,bonafide,0,librispeech,bonafide_libri_dev-other,libri_700,700-122867-0013,libri_700,16000,
data/external/LibriSpeech/dev-other/700/122867/700-122867-0014.flac,bonafide,0,librispeech,bonafide_libri_dev-other,libri_700,700-122867-0014,libri_700,16000,
data/external/LibriSpeech/dev-other/700/122867/700-122867-0015.flac,bonafide,0,librispeech,bonafide_libri_dev-other,libri_700,700-122867-0015,libri_700,16000,
data/external/LibriSpeech/dev-other/700/122867/700-122867-0016.flac,bonafide,0,librispeech,bonafide_libri_dev-other,libri_700,700-122867-0016,libri_700,16000,
data/external/LibriSpeech/dev-other/700/122867/700-122867-0017.flac,bonafide,0,librispeech,bonafide_libri_dev-other,libri_700,700-122867-0017,libri_700,16000,
data/external/LibriSpeech/dev-other/700/122867/700-122867-0018.flac,bonafide,0,librispeech,bonafide_libri_dev-other,libri_700,700-122867-0018,libri_700,16000,
data/external/LibriSpeech/dev-other/700/122867/700-122867-0019.flac,bonafide,0,librispeech,bonafide_libri_dev-other,libri_700,700-122867-0019,libri_700,16000,
data/external/LibriSpeech/dev-other/700/122867/700-122867-0020.flac,bonafide,0,librispeech,bonafide_libri_dev-other,libri_700,700-122867-0020,libri_700,16000,
data/external/LibriSpeech/dev-other/700/122867/700-122867-0021.flac,bonafide,0,librispeech,bonafide_libri_dev-other,libri_700,700-122867-0021,libri_700,16000,
data/external/LibriSpeech/dev-other/700/122867/700-122867-0022.flac,bonafide,0,librispeech,bonafide_libri_dev-other,libri_700,700-122867-0022,libri_700,16000,
data/external/LibriSpeech/dev-other/700/122867/700-122867-0023.flac,bonafide,0,librispeech,bonafide_libri_dev-other,libri_700,700-122867-0023,libri_700,16000,
data/external/LibriSpeech/dev-other/700/122867/700-122867-0024.flac,bonafide,0,librispeech,bonafide_libri_dev-other,libri_700,700-122867-0024,libri_700,16000,
data/external/LibriSpeech/dev-other/700/122867/700-122867-0025.flac,bonafide,0,librispeech,bonafide_libri_dev-other,libri_700,700-122867-0025,libri_700,16000,
data/external/LibriSpeech/dev-other/700/122867/700-122867-0026.flac,bonafide,0,librispeech,bonafide_libri_dev-other,libri_700,700-122867-0026,libri_700,16000,
data/external/LibriSpeech/dev-other/700/122867/700-122867-0027.flac,bonafide,0,librispeech,bonafide_libri_dev-other,libri_700,700-122867-0027,libri_700,16000,
data/external/LibriSpeech/dev-other/700/122867/700-122867-0028.flac,bonafide,0,librispeech,bonafide_libri_dev-other,libri_700,700-122867-0028,libri_700,16000,
data/external/LibriSpeech/dev-other/700/122867/700-122867-0029.flac,bonafide,0,librispeech,bonafide_libri_dev-other,libri_700,700-122867-0029,libri_700,16000,
data/external/LibriSpeech/dev-other/700/122867/700-122867-0030.flac,bonafide,0,librispeech,bonafide_libri_dev-other,libri_700,700-122867-0030,libri_700,16000,
data/external/LibriSpeech/dev-other/700/122867/700-122867-0031.flac,bonafide,0,librispeech,bonafide_libri_dev-other,libri_700,700-122867-0031,libri_700,16000,
data/external/LibriSpeech/dev-other/700/122867/700-122867-0032.flac,bonafide,0,librispeech,bonafide_libri_dev-other,libri_700,700-122867-0032,libri_700,16000,
data/external/LibriSpeech/dev-other/700/122867/700-122867-0033.flac,bonafide,0,librispeech,bonafide_libri_dev-other,libri_700,700-122867-0033,libri_700,16000,
data/external/LibriSpeech/dev-other/700/122867/700-122867-0034.flac,bonafide,0,librispeech,bonafide_libri_dev-other,libri_700,700-122867-0034,libri_700,16000,
data/external/LibriSpeech/dev-other/700/122867/700-122867-0035.flac,bonafide,0,librispeech,bonafide_libri_dev-other,libri_700,700-122867-0035,libri_700,16000,
data/external/LibriSpeech/dev-other/700/122867/700-122867-0036.flac,bonafide,0,librispeech,bonafide_libri_dev-other,libri_700,700-122867-0036,libri_700,16000,
data/external/LibriSpeech/dev-other/700/122867/700-122867-0037.flac,bonafide,0,librispeech,bonafide_libri_dev-other,libri_700,700-122867-0037,libri_700,16000,
data/external/LibriSpeech/dev-other/700/122867/700-122867-0038.flac,bonafide,0,librispeech,bonafide_libri_dev-other,libri_700,700-122867-0038,libri_700,16000,
data/external/LibriSpeech/dev-other/700/122867/700-122867-0039.flac,bonafide,0,librispeech,bonafide_libri_dev-other,libri_700,700-122867-0039,libri_700,16000,
data/external/LibriSpeech/dev-other/700/122867/700-122867-0040.flac,bonafide,0,librispeech,bonafide_libri_dev-other,libri_700,700-122867-0040,libri_700,16000,
data/external/LibriSpeech/dev-other/700/122867/700-122867-0041.flac,bonafide,0,librispeech,bonafide_libri_dev-other,libri_700,700-122867-0041,libri_700,16000,
data/external/LibriSpeech/dev-other/700/122868/700-122868-0000.flac,bonafide,0,librispeech,bonafide_libri_dev-other,libri_700,700-122868-0000,libri_700,16000,
data/external/LibriSpeech/dev-other/700/122868/700-122868-0001.flac,bonafide,0,librispeech,bonafide_libri_dev-other,libri_700,700-122868-0001,libri_700,16000,
data/external/LibriSpeech/dev-other/700/122868/700-122868-0002.flac,bonafide,0,librispeech,bonafide_libri_dev-other,libri_700,700-122868-0002,libri_700,16000,
data/external/LibriSpeech/dev-other/700/122868/700-122868-0003.flac,bonafide,0,librispeech,bonafide_libri_dev-other,libri_700,700-122868-0003,libri_700,16000,
data/external/LibriSpeech/dev-other/700/122868/700-122868-0004.flac,bonafide,0,librispeech,bonafide_libri_dev-other,libri_700,700-122868-0004,libri_700,16000,
data/external/LibriSpeech/dev-other/700/122868/700-122868-0005.flac,bonafide,0,librispeech,bonafide_libri_dev-other,libri_700,700-122868-0005,libri_700,16000,
data/external/LibriSpeech/dev-other/700/122868/700-122868-0006.flac,bonafide,0,librispeech,bonafide_libri_dev-other,libri_700,700-122868-0006,libri_700,16000,
data/external/LibriSpeech/dev-other/700/122868/700-122868-0007.flac,bonafide,0,librispeech,bonafide_libri_dev-other,libri_700,700-122868-0007,libri_700,16000,
data/external/LibriSpeech/dev-other/700/122868/700-122868-0008.flac,bonafide,0,librispeech,bonafide_libri_dev-other,libri_700,700-122868-0008,libri_700,16000,
data/external/LibriSpeech/dev-other/700/122868/700-122868-0009.flac,bonafide,0,librispeech,bonafide_libri_dev-other,libri_700,700-122868-0009,libri_700,16000,
data/external/LibriSpeech/dev-other/700/122868/700-122868-0010.flac,bonafide,0,librispeech,bonafide_libri_dev-other,libri_700,700-122868-0010,libri_700,16000,
data/external/LibriSpeech/dev-other/700/122868/700-122868-0011.flac,bonafide,0,librispeech,bonafide_libri_dev-other,libri_700,700-122868-0011,libri_700,16000,
data/external/LibriSpeech/dev-other/700/122868/700-122868-0012.flac,bonafide,0,librispeech,bonafide_libri_dev-other,libri_700,700-122868-0012,libri_700,16000,
data/external/LibriSpeech/dev-other/700/122868/700-122868-0013.flac,bonafide,0,librispeech,bonafide_libri_dev-other,libri_700,700-122868-0013,libri_700,16000,
data/external/LibriSpeech/dev-other/700/122868/700-122868-0014.flac,bonafide,0,librispeech,bonafide_libri_dev-other,libri_700,700-122868-0014,libri_700,16000,
data/external/LibriSpeech/dev-other/700/122868/700-122868-0015.flac,bonafide,0,librispeech,bonafide_libri_dev-other,libri_700,700-122868-0015,libri_700,16000,
data/external/LibriSpeech/dev-other/700/122868/700-122868-0016.flac,bonafide,0,librispeech,bonafide_libri_dev-other,libri_700,700-122868-0016,libri_700,16000,
data/external/LibriSpeech/dev-other/700/122868/700-122868-0017.flac,bonafide,0,librispeech,bonafide_libri_dev-other,libri_700,700-122868-0017,libri_700,16000,
data/external/LibriSpeech/dev-other/700/122868/700-122868-0018.flac,bonafide,0,librispeech,bonafide_libri_dev-other,libri_700,700-122868-0018,libri_700,16000,
data/external/LibriSpeech/dev-other/700/122868/700-122868-0019.flac,bonafide,0,librispeech,bonafide_libri_dev-other,libri_700,700-122868-0019,libri_700,16000,
data/external/LibriSpeech/dev-other/700/122868/700-122868-0020.flac,bonafide,0,librispeech,bonafide_libri_dev-other,libri_700,700-122868-0020,libri_700,16000,
data/external/LibriSpeech/dev-other/700/122868/700-122868-0021.flac,bonafide,0,librispeech,bonafide_libri_dev-other,libri_700,700-122868-0021,libri_700,16000,
data/external/LibriSpeech/dev-other/700/122868/700-122868-0022.flac,bonafide,0,librispeech,bonafide_libri_dev-other,libri_700,700-122868-0022,libri_700,16000,
data/external/LibriSpeech/dev-other/700/122868/700-122868-0023.flac,bonafide,0,librispeech,bonafide_libri_dev-other,libri_700,700-122868-0023,libri_700,16000,
data/external/LibriSpeech/dev-other/700/122868/700-122868-0024.flac,bonafide,0,librispeech,bonafide_libri_dev-other,libri_700,700-122868-0024,libri_700,16000,
data/external/LibriSpeech/dev-other/700/122868/700-122868-0025.flac,bonafide,0,librispeech,bonafide_libri_dev-other,libri_700,700-122868-0025,libri_700,16000,
data/external/LibriSpeech/dev-other/700/122868/700-122868-0026.flac,bonafide,0,librispeech,bonafide_libri_dev-other,libri_700,700-122868-0026,libri_700,16000,
data/external/LibriSpeech/dev-other/700/122868/700-122868-0027.flac,bonafide,0,librispeech,bonafide_libri_dev-other,libri_700,700-122868-0027,libri_700,16000,
data/external/LibriSpeech/dev-other/700/122868/700-122868-0028.flac,bonafide,0,librispeech,bonafide_libri_dev-other,libri_700,700-122868-0028,libri_700,16000,
data/external/LibriSpeech/dev-other/700/122868/700-122868-0029.flac,bonafide,0,librispeech,bonafide_libri_dev-other,libri_700,700-122868-0029,libri_700,16000,
data/external/LibriSpeech/dev-other/700/122868/700-122868-0030.flac,bonafide,0,librispeech,bonafide_libri_dev-other,libri_700,700-122868-0030,libri_700,16000,
data/external/LibriSpeech/dev-other/700/122868/700-122868-0031.flac,bonafide,0,librispeech,bonafide_libri_dev-other,libri_700,700-122868-0031,libri_700,16000,
data/external/LibriSpeech/dev-other/700/122868/700-122868-0032.flac,bonafide,0,librispeech,bonafide_libri_dev-other,libri_700,700-122868-0032,libri_700,16000,
data/external/LibriSpeech/dev-other/700/122868/700-122868-0033.flac,bonafide,0,librispeech,bonafide_libri_dev-other,libri_700,700-122868-0033,libri_700,16000,
data/external/LibriSpeech/dev-other/700/122868/700-122868-0034.flac,bonafide,0,librispeech,bonafide_libri_dev-other,libri_700,700-122868-0034,libri_700,16000,
data/external/LibriSpeech/dev-other/700/122868/700-122868-0035.flac,bonafide,0,librispeech,bonafide_libri_dev-other,libri_700,700-122868-0035,libri_700,16000,
data/external/LibriSpeech/dev-other/700/122868/700-122868-0036.flac,bonafide,0,librispeech,bonafide_libri_dev-other,libri_700,700-122868-0036,libri_700,16000,
data/external/LibriSpeech/dev-other/700/122868/700-122868-0037.flac,bonafide,0,librispeech,bonafide_libri_dev-other,libri_700,700-122868-0037,libri_700,16000,
data/external/LibriSpeech/dev-other/700/122868/700-122868-0038.flac,bonafide,0,librispeech,bonafide_libri_dev-other,libri_700,700-122868-0038,libri_700,16000,
data/external/LibriSpeech/dev-other/700/122868/700-122868-0039.flac,bonafide,0,librispeech,bonafide_libri_dev-other,libri_700,700-122868-0039,libri_700,16000,
data/external/LibriSpeech/dev-other/700/122868/700-122868-0040.flac,bonafide,0,librispeech,bonafide_libri_dev-other,libri_700,700-122868-0040,libri_700,16000,
data/external/LibriSpeech/dev-other/7601/101619/7601-101619-0000.flac,bonafide,0,librispeech,bonafide_libri_dev-other,libri_7601,7601-101619-0000,libri_7601,16000,
data/external/LibriSpeech/dev-other/7601/101619/7601-101619-0001.flac,bonafide,0,librispeech,bonafide_libri_dev-other,libri_7601,7601-101619-0001,libri_7601,16000,
data/external/LibriSpeech/dev-other/7601/101619/7601-101619-0002.flac,bonafide,0,librispeech,bonafide_libri_dev-other,libri_7601,7601-101619-0002,libri_7601,16000,
data/external/LibriSpeech/dev-other/7601/101619/7601-101619-0003.flac,bonafide,0,librispeech,bonafide_libri_dev-other,libri_7601,7601-101619-0003,libri_7601,16000,
data/external/LibriSpeech/dev-other/7601/101619/7601-101619-0004.flac,bonafide,0,librispeech,bonafide_libri_dev-other,libri_7601,7601-101619-0004,libri_7601,16000,
data/external/LibriSpeech/dev-other/7601/101619/7601-101619-0005.flac,bonafide,0,librispeech,bonafide_libri_dev-other,libri_7601,7601-101619-0005,libri_7601,16000,
data/external/LibriSpeech/dev-other/7601/101622/7601-101622-0000.flac,bonafide,0,librispeech,bonafide_libri_dev-other,libri_7601,7601-101622-0000,libri_7601,16000,
data/external/LibriSpeech/dev-other/7601/101622/7601-101622-0001.flac,bonafide,0,librispeech,bonafide_libri_dev-other,libri_7601,7601-101622-0001,libri_7601,16000,
data/external/LibriSpeech/dev-other/7601/101622/7601-101622-0002.flac,bonafide,0,librispeech,bonafide_libri_dev-other,libri_7601,7601-101622-0002,libri_7601,16000,
data/external/LibriSpeech/dev-other/7601/101622/7601-101622-0003.flac,bonafide,0,librispeech,bonafide_libri_dev-other,libri_7601,7601-101622-0003,libri_7601,16000,
data/external/LibriSpeech/dev-other/7601/101622/7601-101622-0004.flac,bonafide,0,librispeech,bonafide_libri_dev-other,libri_7601,7601-101622-0004,libri_7601,16000,
data/external/LibriSpeech/dev-other/7601/101622/7601-101622-0005.flac,bonafide,0,librispeech,bonafide_libri_dev-other,libri_7601,7601-101622-0005,libri_7601,16000,
data/external/LibriSpeech/dev-other/7601/101622/7601-101622-0006.flac,bonafide,0,librispeech,bonafide_libri_dev-other,libri_7601,7601-101622-0006,libri_7601,16000,
data/external/LibriSpeech/dev-other/7601/101622/7601-101622-0007.flac,bonafide,0,librispeech,bonafide_libri_dev-other,libri_7601,7601-101622-0007,libri_7601,16000,
data/external/LibriSpeech/dev-other/7601/175351/7601-175351-0000.flac,bonafide,0,librispeech,bonafide_libri_dev-other,libri_7601,7601-175351-0000,libri_7601,16000,
data/external/LibriSpeech/dev-other/7601/175351/7601-175351-0001.flac,bonafide,0,librispeech,bonafide_libri_dev-other,libri_7601,7601-175351-0001,libri_7601,16000,
data/external/LibriSpeech/dev-other/7601/175351/7601-175351-0002.flac,bonafide,0,librispeech,bonafide_libri_dev-other,libri_7601,7601-175351-0002,libri_7601,16000,
data/external/LibriSpeech/dev-other/7601/175351/7601-175351-0003.flac,bonafide,0,librispeech,bonafide_libri_dev-other,libri_7601,7601-175351-0003,libri_7601,16000,
data/external/LibriSpeech/dev-other/7601/175351/7601-175351-0004.flac,bonafide,0,librispeech,bonafide_libri_dev-other,libri_7601,7601-175351-0004,libri_7601,16000,
data/external/LibriSpeech/dev-other/7601/175351/7601-175351-0005.flac,bonafide,0,librispeech,bonafide_libri_dev-other,libri_7601,7601-175351-0005,libri_7601,16000,
data/external/LibriSpeech/dev-other/7601/175351/7601-175351-0006.flac,bonafide,0,librispeech,bonafide_libri_dev-other,libri_7601,7601-175351-0006,libri_7601,16000,
data/external/LibriSpeech/dev-other/7601/175351/7601-175351-0007.flac,bonafide,0,librispeech,bonafide_libri_dev-other,libri_7601,7601-175351-0007,libri_7601,16000,
data/external/LibriSpeech/dev-other/7601/175351/7601-175351-0008.flac,bonafide,0,librispeech,bonafide_libri_dev-other,libri_7601,7601-175351-0008,libri_7601,16000,
data/external/LibriSpeech/dev-other/7601/175351/7601-175351-0009.flac,bonafide,0,librispeech,bonafide_libri_dev-other,libri_7601,7601-175351-0009,libri_7601,16000,
data/external/LibriSpeech/dev-other/7601/175351/7601-175351-0010.flac,bonafide,0,librispeech,bonafide_libri_dev-other,libri_7601,7601-175351-0010,libri_7601,16000,
data/external/LibriSpeech/dev-other/7601/175351/7601-175351-0011.flac,bonafide,0,librispeech,bonafide_libri_dev-other,libri_7601,7601-175351-0011,libri_7601,16000,
data/external/LibriSpeech/dev-other/7601/175351/7601-175351-0012.flac,bonafide,0,librispeech,bonafide_libri_dev-other,libri_7601,7601-175351-0012,libri_7601,16000,
data/external/LibriSpeech/dev-other/7601/175351/7601-175351-0013.flac,bonafide,0,librispeech,bonafide_libri_dev-other,libri_7601,7601-175351-0013,libri_7601,16000,
data/external/LibriSpeech/dev-other/7601/175351/7601-175351-0014.flac,bonafide,0,librispeech,bonafide_libri_dev-other,libri_7601,7601-175351-0014,libri_7601,16000,
data/external/LibriSpeech/dev-other/7601/175351/7601-175351-0015.flac,bonafide,0,librispeech,bonafide_libri_dev-other,libri_7601,7601-175351-0015,libri_7601,16000,
data/external/LibriSpeech/dev-other/7601/175351/7601-175351-0016.flac,bonafide,0,librispeech,bonafide_libri_dev-other,libri_7601,7601-175351-0016,libri_7601,16000,
data/external/LibriSpeech/dev-other/7601/175351/7601-175351-0017.flac,bonafide,0,librispeech,bonafide_libri_dev-other,libri_7601,7601-175351-0017,libri_7601,16000,
data/external/LibriSpeech/dev-other/7601/175351/7601-175351-0018.flac,bonafide,0,librispeech,bonafide_libri_dev-other,libri_7601,7601-175351-0018,libri_7601,16000,
data/external/LibriSpeech/dev-other/7601/175351/7601-175351-0019.flac,bonafide,0,librispeech,bonafide_libri_dev-other,libri_7601,7601-175351-0019,libri_7601,16000,
data/external/LibriSpeech/dev-other/7601/175351/7601-175351-0020.flac,bonafide,0,librispeech,bonafide_libri_dev-other,libri_7601,7601-175351-0020,libri_7601,16000,
data/external/LibriSpeech/dev-other/7601/175351/7601-175351-0021.flac,bonafide,0,librispeech,bonafide_libri_dev-other,libri_7601,7601-175351-0021,libri_7601,16000,
data/external/LibriSpeech/dev-other/7601/175351/7601-175351-0022.flac,bonafide,0,librispeech,bonafide_libri_dev-other,libri_7601,7601-175351-0022,libri_7601,16000,
data/external/LibriSpeech/dev-other/7601/175351/7601-175351-0023.flac,bonafide,0,librispeech,bonafide_libri_dev-other,libri_7601,7601-175351-0023,libri_7601,16000,
data/external/LibriSpeech/dev-other/7601/175351/7601-175351-0024.flac,bonafide,0,librispeech,bonafide_libri_dev-other,libri_7601,7601-175351-0024,libri_7601,16000,
data/external/LibriSpeech/dev-other/7601/175351/7601-175351-0025.flac,bonafide,0,librispeech,bonafide_libri_dev-other,libri_7601,7601-175351-0025,libri_7601,16000,
data/external/LibriSpeech/dev-other/7601/175351/7601-175351-0026.flac,bonafide,0,librispeech,bonafide_libri_dev-other,libri_7601,7601-175351-0026,libri_7601,16000,
data/external/LibriSpeech/dev-other/7601/175351/7601-175351-0027.flac,bonafide,0,librispeech,bonafide_libri_dev-other,libri_7601,7601-175351-0027,libri_7601,16000,
data/external/LibriSpeech/dev-other/7601/291468/7601-291468-0000.flac,bonafide,0,librispeech,bonafide_libri_dev-other,libri_7601,7601-291468-0000,libri_7601,16000,
data/external/LibriSpeech/dev-other/7601/291468/7601-291468-0001.flac,bonafide,0,librispeech,bonafide_libri_dev-other,libri_7601,7601-291468-0001,libri_7601,16000,
data/external/LibriSpeech/dev-other/7601/291468/7601-291468-0002.flac,bonafide,0,librispeech,bonafide_libri_dev-other,libri_7601,7601-291468-0002,libri_7601,16000,
data/external/LibriSpeech/dev-other/7601/291468/7601-291468-0003.flac,bonafide,0,librispeech,bonafide_libri_dev-other,libri_7601,7601-291468-0003,libri_7601,16000,
data/external/LibriSpeech/dev-other/7601/291468/7601-291468-0004.flac,bonafide,0,librispeech,bonafide_libri_dev-other,libri_7601,7601-291468-0004,libri_7601,16000,
data/external/LibriSpeech/dev-other/7601/291468/7601-291468-0005.flac,bonafide,0,librispeech,bonafide_libri_dev-other,libri_7601,7601-291468-0005,libri_7601,16000,
data/external/LibriSpeech/dev-other/7601/291468/7601-291468-0006.flac,bonafide,0,librispeech,bonafide_libri_dev-other,libri_7601,7601-291468-0006,libri_7601,16000,
data/external/LibriSpeech/dev-other/7601/291468/7601-291468-0007.flac,bonafide,0,librispeech,bonafide_libri_dev-other,libri_7601,7601-291468-0007,libri_7601,16000,
data/external/LibriSpeech/dev-other/7641/96252/7641-96252-0000.flac,bonafide,0,librispeech,bonafide_libri_dev-other,libri_7641,7641-96252-0000,libri_7641,16000,
data/external/LibriSpeech/dev-other/7641/96252/7641-96252-0001.flac,bonafide,0,librispeech,bonafide_libri_dev-other,libri_7641,7641-96252-0001,libri_7641,16000,
data/external/LibriSpeech/dev-other/7641/96252/7641-96252-0002.flac,bonafide,0,librispeech,bonafide_libri_dev-other,libri_7641,7641-96252-0002,libri_7641,16000,
data/external/LibriSpeech/dev-other/7641/96252/7641-96252-0003.flac,bonafide,0,librispeech,bonafide_libri_dev-other,libri_7641,7641-96252-0003,libri_7641,16000,
data/external/LibriSpeech/dev-other/7641/96252/7641-96252-0004.flac,bonafide,0,librispeech,bonafide_libri_dev-other,libri_7641,7641-96252-0004,libri_7641,16000,
data/external/LibriSpeech/dev-other/7641/96252/7641-96252-0005.flac,bonafide,0,librispeech,bonafide_libri_dev-other,libri_7641,7641-96252-0005,libri_7641,16000,
data/external/LibriSpeech/dev-other/7641/96252/7641-96252-0006.flac,bonafide,0,librispeech,bonafide_libri_dev-other,libri_7641,7641-96252-0006,libri_7641,16000,
data/external/LibriSpeech/dev-other/7641/96252/7641-96252-0007.flac,bonafide,0,librispeech,bonafide_libri_dev-other,libri_7641,7641-96252-0007,libri_7641,16000,
data/external/LibriSpeech/dev-other/7641/96252/7641-96252-0008.flac,bonafide,0,librispeech,bonafide_libri_dev-other,libri_7641,7641-96252-0008,libri_7641,16000,
data/external/LibriSpeech/dev-other/7641/96252/7641-96252-0009.flac,bonafide,0,librispeech,bonafide_libri_dev-other,libri_7641,7641-96252-0009,libri_7641,16000,
data/external/LibriSpeech/dev-other/7641/96252/7641-96252-0010.flac,bonafide,0,librispeech,bonafide_libri_dev-other,libri_7641,7641-96252-0010,libri_7641,16000,
data/external/LibriSpeech/dev-other/7641/96252/7641-96252-0011.flac,bonafide,0,librispeech,bonafide_libri_dev-other,libri_7641,7641-96252-0011,libri_7641,16000,
data/external/LibriSpeech/dev-other/7641/96252/7641-96252-0012.flac,bonafide,0,librispeech,bonafide_libri_dev-other,libri_7641,7641-96252-0012,libri_7641,16000,
data/external/LibriSpeech/dev-other/7641/96252/7641-96252-0013.flac,bonafide,0,librispeech,bonafide_libri_dev-other,libri_7641,7641-96252-0013,libri_7641,16000,
data/external/LibriSpeech/dev-other/7641/96252/7641-96252-0014.flac,bonafide,0,librispeech,bonafide_libri_dev-other,libri_7641,7641-96252-0014,libri_7641,16000,
data/external/LibriSpeech/dev-other/7641/96252/7641-96252-0015.flac,bonafide,0,librispeech,bonafide_libri_dev-other,libri_7641,7641-96252-0015,libri_7641,16000,
data/external/LibriSpeech/dev-other/7641/96252/7641-96252-0016.flac,bonafide,0,librispeech,bonafide_libri_dev-other,libri_7641,7641-96252-0016,libri_7641,16000,
data/external/LibriSpeech/dev-other/7641/96252/7641-96252-0017.flac,bonafide,0,librispeech,bonafide_libri_dev-other,libri_7641,7641-96252-0017,libri_7641,16000,
data/external/LibriSpeech/dev-other/7641/96252/7641-96252-0018.flac,bonafide,0,librispeech,bonafide_libri_dev-other,libri_7641,7641-96252-0018,libri_7641,16000,
data/external/LibriSpeech/dev-other/7641/96252/7641-96252-0019.flac,bonafide,0,librispeech,bonafide_libri_dev-other,libri_7641,7641-96252-0019,libri_7641,16000,
data/external/LibriSpeech/dev-other/7641/96252/7641-96252-0020.flac,bonafide,0,librispeech,bonafide_libri_dev-other,libri_7641,7641-96252-0020,libri_7641,16000,
data/external/LibriSpeech/dev-other/7641/96252/7641-96252-0021.flac,bonafide,0,librispeech,bonafide_libri_dev-other,libri_7641,7641-96252-0021,libri_7641,16000,
data/external/LibriSpeech/dev-other/7641/96252/7641-96252-0022.flac,bonafide,0,librispeech,bonafide_libri_dev-other,libri_7641,7641-96252-0022,libri_7641,16000,
data/external/LibriSpeech/dev-other/7641/96670/7641-96670-0000.flac,bonafide,0,librispeech,bonafide_libri_dev-other,libri_7641,7641-96670-0000,libri_7641,16000,
data/external/LibriSpeech/dev-other/7641/96670/7641-96670-0001.flac,bonafide,0,librispeech,bonafide_libri_dev-other,libri_7641,7641-96670-0001,libri_7641,16000,
data/external/LibriSpeech/dev-other/7641/96670/7641-96670-0002.flac,bonafide,0,librispeech,bonafide_libri_dev-other,libri_7641,7641-96670-0002,libri_7641,16000,
data/external/LibriSpeech/dev-other/7641/96670/7641-96670-0003.flac,bonafide,0,librispeech,bonafide_libri_dev-other,libri_7641,7641-96670-0003,libri_7641,16000,
data/external/LibriSpeech/dev-other/7641/96670/7641-96670-0004.flac,bonafide,0,librispeech,bonafide_libri_dev-other,libri_7641,7641-96670-0004,libri_7641,16000,
data/external/LibriSpeech/dev-other/7641/96670/7641-96670-0005.flac,bonafide,0,librispeech,bonafide_libri_dev-other,libri_7641,7641-96670-0005,libri_7641,16000,
data/external/LibriSpeech/dev-other/7641/96670/7641-96670-0006.flac,bonafide,0,librispeech,bonafide_libri_dev-other,libri_7641,7641-96670-0006,libri_7641,16000,
data/external/LibriSpeech/dev-other/7641/96670/7641-96670-0007.flac,bonafide,0,librispeech,bonafide_libri_dev-other,libri_7641,7641-96670-0007,libri_7641,16000,
data/external/LibriSpeech/dev-other/7641/96670/7641-96670-0008.flac,bonafide,0,librispeech,bonafide_libri_dev-other,libri_7641,7641-96670-0008,libri_7641,16000,
data/external/LibriSpeech/dev-other/7641/96670/7641-96670-0009.flac,bonafide,0,librispeech,bonafide_libri_dev-other,libri_7641,7641-96670-0009,libri_7641,16000,
data/external/LibriSpeech/dev-other/7641/96670/7641-96670-0010.flac,bonafide,0,librispeech,bonafide_libri_dev-other,libri_7641,7641-96670-0010,libri_7641,16000,
data/external/LibriSpeech/dev-other/7641/96670/7641-96670-0011.flac,bonafide,0,librispeech,bonafide_libri_dev-other,libri_7641,7641-96670-0011,libri_7641,16000,
data/external/LibriSpeech/dev-other/7641/96670/7641-96670-0012.flac,bonafide,0,librispeech,bonafide_libri_dev-other,libri_7641,7641-96670-0012,libri_7641,16000,
data/external/LibriSpeech/dev-other/7641/96670/7641-96670-0013.flac,bonafide,0,librispeech,bonafide_libri_dev-other,libri_7641,7641-96670-0013,libri_7641,16000,
data/external/LibriSpeech/dev-other/7641/96670/7641-96670-0014.flac,bonafide,0,librispeech,bonafide_libri_dev-other,libri_7641,7641-96670-0014,libri_7641,16000,
data/external/LibriSpeech/dev-other/7641/96670/7641-96670-0015.flac,bonafide,0,librispeech,bonafide_libri_dev-other,libri_7641,7641-96670-0015,libri_7641,16000,
data/external/LibriSpeech/dev-other/7641/96670/7641-96670-0016.flac,bonafide,0,librispeech,bonafide_libri_dev-other,libri_7641,7641-96670-0016,libri_7641,16000,
data/external/LibriSpeech/dev-other/7641/96670/7641-96670-0017.flac,bonafide,0,librispeech,bonafide_libri_dev-other,libri_7641,7641-96670-0017,libri_7641,16000,
data/external/LibriSpeech/dev-other/7641/96670/7641-96670-0018.flac,bonafide,0,librispeech,bonafide_libri_dev-other,libri_7641,7641-96670-0018,libri_7641,16000,
data/external/LibriSpeech/dev-other/7641/96670/7641-96670-0019.flac,bonafide,0,librispeech,bonafide_libri_dev-other,libri_7641,7641-96670-0019,libri_7641,16000,
data/external/LibriSpeech/dev-other/7641/96670/7641-96670-0020.flac,bonafide,0,librispeech,bonafide_libri_dev-other,libri_7641,7641-96670-0020,libri_7641,16000,
data/external/LibriSpeech/dev-other/7641/96670/7641-96670-0021.flac,bonafide,0,librispeech,bonafide_libri_dev-other,libri_7641,7641-96670-0021,libri_7641,16000,
data/external/LibriSpeech/dev-other/7641/96670/7641-96670-0022.flac,bonafide,0,librispeech,bonafide_libri_dev-other,libri_7641,7641-96670-0022,libri_7641,16000,
data/external/LibriSpeech/dev-other/7641/96670/7641-96670-0023.flac,bonafide,0,librispeech,bonafide_libri_dev-other,libri_7641,7641-96670-0023,libri_7641,16000,
data/external/LibriSpeech/dev-other/7641/96670/7641-96670-0024.flac,bonafide,0,librispeech,bonafide_libri_dev-other,libri_7641,7641-96670-0024,libri_7641,16000,
data/external/LibriSpeech/dev-other/7641/96670/7641-96670-0025.flac,bonafide,0,librispeech,bonafide_libri_dev-other,libri_7641,7641-96670-0025,libri_7641,16000,
data/external/LibriSpeech/dev-other/7641/96670/7641-96670-0026.flac,bonafide,0,librispeech,bonafide_libri_dev-other,libri_7641,7641-96670-0026,libri_7641,16000,
data/external/LibriSpeech/dev-other/7641/96670/7641-96670-0027.flac,bonafide,0,librispeech,bonafide_libri_dev-other,libri_7641,7641-96670-0027,libri_7641,16000,
data/external/LibriSpeech/dev-other/7641/96684/7641-96684-0000.flac,bonafide,0,librispeech,bonafide_libri_dev-other,libri_7641,7641-96684-0000,libri_7641,16000,
data/external/LibriSpeech/dev-other/7641/96684/7641-96684-0001.flac,bonafide,0,librispeech,bonafide_libri_dev-other,libri_7641,7641-96684-0001,libri_7641,16000,
data/external/LibriSpeech/dev-other/7641/96684/7641-96684-0002.flac,bonafide,0,librispeech,bonafide_libri_dev-other,libri_7641,7641-96684-0002,libri_7641,16000,
data/external/LibriSpeech/dev-other/7641/96684/7641-96684-0003.flac,bonafide,0,librispeech,bonafide_libri_dev-other,libri_7641,7641-96684-0003,libri_7641,16000,
data/external/LibriSpeech/dev-other/7641/96684/7641-96684-0004.flac,bonafide,0,librispeech,bonafide_libri_dev-other,libri_7641,7641-96684-0004,libri_7641,16000,
data/external/LibriSpeech/dev-other/7641/96684/7641-96684-0005.flac,bonafide,0,librispeech,bonafide_libri_dev-other,libri_7641,7641-96684-0005,libri_7641,16000,
data/external/LibriSpeech/dev-other/7641/96684/7641-96684-0006.flac,bonafide,0,librispeech,bonafide_libri_dev-other,libri_7641,7641-96684-0006,libri_7641,16000,
data/external/LibriSpeech/dev-other/7641/96684/7641-96684-0007.flac,bonafide,0,librispeech,bonafide_libri_dev-other,libri_7641,7641-96684-0007,libri_7641,16000,
data/external/LibriSpeech/dev-other/7641/96684/7641-96684-0008.flac,bonafide,0,librispeech,bonafide_libri_dev-other,libri_7641,7641-96684-0008,libri_7641,16000,
data/external/LibriSpeech/dev-other/7641/96684/7641-96684-0009.flac,bonafide,0,librispeech,bonafide_libri_dev-other,libri_7641,7641-96684-0009,libri_7641,16000,
data/external/LibriSpeech/dev-other/7641/96684/7641-96684-0010.flac,bonafide,0,librispeech,bonafide_libri_dev-other,libri_7641,7641-96684-0010,libri_7641,16000,
data/external/LibriSpeech/dev-other/7641/96684/7641-96684-0011.flac,bonafide,0,librispeech,bonafide_libri_dev-other,libri_7641,7641-96684-0011,libri_7641,16000,
data/external/LibriSpeech/dev-other/7641/96684/7641-96684-0012.flac,bonafide,0,librispeech,bonafide_libri_dev-other,libri_7641,7641-96684-0012,libri_7641,16000,
data/external/LibriSpeech/dev-other/7641/96684/7641-96684-0013.flac,bonafide,0,librispeech,bonafide_libri_dev-other,libri_7641,7641-96684-0013,libri_7641,16000,
data/external/LibriSpeech/dev-other/7641/96684/7641-96684-0014.flac,bonafide,0,librispeech,bonafide_libri_dev-other,libri_7641,7641-96684-0014,libri_7641,16000,
data/external/LibriSpeech/dev-other/7641/96684/7641-96684-0015.flac,bonafide,0,librispeech,bonafide_libri_dev-other,libri_7641,7641-96684-0015,libri_7641,16000,
data/external/LibriSpeech/dev-other/7641/96684/7641-96684-0016.flac,bonafide,0,librispeech,bonafide_libri_dev-other,libri_7641,7641-96684-0016,libri_7641,16000,
data/external/LibriSpeech/dev-other/7641/96684/7641-96684-0017.flac,bonafide,0,librispeech,bonafide_libri_dev-other,libri_7641,7641-96684-0017,libri_7641,16000,
data/external/LibriSpeech/dev-other/7641/96684/7641-96684-0018.flac,bonafide,0,librispeech,bonafide_libri_dev-other,libri_7641,7641-96684-0018,libri_7641,16000,
data/external/LibriSpeech/dev-other/7641/96684/7641-96684-0019.flac,bonafide,0,librispeech,bonafide_libri_dev-other,libri_7641,7641-96684-0019,libri_7641,16000,
data/external/LibriSpeech/dev-other/7641/96684/7641-96684-0020.flac,bonafide,0,librispeech,bonafide_libri_dev-other,libri_7641,7641-96684-0020,libri_7641,16000,
data/external/LibriSpeech/dev-other/7641/96684/7641-96684-0021.flac,bonafide,0,librispeech,bonafide_libri_dev-other,libri_7641,7641-96684-0021,libri_7641,16000,
data/external/LibriSpeech/dev-other/7641/96684/7641-96684-0022.flac,bonafide,0,librispeech,bonafide_libri_dev-other,libri_7641,7641-96684-0022,libri_7641,16000,
data/external/LibriSpeech/dev-other/7641/96684/7641-96684-0023.flac,bonafide,0,librispeech,bonafide_libri_dev-other,libri_7641,7641-96684-0023,libri_7641,16000,
data/external/LibriSpeech/dev-other/7641/96684/7641-96684-0024.flac,bonafide,0,librispeech,bonafide_libri_dev-other,libri_7641,7641-96684-0024,libri_7641,16000,
data/external/LibriSpeech/dev-other/7641/96684/7641-96684-0025.flac,bonafide,0,librispeech,bonafide_libri_dev-other,libri_7641,7641-96684-0025,libri_7641,16000,
data/external/LibriSpeech/dev-other/7641/96684/7641-96684-0026.flac,bonafide,0,librispeech,bonafide_libri_dev-other,libri_7641,7641-96684-0026,libri_7641,16000,
data/external/LibriSpeech/dev-other/7641/96684/7641-96684-0027.flac,bonafide,0,librispeech,bonafide_libri_dev-other,libri_7641,7641-96684-0027,libri_7641,16000,
data/external/LibriSpeech/dev-other/7641/96684/7641-96684-0028.flac,bonafide,0,librispeech,bonafide_libri_dev-other,libri_7641,7641-96684-0028,libri_7641,16000,
data/external/LibriSpeech/dev-other/7641/96684/7641-96684-0029.flac,bonafide,0,librispeech,bonafide_libri_dev-other,libri_7641,7641-96684-0029,libri_7641,16000,
data/external/LibriSpeech/dev-other/7641/96684/7641-96684-0030.flac,bonafide,0,librispeech,bonafide_libri_dev-other,libri_7641,7641-96684-0030,libri_7641,16000,
data/external/LibriSpeech/dev-other/7641/96684/7641-96684-0031.flac,bonafide,0,librispeech,bonafide_libri_dev-other,libri_7641,7641-96684-0031,libri_7641,16000,
data/external/LibriSpeech/dev-other/7641/96684/7641-96684-0032.flac,bonafide,0,librispeech,bonafide_libri_dev-other,libri_7641,7641-96684-0032,libri_7641,16000,
data/external/LibriSpeech/dev-other/7641/96684/7641-96684-0033.flac,bonafide,0,librispeech,bonafide_libri_dev-other,libri_7641,7641-96684-0033,libri_7641,16000,
data/external/LibriSpeech/dev-other/7641/96684/7641-96684-0034.flac,bonafide,0,librispeech,bonafide_libri_dev-other,libri_7641,7641-96684-0034,libri_7641,16000,
data/external/LibriSpeech/dev-other/7641/96684/7641-96684-0035.flac,bonafide,0,librispeech,bonafide_libri_dev-other,libri_7641,7641-96684-0035,libri_7641,16000,
data/external/LibriSpeech/dev-other/7641/96684/7641-96684-0036.flac,bonafide,0,librispeech,bonafide_libri_dev-other,libri_7641,7641-96684-0036,libri_7641,16000,
data/external/LibriSpeech/dev-other/7641/96684/7641-96684-0037.flac,bonafide,0,librispeech,bonafide_libri_dev-other,libri_7641,7641-96684-0037,libri_7641,16000,
data/external/LibriSpeech/dev-other/7641/96684/7641-96684-0038.flac,bonafide,0,librispeech,bonafide_libri_dev-other,libri_7641,7641-96684-0038,libri_7641,16000,
data/external/LibriSpeech/dev-other/7697/105815/7697-105815-0000.flac,bonafide,0,librispeech,bonafide_libri_dev-other,libri_7697,7697-105815-0000,libri_7697,16000,
data/external/LibriSpeech/dev-other/7697/105815/7697-105815-0001.flac,bonafide,0,librispeech,bonafide_libri_dev-other,libri_7697,7697-105815-0001,libri_7697,16000,
data/external/LibriSpeech/dev-other/7697/105815/7697-105815-0002.flac,bonafide,0,librispeech,bonafide_libri_dev-other,libri_7697,7697-105815-0002,libri_7697,16000,
data/external/LibriSpeech/dev-other/7697/105815/7697-105815-0003.flac,bonafide,0,librispeech,bonafide_libri_dev-other,libri_7697,7697-105815-0003,libri_7697,16000,
data/external/LibriSpeech/dev-other/7697/105815/7697-105815-0004.flac,bonafide,0,librispeech,bonafide_libri_dev-other,libri_7697,7697-105815-0004,libri_7697,16000,
data/external/LibriSpeech/dev-other/7697/105815/7697-105815-0005.flac,bonafide,0,librispeech,bonafide_libri_dev-other,libri_7697,7697-105815-0005,libri_7697,16000,
data/external/LibriSpeech/dev-other/7697/105815/7697-105815-0006.flac,bonafide,0,librispeech,bonafide_libri_dev-other,libri_7697,7697-105815-0006,libri_7697,16000,
data/external/LibriSpeech/dev-other/7697/105815/7697-105815-0007.flac,bonafide,0,librispeech,bonafide_libri_dev-other,libri_7697,7697-105815-0007,libri_7697,16000,
data/external/LibriSpeech/dev-other/7697/105815/7697-105815-0008.flac,bonafide,0,librispeech,bonafide_libri_dev-other,libri_7697,7697-105815-0008,libri_7697,16000,
data/external/LibriSpeech/dev-other/7697/105815/7697-105815-0009.flac,bonafide,0,librispeech,bonafide_libri_dev-other,libri_7697,7697-105815-0009,libri_7697,16000,
data/external/LibriSpeech/dev-other/7697/105815/7697-105815-0010.flac,bonafide,0,librispeech,bonafide_libri_dev-other,libri_7697,7697-105815-0010,libri_7697,16000,
data/external/LibriSpeech/dev-other/7697/105815/7697-105815-0011.flac,bonafide,0,librispeech,bonafide_libri_dev-other,libri_7697,7697-105815-0011,libri_7697,16000,
data/external/LibriSpeech/dev-other/7697/105815/7697-105815-0012.flac,bonafide,0,librispeech,bonafide_libri_dev-other,libri_7697,7697-105815-0012,libri_7697,16000,
data/external/LibriSpeech/dev-other/7697/105815/7697-105815-0013.flac,bonafide,0,librispeech,bonafide_libri_dev-other,libri_7697,7697-105815-0013,libri_7697,16000,
data/external/LibriSpeech/dev-other/7697/105815/7697-105815-0014.flac,bonafide,0,librispeech,bonafide_libri_dev-other,libri_7697,7697-105815-0014,libri_7697,16000,
data/external/LibriSpeech/dev-other/7697/105815/7697-105815-0015.flac,bonafide,0,librispeech,bonafide_libri_dev-other,libri_7697,7697-105815-0015,libri_7697,16000,
data/external/LibriSpeech/dev-other/7697/105815/7697-105815-0016.flac,bonafide,0,librispeech,bonafide_libri_dev-other,libri_7697,7697-105815-0016,libri_7697,16000,
data/external/LibriSpeech/dev-other/7697/105815/7697-105815-0017.flac,bonafide,0,librispeech,bonafide_libri_dev-other,libri_7697,7697-105815-0017,libri_7697,16000,
data/external/LibriSpeech/dev-other/7697/105815/7697-105815-0018.flac,bonafide,0,librispeech,bonafide_libri_dev-other,libri_7697,7697-105815-0018,libri_7697,16000,
data/external/LibriSpeech/dev-other/7697/105815/7697-105815-0019.flac,bonafide,0,librispeech,bonafide_libri_dev-other,libri_7697,7697-105815-0019,libri_7697,16000,
data/external/LibriSpeech/dev-other/7697/105815/7697-105815-0020.flac,bonafide,0,librispeech,bonafide_libri_dev-other,libri_7697,7697-105815-0020,libri_7697,16000,
data/external/LibriSpeech/dev-other/7697/105815/7697-105815-0021.flac,bonafide,0,librispeech,bonafide_libri_dev-other,libri_7697,7697-105815-0021,libri_7697,16000,
data/external/LibriSpeech/dev-other/7697/105815/7697-105815-0022.flac,bonafide,0,librispeech,bonafide_libri_dev-other,libri_7697,7697-105815-0022,libri_7697,16000,
data/external/LibriSpeech/dev-other/7697/105815/7697-105815-0023.flac,bonafide,0,librispeech,bonafide_libri_dev-other,libri_7697,7697-105815-0023,libri_7697,16000,
data/external/LibriSpeech/dev-other/7697/105815/7697-105815-0024.flac,bonafide,0,librispeech,bonafide_libri_dev-other,libri_7697,7697-105815-0024,libri_7697,16000,
data/external/LibriSpeech/dev-other/7697/105815/7697-105815-0025.flac,bonafide,0,librispeech,bonafide_libri_dev-other,libri_7697,7697-105815-0025,libri_7697,16000,
data/external/LibriSpeech/dev-other/7697/105815/7697-105815-0026.flac,bonafide,0,librispeech,bonafide_libri_dev-other,libri_7697,7697-105815-0026,libri_7697,16000,
data/external/LibriSpeech/dev-other/7697/105815/7697-105815-0027.flac,bonafide,0,librispeech,bonafide_libri_dev-other,libri_7697,7697-105815-0027,libri_7697,16000,
data/external/LibriSpeech/dev-other/7697/105815/7697-105815-0028.flac,bonafide,0,librispeech,bonafide_libri_dev-other,libri_7697,7697-105815-0028,libri_7697,16000,
data/external/LibriSpeech/dev-other/7697/105815/7697-105815-0029.flac,bonafide,0,librispeech,bonafide_libri_dev-other,libri_7697,7697-105815-0029,libri_7697,16000,
data/external/LibriSpeech/dev-other/7697/105815/7697-105815-0030.flac,bonafide,0,librispeech,bonafide_libri_dev-other,libri_7697,7697-105815-0030,libri_7697,16000,
data/external/LibriSpeech/dev-other/7697/105815/7697-105815-0031.flac,bonafide,0,librispeech,bonafide_libri_dev-other,libri_7697,7697-105815-0031,libri_7697,16000,
data/external/LibriSpeech/dev-other/7697/105815/7697-105815-0032.flac,bonafide,0,librispeech,bonafide_libri_dev-other,libri_7697,7697-105815-0032,libri_7697,16000,
data/external/LibriSpeech/dev-other/7697/105815/7697-105815-0033.flac,bonafide,0,librispeech,bonafide_libri_dev-other,libri_7697,7697-105815-0033,libri_7697,16000,
data/external/LibriSpeech/dev-other/7697/105815/7697-105815-0034.flac,bonafide,0,librispeech,bonafide_libri_dev-other,libri_7697,7697-105815-0034,libri_7697,16000,
data/external/LibriSpeech/dev-other/7697/105815/7697-105815-0035.flac,bonafide,0,librispeech,bonafide_libri_dev-other,libri_7697,7697-105815-0035,libri_7697,16000,
data/external/LibriSpeech/dev-other/7697/105815/7697-105815-0036.flac,bonafide,0,librispeech,bonafide_libri_dev-other,libri_7697,7697-105815-0036,libri_7697,16000,
data/external/LibriSpeech/dev-other/7697/105815/7697-105815-0037.flac,bonafide,0,librispeech,bonafide_libri_dev-other,libri_7697,7697-105815-0037,libri_7697,16000,
data/external/LibriSpeech/dev-other/7697/105815/7697-105815-0038.flac,bonafide,0,librispeech,bonafide_libri_dev-other,libri_7697,7697-105815-0038,libri_7697,16000,
data/external/LibriSpeech/dev-other/7697/105815/7697-105815-0039.flac,bonafide,0,librispeech,bonafide_libri_dev-other,libri_7697,7697-105815-0039,libri_7697,16000,
data/external/LibriSpeech/dev-other/7697/105815/7697-105815-0040.flac,bonafide,0,librispeech,bonafide_libri_dev-other,libri_7697,7697-105815-0040,libri_7697,16000,
data/external/LibriSpeech/dev-other/7697/105815/7697-105815-0041.flac,bonafide,0,librispeech,bonafide_libri_dev-other,libri_7697,7697-105815-0041,libri_7697,16000,
data/external/LibriSpeech/dev-other/7697/105815/7697-105815-0042.flac,bonafide,0,librispeech,bonafide_libri_dev-other,libri_7697,7697-105815-0042,libri_7697,16000,
data/external/LibriSpeech/dev-other/7697/105815/7697-105815-0043.flac,bonafide,0,librispeech,bonafide_libri_dev-other,libri_7697,7697-105815-0043,libri_7697,16000,
data/external/LibriSpeech/dev-other/7697/105815/7697-105815-0044.flac,bonafide,0,librispeech,bonafide_libri_dev-other,libri_7697,7697-105815-0044,libri_7697,16000,
data/external/LibriSpeech/dev-other/7697/105815/7697-105815-0045.flac,bonafide,0,librispeech,bonafide_libri_dev-other,libri_7697,7697-105815-0045,libri_7697,16000,
data/external/LibriSpeech/dev-other/7697/105815/7697-105815-0046.flac,bonafide,0,librispeech,bonafide_libri_dev-other,libri_7697,7697-105815-0046,libri_7697,16000,
data/external/LibriSpeech/dev-other/7697/105815/7697-105815-0047.flac,bonafide,0,librispeech,bonafide_libri_dev-other,libri_7697,7697-105815-0047,libri_7697,16000,
data/external/LibriSpeech/dev-other/7697/105815/7697-105815-0048.flac,bonafide,0,librispeech,bonafide_libri_dev-other,libri_7697,7697-105815-0048,libri_7697,16000,
data/external/LibriSpeech/dev-other/7697/105815/7697-105815-0049.flac,bonafide,0,librispeech,bonafide_libri_dev-other,libri_7697,7697-105815-0049,libri_7697,16000,
data/external/LibriSpeech/dev-other/7697/105815/7697-105815-0050.flac,bonafide,0,librispeech,bonafide_libri_dev-other,libri_7697,7697-105815-0050,libri_7697,16000,
data/external/LibriSpeech/dev-other/7697/105815/7697-105815-0051.flac,bonafide,0,librispeech,bonafide_libri_dev-other,libri_7697,7697-105815-0051,libri_7697,16000,
data/external/LibriSpeech/dev-other/7697/105815/7697-105815-0052.flac,bonafide,0,librispeech,bonafide_libri_dev-other,libri_7697,7697-105815-0052,libri_7697,16000,
data/external/LibriSpeech/dev-other/7697/105815/7697-105815-0053.flac,bonafide,0,librispeech,bonafide_libri_dev-other,libri_7697,7697-105815-0053,libri_7697,16000,
data/external/LibriSpeech/dev-other/7697/105817/7697-105817-0000.flac,bonafide,0,librispeech,bonafide_libri_dev-other,libri_7697,7697-105817-0000,libri_7697,16000,
data/external/LibriSpeech/dev-other/7697/105817/7697-105817-0001.flac,bonafide,0,librispeech,bonafide_libri_dev-other,libri_7697,7697-105817-0001,libri_7697,16000,
data/external/LibriSpeech/dev-other/7697/105817/7697-105817-0002.flac,bonafide,0,librispeech,bonafide_libri_dev-other,libri_7697,7697-105817-0002,libri_7697,16000,
data/external/LibriSpeech/dev-other/7697/105817/7697-105817-0003.flac,bonafide,0,librispeech,bonafide_libri_dev-other,libri_7697,7697-105817-0003,libri_7697,16000,
data/external/LibriSpeech/dev-other/7697/105817/7697-105817-0004.flac,bonafide,0,librispeech,bonafide_libri_dev-other,libri_7697,7697-105817-0004,libri_7697,16000,
data/external/LibriSpeech/dev-other/7697/105817/7697-105817-0005.flac,bonafide,0,librispeech,bonafide_libri_dev-other,libri_7697,7697-105817-0005,libri_7697,16000,
data/external/LibriSpeech/dev-other/7697/105817/7697-105817-0006.flac,bonafide,0,librispeech,bonafide_libri_dev-other,libri_7697,7697-105817-0006,libri_7697,16000,
data/external/LibriSpeech/dev-other/7697/105817/7697-105817-0007.flac,bonafide,0,librispeech,bonafide_libri_dev-other,libri_7697,7697-105817-0007,libri_7697,16000,
data/external/LibriSpeech/dev-other/7697/105817/7697-105817-0008.flac,bonafide,0,librispeech,bonafide_libri_dev-other,libri_7697,7697-105817-0008,libri_7697,16000,
data/external/LibriSpeech/dev-other/7697/105817/7697-105817-0009.flac,bonafide,0,librispeech,bonafide_libri_dev-other,libri_7697,7697-105817-0009,libri_7697,16000,
data/external/LibriSpeech/dev-other/7697/105817/7697-105817-0010.flac,bonafide,0,librispeech,bonafide_libri_dev-other,libri_7697,7697-105817-0010,libri_7697,16000,
data/external/LibriSpeech/dev-other/7697/105817/7697-105817-0011.flac,bonafide,0,librispeech,bonafide_libri_dev-other,libri_7697,7697-105817-0011,libri_7697,16000,
data/external/LibriSpeech/dev-other/7697/245712/7697-245712-0000.flac,bonafide,0,librispeech,bonafide_libri_dev-other,libri_7697,7697-245712-0000,libri_7697,16000,
data/external/LibriSpeech/dev-other/7697/245712/7697-245712-0001.flac,bonafide,0,librispeech,bonafide_libri_dev-other,libri_7697,7697-245712-0001,libri_7697,16000,
data/external/LibriSpeech/dev-other/7697/245712/7697-245712-0002.flac,bonafide,0,librispeech,bonafide_libri_dev-other,libri_7697,7697-245712-0002,libri_7697,16000,
data/external/LibriSpeech/dev-other/7697/245712/7697-245712-0003.flac,bonafide,0,librispeech,bonafide_libri_dev-other,libri_7697,7697-245712-0003,libri_7697,16000,
data/external/LibriSpeech/dev-other/7697/245712/7697-245712-0004.flac,bonafide,0,librispeech,bonafide_libri_dev-other,libri_7697,7697-245712-0004,libri_7697,16000,
data/external/LibriSpeech/dev-other/7697/245712/7697-245712-0005.flac,bonafide,0,librispeech,bonafide_libri_dev-other,libri_7697,7697-245712-0005,libri_7697,16000,
data/external/LibriSpeech/dev-other/7697/245712/7697-245712-0006.flac,bonafide,0,librispeech,bonafide_libri_dev-other,libri_7697,7697-245712-0006,libri_7697,16000,
data/external/LibriSpeech/dev-other/7697/245712/7697-245712-0007.flac,bonafide,0,librispeech,bonafide_libri_dev-other,libri_7697,7697-245712-0007,libri_7697,16000,
data/external/LibriSpeech/dev-other/7697/245712/7697-245712-0008.flac,bonafide,0,librispeech,bonafide_libri_dev-other,libri_7697,7697-245712-0008,libri_7697,16000,
data/external/LibriSpeech/dev-other/7697/245712/7697-245712-0009.flac,bonafide,0,librispeech,bonafide_libri_dev-other,libri_7697,7697-245712-0009,libri_7697,16000,
data/external/LibriSpeech/dev-other/7697/245712/7697-245712-0010.flac,bonafide,0,librispeech,bonafide_libri_dev-other,libri_7697,7697-245712-0010,libri_7697,16000,
data/external/LibriSpeech/dev-other/7697/245712/7697-245712-0011.flac,bonafide,0,librispeech,bonafide_libri_dev-other,libri_7697,7697-245712-0011,libri_7697,16000,
data/external/LibriSpeech/dev-other/7697/245712/7697-245712-0012.flac,bonafide,0,librispeech,bonafide_libri_dev-other,libri_7697,7697-245712-0012,libri_7697,16000,
data/external/LibriSpeech/dev-other/7697/245712/7697-245712-0013.flac,bonafide,0,librispeech,bonafide_libri_dev-other,libri_7697,7697-245712-0013,libri_7697,16000,
data/external/LibriSpeech/dev-other/7697/245712/7697-245712-0014.flac,bonafide,0,librispeech,bonafide_libri_dev-other,libri_7697,7697-245712-0014,libri_7697,16000,
data/external/LibriSpeech/dev-other/7697/245712/7697-245712-0015.flac,bonafide,0,librispeech,bonafide_libri_dev-other,libri_7697,7697-245712-0015,libri_7697,16000,
data/external/LibriSpeech/dev-other/7697/245712/7697-245712-0016.flac,bonafide,0,librispeech,bonafide_libri_dev-other,libri_7697,7697-245712-0016,libri_7697,16000,
data/external/LibriSpeech/dev-other/7697/245712/7697-245712-0017.flac,bonafide,0,librispeech,bonafide_libri_dev-other,libri_7697,7697-245712-0017,libri_7697,16000,
data/external/LibriSpeech/dev-other/7697/245712/7697-245712-0018.flac,bonafide,0,librispeech,bonafide_libri_dev-other,libri_7697,7697-245712-0018,libri_7697,16000,
data/external/LibriSpeech/dev-other/7697/245712/7697-245712-0019.flac,bonafide,0,librispeech,bonafide_libri_dev-other,libri_7697,7697-245712-0019,libri_7697,16000,
data/external/LibriSpeech/dev-other/7697/245712/7697-245712-0020.flac,bonafide,0,librispeech,bonafide_libri_dev-other,libri_7697,7697-245712-0020,libri_7697,16000,
data/external/LibriSpeech/dev-other/7697/245715/7697-245715-0000.flac,bonafide,0,librispeech,bonafide_libri_dev-other,libri_7697,7697-245715-0000,libri_7697,16000,
data/external/LibriSpeech/dev-other/7697/245715/7697-245715-0001.flac,bonafide,0,librispeech,bonafide_libri_dev-other,libri_7697,7697-245715-0001,libri_7697,16000,
data/external/LibriSpeech/dev-other/7697/245715/7697-245715-0002.flac,bonafide,0,librispeech,bonafide_libri_dev-other,libri_7697,7697-245715-0002,libri_7697,16000,
data/external/LibriSpeech/dev-other/7697/245715/7697-245715-0003.flac,bonafide,0,librispeech,bonafide_libri_dev-other,libri_7697,7697-245715-0003,libri_7697,16000,
data/external/LibriSpeech/dev-other/8173/294714/8173-294714-0000.flac,bonafide,0,librispeech,bonafide_libri_dev-other,libri_8173,8173-294714-0000,libri_8173,16000,
data/external/LibriSpeech/dev-other/8173/294714/8173-294714-0001.flac,bonafide,0,librispeech,bonafide_libri_dev-other,libri_8173,8173-294714-0001,libri_8173,16000,
data/external/LibriSpeech/dev-other/8173/294714/8173-294714-0002.flac,bonafide,0,librispeech,bonafide_libri_dev-other,libri_8173,8173-294714-0002,libri_8173,16000,
data/external/LibriSpeech/dev-other/8173/294714/8173-294714-0003.flac,bonafide,0,librispeech,bonafide_libri_dev-other,libri_8173,8173-294714-0003,libri_8173,16000,
data/external/LibriSpeech/dev-other/8173/294714/8173-294714-0004.flac,bonafide,0,librispeech,bonafide_libri_dev-other,libri_8173,8173-294714-0004,libri_8173,16000,
data/external/LibriSpeech/dev-other/8173/294714/8173-294714-0005.flac,bonafide,0,librispeech,bonafide_libri_dev-other,libri_8173,8173-294714-0005,libri_8173,16000,
data/external/LibriSpeech/dev-other/8173/294714/8173-294714-0006.flac,bonafide,0,librispeech,bonafide_libri_dev-other,libri_8173,8173-294714-0006,libri_8173,16000,
data/external/LibriSpeech/dev-other/8173/294714/8173-294714-0007.flac,bonafide,0,librispeech,bonafide_libri_dev-other,libri_8173,8173-294714-0007,libri_8173,16000,
data/external/LibriSpeech/dev-other/8173/294714/8173-294714-0008.flac,bonafide,0,librispeech,bonafide_libri_dev-other,libri_8173,8173-294714-0008,libri_8173,16000,
data/external/LibriSpeech/dev-other/8173/294714/8173-294714-0009.flac,bonafide,0,librispeech,bonafide_libri_dev-other,libri_8173,8173-294714-0009,libri_8173,16000,
data/external/LibriSpeech/dev-other/8173/294714/8173-294714-0010.flac,bonafide,0,librispeech,bonafide_libri_dev-other,libri_8173,8173-294714-0010,libri_8173,16000,
data/external/LibriSpeech/dev-other/8173/294714/8173-294714-0011.flac,bonafide,0,librispeech,bonafide_libri_dev-other,libri_8173,8173-294714-0011,libri_8173,16000,
data/external/LibriSpeech/dev-other/8173/294714/8173-294714-0012.flac,bonafide,0,librispeech,bonafide_libri_dev-other,libri_8173,8173-294714-0012,libri_8173,16000,
data/external/LibriSpeech/dev-other/8173/294714/8173-294714-0013.flac,bonafide,0,librispeech,bonafide_libri_dev-other,libri_8173,8173-294714-0013,libri_8173,16000,
data/external/LibriSpeech/dev-other/8173/294714/8173-294714-0014.flac,bonafide,0,librispeech,bonafide_libri_dev-other,libri_8173,8173-294714-0014,libri_8173,16000,
data/external/LibriSpeech/dev-other/8173/294714/8173-294714-0015.flac,bonafide,0,librispeech,bonafide_libri_dev-other,libri_8173,8173-294714-0015,libri_8173,16000,
data/external/LibriSpeech/dev-other/8173/294714/8173-294714-0016.flac,bonafide,0,librispeech,bonafide_libri_dev-other,libri_8173,8173-294714-0016,libri_8173,16000,
data/external/LibriSpeech/dev-other/8173/294714/8173-294714-0017.flac,bonafide,0,librispeech,bonafide_libri_dev-other,libri_8173,8173-294714-0017,libri_8173,16000,
data/external/LibriSpeech/dev-other/8173/294714/8173-294714-0018.flac,bonafide,0,librispeech,bonafide_libri_dev-other,libri_8173,8173-294714-0018,libri_8173,16000,
data/external/LibriSpeech/dev-other/8173/294714/8173-294714-0019.flac,bonafide,0,librispeech,bonafide_libri_dev-other,libri_8173,8173-294714-0019,libri_8173,16000,
data/external/LibriSpeech/dev-other/8173/294714/8173-294714-0020.flac,bonafide,0,librispeech,bonafide_libri_dev-other,libri_8173,8173-294714-0020,libri_8173,16000,
data/external/LibriSpeech/dev-other/8173/294714/8173-294714-0021.flac,bonafide,0,librispeech,bonafide_libri_dev-other,libri_8173,8173-294714-0021,libri_8173,16000,
data/external/LibriSpeech/dev-other/8173/294714/8173-294714-0022.flac,bonafide,0,librispeech,bonafide_libri_dev-other,libri_8173,8173-294714-0022,libri_8173,16000,
data/external/LibriSpeech/dev-other/8173/294714/8173-294714-0023.flac,bonafide,0,librispeech,bonafide_libri_dev-other,libri_8173,8173-294714-0023,libri_8173,16000,
data/external/LibriSpeech/dev-other/8173/294714/8173-294714-0024.flac,bonafide,0,librispeech,bonafide_libri_dev-other,libri_8173,8173-294714-0024,libri_8173,16000,
data/external/LibriSpeech/dev-other/8173/294714/8173-294714-0025.flac,bonafide,0,librispeech,bonafide_libri_dev-other,libri_8173,8173-294714-0025,libri_8173,16000,
data/external/LibriSpeech/dev-other/8173/294714/8173-294714-0026.flac,bonafide,0,librispeech,bonafide_libri_dev-other,libri_8173,8173-294714-0026,libri_8173,16000,
data/external/LibriSpeech/dev-other/8173/294714/8173-294714-0027.flac,bonafide,0,librispeech,bonafide_libri_dev-other,libri_8173,8173-294714-0027,libri_8173,16000,
data/external/LibriSpeech/dev-other/8173/294714/8173-294714-0028.flac,bonafide,0,librispeech,bonafide_libri_dev-other,libri_8173,8173-294714-0028,libri_8173,16000,
data/external/LibriSpeech/dev-other/8173/294714/8173-294714-0029.flac,bonafide,0,librispeech,bonafide_libri_dev-other,libri_8173,8173-294714-0029,libri_8173,16000,
data/external/LibriSpeech/dev-other/8173/294714/8173-294714-0030.flac,bonafide,0,librispeech,bonafide_libri_dev-other,libri_8173,8173-294714-0030,libri_8173,16000,
data/external/LibriSpeech/dev-other/8173/294714/8173-294714-0031.flac,bonafide,0,librispeech,bonafide_libri_dev-other,libri_8173,8173-294714-0031,libri_8173,16000,
data/external/LibriSpeech/dev-other/8173/294714/8173-294714-0032.flac,bonafide,0,librispeech,bonafide_libri_dev-other,libri_8173,8173-294714-0032,libri_8173,16000,
data/external/LibriSpeech/dev-other/8173/294714/8173-294714-0033.flac,bonafide,0,librispeech,bonafide_libri_dev-other,libri_8173,8173-294714-0033,libri_8173,16000,
data/external/LibriSpeech/dev-other/8173/294714/8173-294714-0034.flac,bonafide,0,librispeech,bonafide_libri_dev-other,libri_8173,8173-294714-0034,libri_8173,16000,
data/external/LibriSpeech/dev-other/8173/294714/8173-294714-0035.flac,bonafide,0,librispeech,bonafide_libri_dev-other,libri_8173,8173-294714-0035,libri_8173,16000,
data/external/LibriSpeech/dev-other/8173/294714/8173-294714-0036.flac,bonafide,0,librispeech,bonafide_libri_dev-other,libri_8173,8173-294714-0036,libri_8173,16000,
data/external/LibriSpeech/dev-other/8173/294714/8173-294714-0037.flac,bonafide,0,librispeech,bonafide_libri_dev-other,libri_8173,8173-294714-0037,libri_8173,16000,
data/external/LibriSpeech/dev-other/8173/294714/8173-294714-0038.flac,bonafide,0,librispeech,bonafide_libri_dev-other,libri_8173,8173-294714-0038,libri_8173,16000,
data/external/LibriSpeech/dev-other/8173/294714/8173-294714-0039.flac,bonafide,0,librispeech,bonafide_libri_dev-other,libri_8173,8173-294714-0039,libri_8173,16000,
data/external/LibriSpeech/dev-other/8173/294714/8173-294714-0040.flac,bonafide,0,librispeech,bonafide_libri_dev-other,libri_8173,8173-294714-0040,libri_8173,16000,
data/external/LibriSpeech/dev-other/8173/294714/8173-294714-0041.flac,bonafide,0,librispeech,bonafide_libri_dev-other,libri_8173,8173-294714-0041,libri_8173,16000,
data/external/LibriSpeech/dev-other/8173/294714/8173-294714-0042.flac,bonafide,0,librispeech,bonafide_libri_dev-other,libri_8173,8173-294714-0042,libri_8173,16000,
data/external/LibriSpeech/dev-other/8173/294714/8173-294714-0043.flac,bonafide,0,librispeech,bonafide_libri_dev-other,libri_8173,8173-294714-0043,libri_8173,16000,
data/external/LibriSpeech/dev-other/8173/294714/8173-294714-0044.flac,bonafide,0,librispeech,bonafide_libri_dev-other,libri_8173,8173-294714-0044,libri_8173,16000,
data/external/LibriSpeech/dev-other/8173/294714/8173-294714-0045.flac,bonafide,0,librispeech,bonafide_libri_dev-other,libri_8173,8173-294714-0045,libri_8173,16000,
data/external/LibriSpeech/dev-other/8173/294714/8173-294714-0046.flac,bonafide,0,librispeech,bonafide_libri_dev-other,libri_8173,8173-294714-0046,libri_8173,16000,
data/external/LibriSpeech/dev-other/8173/294714/8173-294714-0047.flac,bonafide,0,librispeech,bonafide_libri_dev-other,libri_8173,8173-294714-0047,libri_8173,16000,
data/external/LibriSpeech/dev-other/8173/294714/8173-294714-0048.flac,bonafide,0,librispeech,bonafide_libri_dev-other,libri_8173,8173-294714-0048,libri_8173,16000,
data/external/LibriSpeech/dev-other/8173/294714/8173-294714-0049.flac,bonafide,0,librispeech,bonafide_libri_dev-other,libri_8173,8173-294714-0049,libri_8173,16000,
data/external/LibriSpeech/dev-other/8173/294714/8173-294714-0050.flac,bonafide,0,librispeech,bonafide_libri_dev-other,libri_8173,8173-294714-0050,libri_8173,16000,
data/external/LibriSpeech/dev-other/8173/294714/8173-294714-0051.flac,bonafide,0,librispeech,bonafide_libri_dev-other,libri_8173,8173-294714-0051,libri_8173,16000,
data/external/LibriSpeech/dev-other/8173/294714/8173-294714-0052.flac,bonafide,0,librispeech,bonafide_libri_dev-other,libri_8173,8173-294714-0052,libri_8173,16000,
data/external/LibriSpeech/dev-other/8173/294714/8173-294714-0053.flac,bonafide,0,librispeech,bonafide_libri_dev-other,libri_8173,8173-294714-0053,libri_8173,16000,
data/external/LibriSpeech/dev-other/8173/294714/8173-294714-0054.flac,bonafide,0,librispeech,bonafide_libri_dev-other,libri_8173,8173-294714-0054,libri_8173,16000,
data/external/LibriSpeech/dev-other/8173/294714/8173-294714-0055.flac,bonafide,0,librispeech,bonafide_libri_dev-other,libri_8173,8173-294714-0055,libri_8173,16000,
data/external/LibriSpeech/dev-other/8173/294714/8173-294714-0056.flac,bonafide,0,librispeech,bonafide_libri_dev-other,libri_8173,8173-294714-0056,libri_8173,16000,
data/external/LibriSpeech/dev-other/8173/294714/8173-294714-0057.flac,bonafide,0,librispeech,bonafide_libri_dev-other,libri_8173,8173-294714-0057,libri_8173,16000,
data/external/LibriSpeech/dev-other/8173/294714/8173-294714-0058.flac,bonafide,0,librispeech,bonafide_libri_dev-other,libri_8173,8173-294714-0058,libri_8173,16000,
data/external/LibriSpeech/dev-other/8173/294714/8173-294714-0059.flac,bonafide,0,librispeech,bonafide_libri_dev-other,libri_8173,8173-294714-0059,libri_8173,16000,
data/external/LibriSpeech/dev-other/8173/294714/8173-294714-0060.flac,bonafide,0,librispeech,bonafide_libri_dev-other,libri_8173,8173-294714-0060,libri_8173,16000,
data/external/LibriSpeech/dev-other/8254/115543/8254-115543-0000.flac,bonafide,0,librispeech,bonafide_libri_dev-other,libri_8254,8254-115543-0000,libri_8254,16000,
data/external/LibriSpeech/dev-other/8254/115543/8254-115543-0001.flac,bonafide,0,librispeech,bonafide_libri_dev-other,libri_8254,8254-115543-0001,libri_8254,16000,
data/external/LibriSpeech/dev-other/8254/115543/8254-115543-0002.flac,bonafide,0,librispeech,bonafide_libri_dev-other,libri_8254,8254-115543-0002,libri_8254,16000,
data/external/LibriSpeech/dev-other/8254/115543/8254-115543-0003.flac,bonafide,0,librispeech,bonafide_libri_dev-other,libri_8254,8254-115543-0003,libri_8254,16000,
data/external/LibriSpeech/dev-other/8254/115543/8254-115543-0004.flac,bonafide,0,librispeech,bonafide_libri_dev-other,libri_8254,8254-115543-0004,libri_8254,16000,
data/external/LibriSpeech/dev-other/8254/115543/8254-115543-0005.flac,bonafide,0,librispeech,bonafide_libri_dev-other,libri_8254,8254-115543-0005,libri_8254,16000,
data/external/LibriSpeech/dev-other/8254/115543/8254-115543-0006.flac,bonafide,0,librispeech,bonafide_libri_dev-other,libri_8254,8254-115543-0006,libri_8254,16000,
data/external/LibriSpeech/dev-other/8254/115543/8254-115543-0007.flac,bonafide,0,librispeech,bonafide_libri_dev-other,libri_8254,8254-115543-0007,libri_8254,16000,
data/external/LibriSpeech/dev-other/8254/115543/8254-115543-0008.flac,bonafide,0,librispeech,bonafide_libri_dev-other,libri_8254,8254-115543-0008,libri_8254,16000,
data/external/LibriSpeech/dev-other/8254/115543/8254-115543-0009.flac,bonafide,0,librispeech,bonafide_libri_dev-other,libri_8254,8254-115543-0009,libri_8254,16000,
data/external/LibriSpeech/dev-other/8254/115543/8254-115543-0010.flac,bonafide,0,librispeech,bonafide_libri_dev-other,libri_8254,8254-115543-0010,libri_8254,16000,
data/external/LibriSpeech/dev-other/8254/115543/8254-115543-0011.flac,bonafide,0,librispeech,bonafide_libri_dev-other,libri_8254,8254-115543-0011,libri_8254,16000,
data/external/LibriSpeech/dev-other/8254/115543/8254-115543-0012.flac,bonafide,0,librispeech,bonafide_libri_dev-other,libri_8254,8254-115543-0012,libri_8254,16000,
data/external/LibriSpeech/dev-other/8254/115543/8254-115543-0013.flac,bonafide,0,librispeech,bonafide_libri_dev-other,libri_8254,8254-115543-0013,libri_8254,16000,
data/external/LibriSpeech/dev-other/8254/115543/8254-115543-0014.flac,bonafide,0,librispeech,bonafide_libri_dev-other,libri_8254,8254-115543-0014,libri_8254,16000,
data/external/LibriSpeech/dev-other/8254/115543/8254-115543-0015.flac,bonafide,0,librispeech,bonafide_libri_dev-other,libri_8254,8254-115543-0015,libri_8254,16000,
data/external/LibriSpeech/dev-other/8254/115543/8254-115543-0016.flac,bonafide,0,librispeech,bonafide_libri_dev-other,libri_8254,8254-115543-0016,libri_8254,16000,
data/external/LibriSpeech/dev-other/8254/115543/8254-115543-0017.flac,bonafide,0,librispeech,bonafide_libri_dev-other,libri_8254,8254-115543-0017,libri_8254,16000,
data/external/LibriSpeech/dev-other/8254/115543/8254-115543-0018.flac,bonafide,0,librispeech,bonafide_libri_dev-other,libri_8254,8254-115543-0018,libri_8254,16000,
data/external/LibriSpeech/dev-other/8254/115543/8254-115543-0019.flac,bonafide,0,librispeech,bonafide_libri_dev-other,libri_8254,8254-115543-0019,libri_8254,16000,
data/external/LibriSpeech/dev-other/8254/115543/8254-115543-0020.flac,bonafide,0,librispeech,bonafide_libri_dev-other,libri_8254,8254-115543-0020,libri_8254,16000,
data/external/LibriSpeech/dev-other/8254/115543/8254-115543-0021.flac,bonafide,0,librispeech,bonafide_libri_dev-other,libri_8254,8254-115543-0021,libri_8254,16000,
data/external/LibriSpeech/dev-other/8254/115543/8254-115543-0022.flac,bonafide,0,librispeech,bonafide_libri_dev-other,libri_8254,8254-115543-0022,libri_8254,16000,
data/external/LibriSpeech/dev-other/8254/115543/8254-115543-0023.flac,bonafide,0,librispeech,bonafide_libri_dev-other,libri_8254,8254-115543-0023,libri_8254,16000,
data/external/LibriSpeech/dev-other/8254/115543/8254-115543-0024.flac,bonafide,0,librispeech,bonafide_libri_dev-other,libri_8254,8254-115543-0024,libri_8254,16000,
data/external/LibriSpeech/dev-other/8254/115543/8254-115543-0025.flac,bonafide,0,librispeech,bonafide_libri_dev-other,libri_8254,8254-115543-0025,libri_8254,16000,
data/external/LibriSpeech/dev-other/8254/115543/8254-115543-0026.flac,bonafide,0,librispeech,bonafide_libri_dev-other,libri_8254,8254-115543-0026,libri_8254,16000,
data/external/LibriSpeech/dev-other/8254/115543/8254-115543-0027.flac,bonafide,0,librispeech,bonafide_libri_dev-other,libri_8254,8254-115543-0027,libri_8254,16000,
data/external/LibriSpeech/dev-other/8254/115543/8254-115543-0028.flac,bonafide,0,librispeech,bonafide_libri_dev-other,libri_8254,8254-115543-0028,libri_8254,16000,
data/external/LibriSpeech/dev-other/8254/115543/8254-115543-0029.flac,bonafide,0,librispeech,bonafide_libri_dev-other,libri_8254,8254-115543-0029,libri_8254,16000,
data/external/LibriSpeech/dev-other/8254/115543/8254-115543-0030.flac,bonafide,0,librispeech,bonafide_libri_dev-other,libri_8254,8254-115543-0030,libri_8254,16000,
data/external/LibriSpeech/dev-other/8254/115543/8254-115543-0031.flac,bonafide,0,librispeech,bonafide_libri_dev-other,libri_8254,8254-115543-0031,libri_8254,16000,
data/external/LibriSpeech/dev-other/8254/115543/8254-115543-0032.flac,bonafide,0,librispeech,bonafide_libri_dev-other,libri_8254,8254-115543-0032,libri_8254,16000,
data/external/LibriSpeech/dev-other/8254/115543/8254-115543-0033.flac,bonafide,0,librispeech,bonafide_libri_dev-other,libri_8254,8254-115543-0033,libri_8254,16000,
data/external/LibriSpeech/dev-other/8254/115543/8254-115543-0034.flac,bonafide,0,librispeech,bonafide_libri_dev-other,libri_8254,8254-115543-0034,libri_8254,16000,
data/external/LibriSpeech/dev-other/8254/115543/8254-115543-0035.flac,bonafide,0,librispeech,bonafide_libri_dev-other,libri_8254,8254-115543-0035,libri_8254,16000,
data/external/LibriSpeech/dev-other/8254/115543/8254-115543-0036.flac,bonafide,0,librispeech,bonafide_libri_dev-other,libri_8254,8254-115543-0036,libri_8254,16000,
data/external/LibriSpeech/dev-other/8254/115543/8254-115543-0037.flac,bonafide,0,librispeech,bonafide_libri_dev-other,libri_8254,8254-115543-0037,libri_8254,16000,
data/external/LibriSpeech/dev-other/8254/115543/8254-115543-0038.flac,bonafide,0,librispeech,bonafide_libri_dev-other,libri_8254,8254-115543-0038,libri_8254,16000,
data/external/LibriSpeech/dev-other/8254/115543/8254-115543-0039.flac,bonafide,0,librispeech,bonafide_libri_dev-other,libri_8254,8254-115543-0039,libri_8254,16000,
data/external/LibriSpeech/dev-other/8254/115543/8254-115543-0040.flac,bonafide,0,librispeech,bonafide_libri_dev-other,libri_8254,8254-115543-0040,libri_8254,16000,
data/external/LibriSpeech/dev-other/8254/115543/8254-115543-0041.flac,bonafide,0,librispeech,bonafide_libri_dev-other,libri_8254,8254-115543-0041,libri_8254,16000,
data/external/LibriSpeech/dev-other/8254/115543/8254-115543-0042.flac,bonafide,0,librispeech,bonafide_libri_dev-other,libri_8254,8254-115543-0042,libri_8254,16000,
data/external/LibriSpeech/dev-other/8254/115543/8254-115543-0043.flac,bonafide,0,librispeech,bonafide_libri_dev-other,libri_8254,8254-115543-0043,libri_8254,16000,
data/external/LibriSpeech/dev-other/8254/115543/8254-115543-0044.flac,bonafide,0,librispeech,bonafide_libri_dev-other,libri_8254,8254-115543-0044,libri_8254,16000,
data/external/LibriSpeech/dev-other/8254/115543/8254-115543-0045.flac,bonafide,0,librispeech,bonafide_libri_dev-other,libri_8254,8254-115543-0045,libri_8254,16000,
data/external/LibriSpeech/dev-other/8254/84205/8254-84205-0000.flac,bonafide,0,librispeech,bonafide_libri_dev-other,libri_8254,8254-84205-0000,libri_8254,16000,
data/external/LibriSpeech/dev-other/8254/84205/8254-84205-0001.flac,bonafide,0,librispeech,bonafide_libri_dev-other,libri_8254,8254-84205-0001,libri_8254,16000,
data/external/LibriSpeech/dev-other/8254/84205/8254-84205-0002.flac,bonafide,0,librispeech,bonafide_libri_dev-other,libri_8254,8254-84205-0002,libri_8254,16000,
data/external/LibriSpeech/dev-other/8254/84205/8254-84205-0003.flac,bonafide,0,librispeech,bonafide_libri_dev-other,libri_8254,8254-84205-0003,libri_8254,16000,
data/external/LibriSpeech/dev-other/8254/84205/8254-84205-0004.flac,bonafide,0,librispeech,bonafide_libri_dev-other,libri_8254,8254-84205-0004,libri_8254,16000,
data/external/LibriSpeech/dev-other/8254/84205/8254-84205-0005.flac,bonafide,0,librispeech,bonafide_libri_dev-other,libri_8254,8254-84205-0005,libri_8254,16000,
data/external/LibriSpeech/dev-other/8254/84205/8254-84205-0006.flac,bonafide,0,librispeech,bonafide_libri_dev-other,libri_8254,8254-84205-0006,libri_8254,16000,
data/external/LibriSpeech/dev-other/8254/84205/8254-84205-0007.flac,bonafide,0,librispeech,bonafide_libri_dev-other,libri_8254,8254-84205-0007,libri_8254,16000,
data/external/LibriSpeech/dev-other/8254/84205/8254-84205-0008.flac,bonafide,0,librispeech,bonafide_libri_dev-other,libri_8254,8254-84205-0008,libri_8254,16000,
data/external/LibriSpeech/dev-other/8254/84205/8254-84205-0009.flac,bonafide,0,librispeech,bonafide_libri_dev-other,libri_8254,8254-84205-0009,libri_8254,16000,
data/external/LibriSpeech/dev-other/8254/84205/8254-84205-0010.flac,bonafide,0,librispeech,bonafide_libri_dev-other,libri_8254,8254-84205-0010,libri_8254,16000,
data/external/LibriSpeech/dev-other/8254/84205/8254-84205-0011.flac,bonafide,0,librispeech,bonafide_libri_dev-other,libri_8254,8254-84205-0011,libri_8254,16000,
data/external/LibriSpeech/dev-other/8254/84205/8254-84205-0012.flac,bonafide,0,librispeech,bonafide_libri_dev-other,libri_8254,8254-84205-0012,libri_8254,16000,
data/external/LibriSpeech/dev-other/8254/84205/8254-84205-0013.flac,bonafide,0,librispeech,bonafide_libri_dev-other,libri_8254,8254-84205-0013,libri_8254,16000,
data/external/LibriSpeech/dev-other/8254/84205/8254-84205-0014.flac,bonafide,0,librispeech,bonafide_libri_dev-other,libri_8254,8254-84205-0014,libri_8254,16000,
data/external/LibriSpeech/dev-other/8254/84205/8254-84205-0015.flac,bonafide,0,librispeech,bonafide_libri_dev-other,libri_8254,8254-84205-0015,libri_8254,16000,
data/external/LibriSpeech/dev-other/8254/84205/8254-84205-0016.flac,bonafide,0,librispeech,bonafide_libri_dev-other,libri_8254,8254-84205-0016,libri_8254,16000,
data/external/LibriSpeech/dev-other/8254/84205/8254-84205-0017.flac,bonafide,0,librispeech,bonafide_libri_dev-other,libri_8254,8254-84205-0017,libri_8254,16000,
data/external/LibriSpeech/dev-other/8254/84205/8254-84205-0018.flac,bonafide,0,librispeech,bonafide_libri_dev-other,libri_8254,8254-84205-0018,libri_8254,16000,
data/external/LibriSpeech/dev-other/8254/84205/8254-84205-0019.flac,bonafide,0,librispeech,bonafide_libri_dev-other,libri_8254,8254-84205-0019,libri_8254,16000,
data/external/LibriSpeech/dev-other/8254/84205/8254-84205-0020.flac,bonafide,0,librispeech,bonafide_libri_dev-other,libri_8254,8254-84205-0020,libri_8254,16000,
data/external/LibriSpeech/dev-other/8254/84205/8254-84205-0021.flac,bonafide,0,librispeech,bonafide_libri_dev-other,libri_8254,8254-84205-0021,libri_8254,16000,
data/external/LibriSpeech/dev-other/8254/84205/8254-84205-0022.flac,bonafide,0,librispeech,bonafide_libri_dev-other,libri_8254,8254-84205-0022,libri_8254,16000,
data/external/LibriSpeech/dev-other/8254/84205/8254-84205-0023.flac,bonafide,0,librispeech,bonafide_libri_dev-other,libri_8254,8254-84205-0023,libri_8254,16000,
data/external/LibriSpeech/dev-other/8254/84205/8254-84205-0024.flac,bonafide,0,librispeech,bonafide_libri_dev-other,libri_8254,8254-84205-0024,libri_8254,16000,
data/external/LibriSpeech/dev-other/8254/84205/8254-84205-0025.flac,bonafide,0,librispeech,bonafide_libri_dev-other,libri_8254,8254-84205-0025,libri_8254,16000,
data/external/LibriSpeech/dev-other/8254/84205/8254-84205-0026.flac,bonafide,0,librispeech,bonafide_libri_dev-other,libri_8254,8254-84205-0026,libri_8254,16000,
data/external/LibriSpeech/dev-other/8254/84205/8254-84205-0027.flac,bonafide,0,librispeech,bonafide_libri_dev-other,libri_8254,8254-84205-0027,libri_8254,16000,
data/external/LibriSpeech/dev-other/8254/84205/8254-84205-0028.flac,bonafide,0,librispeech,bonafide_libri_dev-other,libri_8254,8254-84205-0028,libri_8254,16000,
data/external/LibriSpeech/dev-other/8254/84205/8254-84205-0029.flac,bonafide,0,librispeech,bonafide_libri_dev-other,libri_8254,8254-84205-0029,libri_8254,16000,
data/external/LibriSpeech/dev-other/8254/84205/8254-84205-0030.flac,bonafide,0,librispeech,bonafide_libri_dev-other,libri_8254,8254-84205-0030,libri_8254,16000,
data/external/LibriSpeech/dev-other/8254/84205/8254-84205-0031.flac,bonafide,0,librispeech,bonafide_libri_dev-other,libri_8254,8254-84205-0031,libri_8254,16000,
data/external/LibriSpeech/dev-other/8254/84205/8254-84205-0032.flac,bonafide,0,librispeech,bonafide_libri_dev-other,libri_8254,8254-84205-0032,libri_8254,16000,
data/external/LibriSpeech/dev-other/8254/84205/8254-84205-0033.flac,bonafide,0,librispeech,bonafide_libri_dev-other,libri_8254,8254-84205-0033,libri_8254,16000,
data/external/LibriSpeech/dev-other/8254/84205/8254-84205-0034.flac,bonafide,0,librispeech,bonafide_libri_dev-other,libri_8254,8254-84205-0034,libri_8254,16000,
data/external/LibriSpeech/dev-other/8254/84205/8254-84205-0035.flac,bonafide,0,librispeech,bonafide_libri_dev-other,libri_8254,8254-84205-0035,libri_8254,16000,
data/external/LibriSpeech/dev-other/8254/84205/8254-84205-0036.flac,bonafide,0,librispeech,bonafide_libri_dev-other,libri_8254,8254-84205-0036,libri_8254,16000,
data/external/LibriSpeech/dev-other/8254/84205/8254-84205-0037.flac,bonafide,0,librispeech,bonafide_libri_dev-other,libri_8254,8254-84205-0037,libri_8254,16000,
data/external/LibriSpeech/dev-other/8254/84205/8254-84205-0038.flac,bonafide,0,librispeech,bonafide_libri_dev-other,libri_8254,8254-84205-0038,libri_8254,16000,
data/external/LibriSpeech/dev-other/8254/84205/8254-84205-0039.flac,bonafide,0,librispeech,bonafide_libri_dev-other,libri_8254,8254-84205-0039,libri_8254,16000,
data/external/LibriSpeech/dev-other/8254/84205/8254-84205-0040.flac,bonafide,0,librispeech,bonafide_libri_dev-other,libri_8254,8254-84205-0040,libri_8254,16000,
data/external/LibriSpeech/dev-other/8254/84205/8254-84205-0041.flac,bonafide,0,librispeech,bonafide_libri_dev-other,libri_8254,8254-84205-0041,libri_8254,16000,
data/external/LibriSpeech/dev-other/8254/84205/8254-84205-0042.flac,bonafide,0,librispeech,bonafide_libri_dev-other,libri_8254,8254-84205-0042,libri_8254,16000,
data/external/LibriSpeech/dev-other/8254/84205/8254-84205-0043.flac,bonafide,0,librispeech,bonafide_libri_dev-other,libri_8254,8254-84205-0043,libri_8254,16000,
data/external/LibriSpeech/dev-other/8254/84205/8254-84205-0044.flac,bonafide,0,librispeech,bonafide_libri_dev-other,libri_8254,8254-84205-0044,libri_8254,16000,
data/external/LibriSpeech/dev-other/8254/84205/8254-84205-0045.flac,bonafide,0,librispeech,bonafide_libri_dev-other,libri_8254,8254-84205-0045,libri_8254,16000,
data/external/LibriSpeech/dev-other/8254/84205/8254-84205-0046.flac,bonafide,0,librispeech,bonafide_libri_dev-other,libri_8254,8254-84205-0046,libri_8254,16000,
data/external/LibriSpeech/dev-other/8254/84205/8254-84205-0047.flac,bonafide,0,librispeech,bonafide_libri_dev-other,libri_8254,8254-84205-0047,libri_8254,16000,
data/external/LibriSpeech/dev-other/8254/84205/8254-84205-0048.flac,bonafide,0,librispeech,bonafide_libri_dev-other,libri_8254,8254-84205-0048,libri_8254,16000,
data/external/LibriSpeech/dev-other/8254/84205/8254-84205-0049.flac,bonafide,0,librispeech,bonafide_libri_dev-other,libri_8254,8254-84205-0049,libri_8254,16000,
data/external/LibriSpeech/dev-other/8254/84205/8254-84205-0050.flac,bonafide,0,librispeech,bonafide_libri_dev-other,libri_8254,8254-84205-0050,libri_8254,16000,
data/external/LibriSpeech/dev-other/8254/84205/8254-84205-0051.flac,bonafide,0,librispeech,bonafide_libri_dev-other,libri_8254,8254-84205-0051,libri_8254,16000,
data/external/LibriSpeech/dev-other/8254/84205/8254-84205-0052.flac,bonafide,0,librispeech,bonafide_libri_dev-other,libri_8254,8254-84205-0052,libri_8254,16000,
data/external/LibriSpeech/dev-other/8254/84205/8254-84205-0053.flac,bonafide,0,librispeech,bonafide_libri_dev-other,libri_8254,8254-84205-0053,libri_8254,16000,
data/external/LibriSpeech/dev-other/8254/84205/8254-84205-0054.flac,bonafide,0,librispeech,bonafide_libri_dev-other,libri_8254,8254-84205-0054,libri_8254,16000,
data/external/LibriSpeech/dev-other/8254/84205/8254-84205-0055.flac,bonafide,0,librispeech,bonafide_libri_dev-other,libri_8254,8254-84205-0055,libri_8254,16000,
data/external/LibriSpeech/dev-other/8254/84205/8254-84205-0056.flac,bonafide,0,librispeech,bonafide_libri_dev-other,libri_8254,8254-84205-0056,libri_8254,16000,
data/external/LibriSpeech/dev-other/8254/84205/8254-84205-0057.flac,bonafide,0,librispeech,bonafide_libri_dev-other,libri_8254,8254-84205-0057,libri_8254,16000,
data/external/LibriSpeech/dev-other/8254/84205/8254-84205-0058.flac,bonafide,0,librispeech,bonafide_libri_dev-other,libri_8254,8254-84205-0058,libri_8254,16000,
data/external/LibriSpeech/dev-other/8254/84205/8254-84205-0059.flac,bonafide,0,librispeech,bonafide_libri_dev-other,libri_8254,8254-84205-0059,libri_8254,16000,
data/external/LibriSpeech/dev-other/8254/84205/8254-84205-0060.flac,bonafide,0,librispeech,bonafide_libri_dev-other,libri_8254,8254-84205-0060,libri_8254,16000,
data/external/LibriSpeech/dev-other/8254/84205/8254-84205-0061.flac,bonafide,0,librispeech,bonafide_libri_dev-other,libri_8254,8254-84205-0061,libri_8254,16000,
data/external/LibriSpeech/dev-other/8254/84205/8254-84205-0062.flac,bonafide,0,librispeech,bonafide_libri_dev-other,libri_8254,8254-84205-0062,libri_8254,16000,
data/external/LibriSpeech/dev-other/8254/84205/8254-84205-0063.flac,bonafide,0,librispeech,bonafide_libri_dev-other,libri_8254,8254-84205-0063,libri_8254,16000,
data/external/LibriSpeech/dev-other/8254/84205/8254-84205-0064.flac,bonafide,0,librispeech,bonafide_libri_dev-other,libri_8254,8254-84205-0064,libri_8254,16000,
data/external/LibriSpeech/dev-other/8254/84205/8254-84205-0065.flac,bonafide,0,librispeech,bonafide_libri_dev-other,libri_8254,8254-84205-0065,libri_8254,16000,
data/external/LibriSpeech/dev-other/8254/84205/8254-84205-0066.flac,bonafide,0,librispeech,bonafide_libri_dev-other,libri_8254,8254-84205-0066,libri_8254,16000,
data/external/LibriSpeech/dev-other/8254/84205/8254-84205-0067.flac,bonafide,0,librispeech,bonafide_libri_dev-other,libri_8254,8254-84205-0067,libri_8254,16000,
data/external/LibriSpeech/dev-other/8254/84205/8254-84205-0068.flac,bonafide,0,librispeech,bonafide_libri_dev-other,libri_8254,8254-84205-0068,libri_8254,16000,
data/external/LibriSpeech/dev-other/8254/84205/8254-84205-0069.flac,bonafide,0,librispeech,bonafide_libri_dev-other,libri_8254,8254-84205-0069,libri_8254,16000,
data/external/LibriSpeech/dev-other/8254/84205/8254-84205-0070.flac,bonafide,0,librispeech,bonafide_libri_dev-other,libri_8254,8254-84205-0070,libri_8254,16000,
data/external/LibriSpeech/dev-other/8254/84205/8254-84205-0071.flac,bonafide,0,librispeech,bonafide_libri_dev-other,libri_8254,8254-84205-0071,libri_8254,16000,
data/external/LibriSpeech/dev-other/8254/84205/8254-84205-0072.flac,bonafide,0,librispeech,bonafide_libri_dev-other,libri_8254,8254-84205-0072,libri_8254,16000,
data/external/LibriSpeech/dev-other/8254/84205/8254-84205-0073.flac,bonafide,0,librispeech,bonafide_libri_dev-other,libri_8254,8254-84205-0073,libri_8254,16000,
data/external/LibriSpeech/dev-other/8254/84205/8254-84205-0074.flac,bonafide,0,librispeech,bonafide_libri_dev-other,libri_8254,8254-84205-0074,libri_8254,16000,
data/external/LibriSpeech/dev-other/8254/84205/8254-84205-0075.flac,bonafide,0,librispeech,bonafide_libri_dev-other,libri_8254,8254-84205-0075,libri_8254,16000,
data/external/LibriSpeech/dev-other/8254/84205/8254-84205-0076.flac,bonafide,0,librispeech,bonafide_libri_dev-other,libri_8254,8254-84205-0076,libri_8254,16000,
data/external/LibriSpeech/dev-other/8288/274150/8288-274150-0000.flac,bonafide,0,librispeech,bonafide_libri_dev-other,libri_8288,8288-274150-0000,libri_8288,16000,
data/external/LibriSpeech/dev-other/8288/274150/8288-274150-0001.flac,bonafide,0,librispeech,bonafide_libri_dev-other,libri_8288,8288-274150-0001,libri_8288,16000,
data/external/LibriSpeech/dev-other/8288/274150/8288-274150-0002.flac,bonafide,0,librispeech,bonafide_libri_dev-other,libri_8288,8288-274150-0002,libri_8288,16000,
data/external/LibriSpeech/dev-other/8288/274150/8288-274150-0003.flac,bonafide,0,librispeech,bonafide_libri_dev-other,libri_8288,8288-274150-0003,libri_8288,16000,
data/external/LibriSpeech/dev-other/8288/274150/8288-274150-0004.flac,bonafide,0,librispeech,bonafide_libri_dev-other,libri_8288,8288-274150-0004,libri_8288,16000,
data/external/LibriSpeech/dev-other/8288/274150/8288-274150-0005.flac,bonafide,0,librispeech,bonafide_libri_dev-other,libri_8288,8288-274150-0005,libri_8288,16000,
data/external/LibriSpeech/dev-other/8288/274150/8288-274150-0006.flac,bonafide,0,librispeech,bonafide_libri_dev-other,libri_8288,8288-274150-0006,libri_8288,16000,
data/external/LibriSpeech/dev-other/8288/274150/8288-274150-0007.flac,bonafide,0,librispeech,bonafide_libri_dev-other,libri_8288,8288-274150-0007,libri_8288,16000,
data/external/LibriSpeech/dev-other/8288/274150/8288-274150-0008.flac,bonafide,0,librispeech,bonafide_libri_dev-other,libri_8288,8288-274150-0008,libri_8288,16000,
data/external/LibriSpeech/dev-other/8288/274162/8288-274162-0000.flac,bonafide,0,librispeech,bonafide_libri_dev-other,libri_8288,8288-274162-0000,libri_8288,16000,
data/external/LibriSpeech/dev-other/8288/274162/8288-274162-0001.flac,bonafide,0,librispeech,bonafide_libri_dev-other,libri_8288,8288-274162-0001,libri_8288,16000,
data/external/LibriSpeech/dev-other/8288/274162/8288-274162-0002.flac,bonafide,0,librispeech,bonafide_libri_dev-other,libri_8288,8288-274162-0002,libri_8288,16000,
data/external/LibriSpeech/dev-other/8288/274162/8288-274162-0003.flac,bonafide,0,librispeech,bonafide_libri_dev-other,libri_8288,8288-274162-0003,libri_8288,16000,
data/external/LibriSpeech/dev-other/8288/274162/8288-274162-0004.flac,bonafide,0,librispeech,bonafide_libri_dev-other,libri_8288,8288-274162-0004,libri_8288,16000,
data/external/LibriSpeech/dev-other/8288/274162/8288-274162-0005.flac,bonafide,0,librispeech,bonafide_libri_dev-other,libri_8288,8288-274162-0005,libri_8288,16000,
data/external/LibriSpeech/dev-other/8288/274162/8288-274162-0006.flac,bonafide,0,librispeech,bonafide_libri_dev-other,libri_8288,8288-274162-0006,libri_8288,16000,
data/external/LibriSpeech/dev-other/8288/274162/8288-274162-0007.flac,bonafide,0,librispeech,bonafide_libri_dev-other,libri_8288,8288-274162-0007,libri_8288,16000,
data/external/LibriSpeech/dev-other/8288/274162/8288-274162-0008.flac,bonafide,0,librispeech,bonafide_libri_dev-other,libri_8288,8288-274162-0008,libri_8288,16000,
data/external/LibriSpeech/dev-other/8288/274162/8288-274162-0009.flac,bonafide,0,librispeech,bonafide_libri_dev-other,libri_8288,8288-274162-0009,libri_8288,16000,
data/external/LibriSpeech/dev-other/8288/274162/8288-274162-0010.flac,bonafide,0,librispeech,bonafide_libri_dev-other,libri_8288,8288-274162-0010,libri_8288,16000,
data/external/LibriSpeech/dev-other/8288/274162/8288-274162-0011.flac,bonafide,0,librispeech,bonafide_libri_dev-other,libri_8288,8288-274162-0011,libri_8288,16000,
data/external/LibriSpeech/dev-other/8288/274162/8288-274162-0012.flac,bonafide,0,librispeech,bonafide_libri_dev-other,libri_8288,8288-274162-0012,libri_8288,16000,
data/external/LibriSpeech/dev-other/8288/274162/8288-274162-0013.flac,bonafide,0,librispeech,bonafide_libri_dev-other,libri_8288,8288-274162-0013,libri_8288,16000,
data/external/LibriSpeech/dev-other/8288/274162/8288-274162-0014.flac,bonafide,0,librispeech,bonafide_libri_dev-other,libri_8288,8288-274162-0014,libri_8288,16000,
data/external/LibriSpeech/dev-other/8288/274162/8288-274162-0015.flac,bonafide,0,librispeech,bonafide_libri_dev-other,libri_8288,8288-274162-0015,libri_8288,16000,
data/external/LibriSpeech/dev-other/8288/274162/8288-274162-0016.flac,bonafide,0,librispeech,bonafide_libri_dev-other,libri_8288,8288-274162-0016,libri_8288,16000,
data/external/LibriSpeech/dev-other/8288/274162/8288-274162-0017.flac,bonafide,0,librispeech,bonafide_libri_dev-other,libri_8288,8288-274162-0017,libri_8288,16000,
data/external/LibriSpeech/dev-other/8288/274162/8288-274162-0018.flac,bonafide,0,librispeech,bonafide_libri_dev-other,libri_8288,8288-274162-0018,libri_8288,16000,
data/external/LibriSpeech/dev-other/8288/274162/8288-274162-0019.flac,bonafide,0,librispeech,bonafide_libri_dev-other,libri_8288,8288-274162-0019,libri_8288,16000,
data/external/LibriSpeech/dev-other/8288/274162/8288-274162-0020.flac,bonafide,0,librispeech,bonafide_libri_dev-other,libri_8288,8288-274162-0020,libri_8288,16000,
data/external/LibriSpeech/dev-other/8288/274162/8288-274162-0021.flac,bonafide,0,librispeech,bonafide_libri_dev-other,libri_8288,8288-274162-0021,libri_8288,16000,
data/external/LibriSpeech/dev-other/8288/274162/8288-274162-0022.flac,bonafide,0,librispeech,bonafide_libri_dev-other,libri_8288,8288-274162-0022,libri_8288,16000,
data/external/LibriSpeech/dev-other/8288/274162/8288-274162-0023.flac,bonafide,0,librispeech,bonafide_libri_dev-other,libri_8288,8288-274162-0023,libri_8288,16000,
data/external/LibriSpeech/dev-other/8288/274162/8288-274162-0024.flac,bonafide,0,librispeech,bonafide_libri_dev-other,libri_8288,8288-274162-0024,libri_8288,16000,
data/external/LibriSpeech/dev-other/8288/274162/8288-274162-0025.flac,bonafide,0,librispeech,bonafide_libri_dev-other,libri_8288,8288-274162-0025,libri_8288,16000,
data/external/LibriSpeech/dev-other/8288/274162/8288-274162-0026.flac,bonafide,0,librispeech,bonafide_libri_dev-other,libri_8288,8288-274162-0026,libri_8288,16000,
data/external/LibriSpeech/dev-other/8288/274162/8288-274162-0027.flac,bonafide,0,librispeech,bonafide_libri_dev-other,libri_8288,8288-274162-0027,libri_8288,16000,
data/external/LibriSpeech/dev-other/8288/274162/8288-274162-0028.flac,bonafide,0,librispeech,bonafide_libri_dev-other,libri_8288,8288-274162-0028,libri_8288,16000,
data/external/LibriSpeech/dev-other/8288/274162/8288-274162-0029.flac,bonafide,0,librispeech,bonafide_libri_dev-other,libri_8288,8288-274162-0029,libri_8288,16000,
data/external/LibriSpeech/dev-other/8288/274162/8288-274162-0030.flac,bonafide,0,librispeech,bonafide_libri_dev-other,libri_8288,8288-274162-0030,libri_8288,16000,
data/external/LibriSpeech/dev-other/8288/274162/8288-274162-0031.flac,bonafide,0,librispeech,bonafide_libri_dev-other,libri_8288,8288-274162-0031,libri_8288,16000,
data/external/LibriSpeech/dev-other/8288/274162/8288-274162-0032.flac,bonafide,0,librispeech,bonafide_libri_dev-other,libri_8288,8288-274162-0032,libri_8288,16000,
data/external/LibriSpeech/dev-other/8288/274162/8288-274162-0033.flac,bonafide,0,librispeech,bonafide_libri_dev-other,libri_8288,8288-274162-0033,libri_8288,16000,
data/external/LibriSpeech/dev-other/8288/274162/8288-274162-0034.flac,bonafide,0,librispeech,bonafide_libri_dev-other,libri_8288,8288-274162-0034,libri_8288,16000,
data/external/LibriSpeech/dev-other/8288/274162/8288-274162-0035.flac,bonafide,0,librispeech,bonafide_libri_dev-other,libri_8288,8288-274162-0035,libri_8288,16000,
data/external/LibriSpeech/dev-other/8288/274162/8288-274162-0036.flac,bonafide,0,librispeech,bonafide_libri_dev-other,libri_8288,8288-274162-0036,libri_8288,16000,
data/external/LibriSpeech/dev-other/8288/274162/8288-274162-0037.flac,bonafide,0,librispeech,bonafide_libri_dev-other,libri_8288,8288-274162-0037,libri_8288,16000,
data/external/LibriSpeech/dev-other/8288/274162/8288-274162-0038.flac,bonafide,0,librispeech,bonafide_libri_dev-other,libri_8288,8288-274162-0038,libri_8288,16000,
data/external/LibriSpeech/dev-other/8288/274162/8288-274162-0039.flac,bonafide,0,librispeech,bonafide_libri_dev-other,libri_8288,8288-274162-0039,libri_8288,16000,
data/external/LibriSpeech/dev-other/8288/274162/8288-274162-0040.flac,bonafide,0,librispeech,bonafide_libri_dev-other,libri_8288,8288-274162-0040,libri_8288,16000,
data/external/LibriSpeech/dev-other/8288/274162/8288-274162-0041.flac,bonafide,0,librispeech,bonafide_libri_dev-other,libri_8288,8288-274162-0041,libri_8288,16000,
data/external/LibriSpeech/dev-other/8288/274162/8288-274162-0042.flac,bonafide,0,librispeech,bonafide_libri_dev-other,libri_8288,8288-274162-0042,libri_8288,16000,
data/external/LibriSpeech/dev-other/8288/274162/8288-274162-0043.flac,bonafide,0,librispeech,bonafide_libri_dev-other,libri_8288,8288-274162-0043,libri_8288,16000,
data/external/LibriSpeech/dev-other/8288/274162/8288-274162-0044.flac,bonafide,0,librispeech,bonafide_libri_dev-other,libri_8288,8288-274162-0044,libri_8288,16000,
data/external/LibriSpeech/dev-other/8288/274162/8288-274162-0045.flac,bonafide,0,librispeech,bonafide_libri_dev-other,libri_8288,8288-274162-0045,libri_8288,16000,
data/external/LibriSpeech/dev-other/8288/274162/8288-274162-0046.flac,bonafide,0,librispeech,bonafide_libri_dev-other,libri_8288,8288-274162-0046,libri_8288,16000,
data/external/LibriSpeech/dev-other/8288/274162/8288-274162-0047.flac,bonafide,0,librispeech,bonafide_libri_dev-other,libri_8288,8288-274162-0047,libri_8288,16000,
data/external/LibriSpeech/dev-other/8288/274162/8288-274162-0048.flac,bonafide,0,librispeech,bonafide_libri_dev-other,libri_8288,8288-274162-0048,libri_8288,16000,
data/external/LibriSpeech/dev-other/8288/274162/8288-274162-0049.flac,bonafide,0,librispeech,bonafide_libri_dev-other,libri_8288,8288-274162-0049,libri_8288,16000,
data/external/LibriSpeech/dev-other/8288/274162/8288-274162-0050.flac,bonafide,0,librispeech,bonafide_libri_dev-other,libri_8288,8288-274162-0050,libri_8288,16000,
data/external/LibriSpeech/dev-other/8288/274162/8288-274162-0051.flac,bonafide,0,librispeech,bonafide_libri_dev-other,libri_8288,8288-274162-0051,libri_8288,16000,
data/external/LibriSpeech/dev-other/8288/274162/8288-274162-0052.flac,bonafide,0,librispeech,bonafide_libri_dev-other,libri_8288,8288-274162-0052,libri_8288,16000,
data/external/LibriSpeech/dev-other/8288/274162/8288-274162-0053.flac,bonafide,0,librispeech,bonafide_libri_dev-other,libri_8288,8288-274162-0053,libri_8288,16000,
data/external/LibriSpeech/dev-other/8288/274162/8288-274162-0054.flac,bonafide,0,librispeech,bonafide_libri_dev-other,libri_8288,8288-274162-0054,libri_8288,16000,
data/external/LibriSpeech/dev-other/8288/274162/8288-274162-0055.flac,bonafide,0,librispeech,bonafide_libri_dev-other,libri_8288,8288-274162-0055,libri_8288,16000,
data/external/LibriSpeech/dev-other/8288/274162/8288-274162-0056.flac,bonafide,0,librispeech,bonafide_libri_dev-other,libri_8288,8288-274162-0056,libri_8288,16000,
data/external/LibriSpeech/dev-other/8288/274162/8288-274162-0057.flac,bonafide,0,librispeech,bonafide_libri_dev-other,libri_8288,8288-274162-0057,libri_8288,16000,
data/external/LibriSpeech/dev-other/8288/274162/8288-274162-0058.flac,bonafide,0,librispeech,bonafide_libri_dev-other,libri_8288,8288-274162-0058,libri_8288,16000,
data/external/LibriSpeech/dev-other/8288/274162/8288-274162-0059.flac,bonafide,0,librispeech,bonafide_libri_dev-other,libri_8288,8288-274162-0059,libri_8288,16000,
data/external/LibriSpeech/dev-other/8288/274162/8288-274162-0060.flac,bonafide,0,librispeech,bonafide_libri_dev-other,libri_8288,8288-274162-0060,libri_8288,16000,
data/external/LibriSpeech/dev-other/8288/274162/8288-274162-0061.flac,bonafide,0,librispeech,bonafide_libri_dev-other,libri_8288,8288-274162-0061,libri_8288,16000,
data/external/LibriSpeech/dev-other/8288/274162/8288-274162-0062.flac,bonafide,0,librispeech,bonafide_libri_dev-other,libri_8288,8288-274162-0062,libri_8288,16000,
data/external/LibriSpeech/dev-other/8288/274162/8288-274162-0063.flac,bonafide,0,librispeech,bonafide_libri_dev-other,libri_8288,8288-274162-0063,libri_8288,16000,
data/external/LibriSpeech/dev-other/8288/274162/8288-274162-0064.flac,bonafide,0,librispeech,bonafide_libri_dev-other,libri_8288,8288-274162-0064,libri_8288,16000,
data/external/LibriSpeech/dev-other/8288/274162/8288-274162-0065.flac,bonafide,0,librispeech,bonafide_libri_dev-other,libri_8288,8288-274162-0065,libri_8288,16000,
data/external/LibriSpeech/dev-other/8288/274162/8288-274162-0066.flac,bonafide,0,librispeech,bonafide_libri_dev-other,libri_8288,8288-274162-0066,libri_8288,16000,
data/external/LibriSpeech/test-other/1688/142285/1688-142285-0000.flac,bonafide,0,librispeech,bonafide_libri_test-other,libri_1688,1688-142285-0000,libri_1688,16000,
data/external/LibriSpeech/test-other/1688/142285/1688-142285-0001.flac,bonafide,0,librispeech,bonafide_libri_test-other,libri_1688,1688-142285-0001,libri_1688,16000,
data/external/LibriSpeech/test-other/1688/142285/1688-142285-0002.flac,bonafide,0,librispeech,bonafide_libri_test-other,libri_1688,1688-142285-0002,libri_1688,16000,
data/external/LibriSpeech/test-other/1688/142285/1688-142285-0003.flac,bonafide,0,librispeech,bonafide_libri_test-other,libri_1688,1688-142285-0003,libri_1688,16000,
data/external/LibriSpeech/test-other/1688/142285/1688-142285-0004.flac,bonafide,0,librispeech,bonafide_libri_test-other,libri_1688,1688-142285-0004,libri_1688,16000,
data/external/LibriSpeech/test-other/1688/142285/1688-142285-0005.flac,bonafide,0,librispeech,bonafide_libri_test-other,libri_1688,1688-142285-0005,libri_1688,16000,
data/external/LibriSpeech/test-other/1688/142285/1688-142285-0006.flac,bonafide,0,librispeech,bonafide_libri_test-other,libri_1688,1688-142285-0006,libri_1688,16000,
data/external/LibriSpeech/test-other/1688/142285/1688-142285-0007.flac,bonafide,0,librispeech,bonafide_libri_test-other,libri_1688,1688-142285-0007,libri_1688,16000,
data/external/LibriSpeech/test-other/1688/142285/1688-142285-0008.flac,bonafide,0,librispeech,bonafide_libri_test-other,libri_1688,1688-142285-0008,libri_1688,16000,
data/external/LibriSpeech/test-other/1688/142285/1688-142285-0009.flac,bonafide,0,librispeech,bonafide_libri_test-other,libri_1688,1688-142285-0009,libri_1688,16000,
data/external/LibriSpeech/test-other/1688/142285/1688-142285-0010.flac,bonafide,0,librispeech,bonafide_libri_test-other,libri_1688,1688-142285-0010,libri_1688,16000,
data/external/LibriSpeech/test-other/1688/142285/1688-142285-0011.flac,bonafide,0,librispeech,bonafide_libri_test-other,libri_1688,1688-142285-0011,libri_1688,16000,
data/external/LibriSpeech/test-other/1688/142285/1688-142285-0012.flac,bonafide,0,librispeech,bonafide_libri_test-other,libri_1688,1688-142285-0012,libri_1688,16000,
data/external/LibriSpeech/test-other/1688/142285/1688-142285-0013.flac,bonafide,0,librispeech,bonafide_libri_test-other,libri_1688,1688-142285-0013,libri_1688,16000,
data/external/LibriSpeech/test-other/1688/142285/1688-142285-0014.flac,bonafide,0,librispeech,bonafide_libri_test-other,libri_1688,1688-142285-0014,libri_1688,16000,
data/external/LibriSpeech/test-other/1688/142285/1688-142285-0015.flac,bonafide,0,librispeech,bonafide_libri_test-other,libri_1688,1688-142285-0015,libri_1688,16000,
data/external/LibriSpeech/test-other/1688/142285/1688-142285-0016.flac,bonafide,0,librispeech,bonafide_libri_test-other,libri_1688,1688-142285-0016,libri_1688,16000,
data/external/LibriSpeech/test-other/1688/142285/1688-142285-0017.flac,bonafide,0,librispeech,bonafide_libri_test-other,libri_1688,1688-142285-0017,libri_1688,16000,
data/external/LibriSpeech/test-other/1688/142285/1688-142285-0018.flac,bonafide,0,librispeech,bonafide_libri_test-other,libri_1688,1688-142285-0018,libri_1688,16000,
data/external/LibriSpeech/test-other/1688/142285/1688-142285-0019.flac,bonafide,0,librispeech,bonafide_libri_test-other,libri_1688,1688-142285-0019,libri_1688,16000,
data/external/LibriSpeech/test-other/1688/142285/1688-142285-0020.flac,bonafide,0,librispeech,bonafide_libri_test-other,libri_1688,1688-142285-0020,libri_1688,16000,
data/external/LibriSpeech/test-other/1688/142285/1688-142285-0021.flac,bonafide,0,librispeech,bonafide_libri_test-other,libri_1688,1688-142285-0021,libri_1688,16000,
data/external/LibriSpeech/test-other/1688/142285/1688-142285-0022.flac,bonafide,0,librispeech,bonafide_libri_test-other,libri_1688,1688-142285-0022,libri_1688,16000,
data/external/LibriSpeech/test-other/1688/142285/1688-142285-0023.flac,bonafide,0,librispeech,bonafide_libri_test-other,libri_1688,1688-142285-0023,libri_1688,16000,
data/external/LibriSpeech/test-other/1688/142285/1688-142285-0024.flac,bonafide,0,librispeech,bonafide_libri_test-other,libri_1688,1688-142285-0024,libri_1688,16000,
data/external/LibriSpeech/test-other/1688/142285/1688-142285-0025.flac,bonafide,0,librispeech,bonafide_libri_test-other,libri_1688,1688-142285-0025,libri_1688,16000,
data/external/LibriSpeech/test-other/1688/142285/1688-142285-0026.flac,bonafide,0,librispeech,bonafide_libri_test-other,libri_1688,1688-142285-0026,libri_1688,16000,
data/external/LibriSpeech/test-other/1688/142285/1688-142285-0027.flac,bonafide,0,librispeech,bonafide_libri_test-other,libri_1688,1688-142285-0027,libri_1688,16000,
data/external/LibriSpeech/test-other/1688/142285/1688-142285-0028.flac,bonafide,0,librispeech,bonafide_libri_test-other,libri_1688,1688-142285-0028,libri_1688,16000,
data/external/LibriSpeech/test-other/1688/142285/1688-142285-0029.flac,bonafide,0,librispeech,bonafide_libri_test-other,libri_1688,1688-142285-0029,libri_1688,16000,
data/external/LibriSpeech/test-other/1688/142285/1688-142285-0030.flac,bonafide,0,librispeech,bonafide_libri_test-other,libri_1688,1688-142285-0030,libri_1688,16000,
data/external/LibriSpeech/test-other/1688/142285/1688-142285-0031.flac,bonafide,0,librispeech,bonafide_libri_test-other,libri_1688,1688-142285-0031,libri_1688,16000,
data/external/LibriSpeech/test-other/1688/142285/1688-142285-0032.flac,bonafide,0,librispeech,bonafide_libri_test-other,libri_1688,1688-142285-0032,libri_1688,16000,
data/external/LibriSpeech/test-other/1688/142285/1688-142285-0033.flac,bonafide,0,librispeech,bonafide_libri_test-other,libri_1688,1688-142285-0033,libri_1688,16000,
data/external/LibriSpeech/test-other/1688/142285/1688-142285-0034.flac,bonafide,0,librispeech,bonafide_libri_test-other,libri_1688,1688-142285-0034,libri_1688,16000,
data/external/LibriSpeech/test-other/1688/142285/1688-142285-0035.flac,bonafide,0,librispeech,bonafide_libri_test-other,libri_1688,1688-142285-0035,libri_1688,16000,
data/external/LibriSpeech/test-other/1688/142285/1688-142285-0036.flac,bonafide,0,librispeech,bonafide_libri_test-other,libri_1688,1688-142285-0036,libri_1688,16000,
data/external/LibriSpeech/test-other/1688/142285/1688-142285-0037.flac,bonafide,0,librispeech,bonafide_libri_test-other,libri_1688,1688-142285-0037,libri_1688,16000,
data/external/LibriSpeech/test-other/1688/142285/1688-142285-0038.flac,bonafide,0,librispeech,bonafide_libri_test-other,libri_1688,1688-142285-0038,libri_1688,16000,
data/external/LibriSpeech/test-other/1688/142285/1688-142285-0039.flac,bonafide,0,librispeech,bonafide_libri_test-other,libri_1688,1688-142285-0039,libri_1688,16000,
data/external/LibriSpeech/test-other/1688/142285/1688-142285-0040.flac,bonafide,0,librispeech,bonafide_libri_test-other,libri_1688,1688-142285-0040,libri_1688,16000,
data/external/LibriSpeech/test-other/1688/142285/1688-142285-0041.flac,bonafide,0,librispeech,bonafide_libri_test-other,libri_1688,1688-142285-0041,libri_1688,16000,
data/external/LibriSpeech/test-other/1688/142285/1688-142285-0042.flac,bonafide,0,librispeech,bonafide_libri_test-other,libri_1688,1688-142285-0042,libri_1688,16000,
data/external/LibriSpeech/test-other/1688/142285/1688-142285-0043.flac,bonafide,0,librispeech,bonafide_libri_test-other,libri_1688,1688-142285-0043,libri_1688,16000,
data/external/LibriSpeech/test-other/1688/142285/1688-142285-0044.flac,bonafide,0,librispeech,bonafide_libri_test-other,libri_1688,1688-142285-0044,libri_1688,16000,
data/external/LibriSpeech/test-other/1688/142285/1688-142285-0045.flac,bonafide,0,librispeech,bonafide_libri_test-other,libri_1688,1688-142285-0045,libri_1688,16000,
data/external/LibriSpeech/test-other/1688/142285/1688-142285-0046.flac,bonafide,0,librispeech,bonafide_libri_test-other,libri_1688,1688-142285-0046,libri_1688,16000,
data/external/LibriSpeech/test-other/1688/142285/1688-142285-0047.flac,bonafide,0,librispeech,bonafide_libri_test-other,libri_1688,1688-142285-0047,libri_1688,16000,
data/external/LibriSpeech/test-other/1688/142285/1688-142285-0048.flac,bonafide,0,librispeech,bonafide_libri_test-other,libri_1688,1688-142285-0048,libri_1688,16000,
data/external/LibriSpeech/test-other/1688/142285/1688-142285-0049.flac,bonafide,0,librispeech,bonafide_libri_test-other,libri_1688,1688-142285-0049,libri_1688,16000,
data/external/LibriSpeech/test-other/1688/142285/1688-142285-0050.flac,bonafide,0,librispeech,bonafide_libri_test-other,libri_1688,1688-142285-0050,libri_1688,16000,
data/external/LibriSpeech/test-other/1688/142285/1688-142285-0051.flac,bonafide,0,librispeech,bonafide_libri_test-other,libri_1688,1688-142285-0051,libri_1688,16000,
data/external/LibriSpeech/test-other/1688/142285/1688-142285-0052.flac,bonafide,0,librispeech,bonafide_libri_test-other,libri_1688,1688-142285-0052,libri_1688,16000,
data/external/LibriSpeech/test-other/1688/142285/1688-142285-0053.flac,bonafide,0,librispeech,bonafide_libri_test-other,libri_1688,1688-142285-0053,libri_1688,16000,
data/external/LibriSpeech/test-other/1688/142285/1688-142285-0054.flac,bonafide,0,librispeech,bonafide_libri_test-other,libri_1688,1688-142285-0054,libri_1688,16000,
data/external/LibriSpeech/test-other/1688/142285/1688-142285-0055.flac,bonafide,0,librispeech,bonafide_libri_test-other,libri_1688,1688-142285-0055,libri_1688,16000,
data/external/LibriSpeech/test-other/1688/142285/1688-142285-0056.flac,bonafide,0,librispeech,bonafide_libri_test-other,libri_1688,1688-142285-0056,libri_1688,16000,
data/external/LibriSpeech/test-other/1688/142285/1688-142285-0057.flac,bonafide,0,librispeech,bonafide_libri_test-other,libri_1688,1688-142285-0057,libri_1688,16000,
data/external/LibriSpeech/test-other/1688/142285/1688-142285-0058.flac,bonafide,0,librispeech,bonafide_libri_test-other,libri_1688,1688-142285-0058,libri_1688,16000,
data/external/LibriSpeech/test-other/1688/142285/1688-142285-0059.flac,bonafide,0,librispeech,bonafide_libri_test-other,libri_1688,1688-142285-0059,libri_1688,16000,
data/external/LibriSpeech/test-other/1688/142285/1688-142285-0060.flac,bonafide,0,librispeech,bonafide_libri_test-other,libri_1688,1688-142285-0060,libri_1688,16000,
data/external/LibriSpeech/test-other/1688/142285/1688-142285-0061.flac,bonafide,0,librispeech,bonafide_libri_test-other,libri_1688,1688-142285-0061,libri_1688,16000,
data/external/LibriSpeech/test-other/1688/142285/1688-142285-0062.flac,bonafide,0,librispeech,bonafide_libri_test-other,libri_1688,1688-142285-0062,libri_1688,16000,
data/external/LibriSpeech/test-other/1688/142285/1688-142285-0063.flac,bonafide,0,librispeech,bonafide_libri_test-other,libri_1688,1688-142285-0063,libri_1688,16000,
data/external/LibriSpeech/test-other/1688/142285/1688-142285-0064.flac,bonafide,0,librispeech,bonafide_libri_test-other,libri_1688,1688-142285-0064,libri_1688,16000,
data/external/LibriSpeech/test-other/1688/142285/1688-142285-0065.flac,bonafide,0,librispeech,bonafide_libri_test-other,libri_1688,1688-142285-0065,libri_1688,16000,
data/external/LibriSpeech/test-other/1688/142285/1688-142285-0066.flac,bonafide,0,librispeech,bonafide_libri_test-other,libri_1688,1688-142285-0066,libri_1688,16000,
data/external/LibriSpeech/test-other/1688/142285/1688-142285-0067.flac,bonafide,0,librispeech,bonafide_libri_test-other,libri_1688,1688-142285-0067,libri_1688,16000,
data/external/LibriSpeech/test-other/1688/142285/1688-142285-0068.flac,bonafide,0,librispeech,bonafide_libri_test-other,libri_1688,1688-142285-0068,libri_1688,16000,
data/external/LibriSpeech/test-other/1688/142285/1688-142285-0069.flac,bonafide,0,librispeech,bonafide_libri_test-other,libri_1688,1688-142285-0069,libri_1688,16000,
data/external/LibriSpeech/test-other/1688/142285/1688-142285-0070.flac,bonafide,0,librispeech,bonafide_libri_test-other,libri_1688,1688-142285-0070,libri_1688,16000,
data/external/LibriSpeech/test-other/1688/142285/1688-142285-0071.flac,bonafide,0,librispeech,bonafide_libri_test-other,libri_1688,1688-142285-0071,libri_1688,16000,
data/external/LibriSpeech/test-other/1688/142285/1688-142285-0072.flac,bonafide,0,librispeech,bonafide_libri_test-other,libri_1688,1688-142285-0072,libri_1688,16000,
data/external/LibriSpeech/test-other/1688/142285/1688-142285-0073.flac,bonafide,0,librispeech,bonafide_libri_test-other,libri_1688,1688-142285-0073,libri_1688,16000,
data/external/LibriSpeech/test-other/1688/142285/1688-142285-0074.flac,bonafide,0,librispeech,bonafide_libri_test-other,libri_1688,1688-142285-0074,libri_1688,16000,
data/external/LibriSpeech/test-other/1688/142285/1688-142285-0075.flac,bonafide,0,librispeech,bonafide_libri_test-other,libri_1688,1688-142285-0075,libri_1688,16000,
data/external/LibriSpeech/test-other/1688/142285/1688-142285-0076.flac,bonafide,0,librispeech,bonafide_libri_test-other,libri_1688,1688-142285-0076,libri_1688,16000,
data/external/LibriSpeech/test-other/1688/142285/1688-142285-0077.flac,bonafide,0,librispeech,bonafide_libri_test-other,libri_1688,1688-142285-0077,libri_1688,16000,
data/external/LibriSpeech/test-other/1688/142285/1688-142285-0078.flac,bonafide,0,librispeech,bonafide_libri_test-other,libri_1688,1688-142285-0078,libri_1688,16000,
data/external/LibriSpeech/test-other/1688/142285/1688-142285-0079.flac,bonafide,0,librispeech,bonafide_libri_test-other,libri_1688,1688-142285-0079,libri_1688,16000,
data/external/LibriSpeech/test-other/1688/142285/1688-142285-0080.flac,bonafide,0,librispeech,bonafide_libri_test-other,libri_1688,1688-142285-0080,libri_1688,16000,
data/external/LibriSpeech/test-other/1688/142285/1688-142285-0081.flac,bonafide,0,librispeech,bonafide_libri_test-other,libri_1688,1688-142285-0081,libri_1688,16000,
data/external/LibriSpeech/test-other/1688/142285/1688-142285-0082.flac,bonafide,0,librispeech,bonafide_libri_test-other,libri_1688,1688-142285-0082,libri_1688,16000,
data/external/LibriSpeech/test-other/1688/142285/1688-142285-0083.flac,bonafide,0,librispeech,bonafide_libri_test-other,libri_1688,1688-142285-0083,libri_1688,16000,
data/external/LibriSpeech/test-other/1688/142285/1688-142285-0084.flac,bonafide,0,librispeech,bonafide_libri_test-other,libri_1688,1688-142285-0084,libri_1688,16000,
data/external/LibriSpeech/test-other/1688/142285/1688-142285-0085.flac,bonafide,0,librispeech,bonafide_libri_test-other,libri_1688,1688-142285-0085,libri_1688,16000,
data/external/LibriSpeech/test-other/1688/142285/1688-142285-0086.flac,bonafide,0,librispeech,bonafide_libri_test-other,libri_1688,1688-142285-0086,libri_1688,16000,
data/external/LibriSpeech/test-other/1688/142285/1688-142285-0087.flac,bonafide,0,librispeech,bonafide_libri_test-other,libri_1688,1688-142285-0087,libri_1688,16000,
data/external/LibriSpeech/test-other/1688/142285/1688-142285-0088.flac,bonafide,0,librispeech,bonafide_libri_test-other,libri_1688,1688-142285-0088,libri_1688,16000,
data/external/LibriSpeech/test-other/1688/142285/1688-142285-0089.flac,bonafide,0,librispeech,bonafide_libri_test-other,libri_1688,1688-142285-0089,libri_1688,16000,
data/external/LibriSpeech/test-other/1688/142285/1688-142285-0090.flac,bonafide,0,librispeech,bonafide_libri_test-other,libri_1688,1688-142285-0090,libri_1688,16000,
data/external/LibriSpeech/test-other/1688/142285/1688-142285-0091.flac,bonafide,0,librispeech,bonafide_libri_test-other,libri_1688,1688-142285-0091,libri_1688,16000,
data/external/LibriSpeech/test-other/1688/142285/1688-142285-0092.flac,bonafide,0,librispeech,bonafide_libri_test-other,libri_1688,1688-142285-0092,libri_1688,16000,
data/external/LibriSpeech/test-other/1688/142285/1688-142285-0093.flac,bonafide,0,librispeech,bonafide_libri_test-other,libri_1688,1688-142285-0093,libri_1688,16000,
data/external/LibriSpeech/test-other/1688/142285/1688-142285-0094.flac,bonafide,0,librispeech,bonafide_libri_test-other,libri_1688,1688-142285-0094,libri_1688,16000,
data/external/LibriSpeech/test-other/1688/142285/1688-142285-0095.flac,bonafide,0,librispeech,bonafide_libri_test-other,libri_1688,1688-142285-0095,libri_1688,16000,
data/external/LibriSpeech/test-other/1998/15444/1998-15444-0000.flac,bonafide,0,librispeech,bonafide_libri_test-other,libri_1998,1998-15444-0000,libri_1998,16000,
data/external/LibriSpeech/test-other/1998/15444/1998-15444-0001.flac,bonafide,0,librispeech,bonafide_libri_test-other,libri_1998,1998-15444-0001,libri_1998,16000,
data/external/LibriSpeech/test-other/1998/15444/1998-15444-0002.flac,bonafide,0,librispeech,bonafide_libri_test-other,libri_1998,1998-15444-0002,libri_1998,16000,
data/external/LibriSpeech/test-other/1998/15444/1998-15444-0003.flac,bonafide,0,librispeech,bonafide_libri_test-other,libri_1998,1998-15444-0003,libri_1998,16000,
data/external/LibriSpeech/test-other/1998/15444/1998-15444-0004.flac,bonafide,0,librispeech,bonafide_libri_test-other,libri_1998,1998-15444-0004,libri_1998,16000,
data/external/LibriSpeech/test-other/1998/15444/1998-15444-0005.flac,bonafide,0,librispeech,bonafide_libri_test-other,libri_1998,1998-15444-0005,libri_1998,16000,
data/external/LibriSpeech/test-other/1998/15444/1998-15444-0006.flac,bonafide,0,librispeech,bonafide_libri_test-other,libri_1998,1998-15444-0006,libri_1998,16000,
data/external/LibriSpeech/test-other/1998/15444/1998-15444-0007.flac,bonafide,0,librispeech,bonafide_libri_test-other,libri_1998,1998-15444-0007,libri_1998,16000,
data/external/LibriSpeech/test-other/1998/15444/1998-15444-0008.flac,bonafide,0,librispeech,bonafide_libri_test-other,libri_1998,1998-15444-0008,libri_1998,16000,
data/external/LibriSpeech/test-other/1998/15444/1998-15444-0009.flac,bonafide,0,librispeech,bonafide_libri_test-other,libri_1998,1998-15444-0009,libri_1998,16000,
data/external/LibriSpeech/test-other/1998/15444/1998-15444-0010.flac,bonafide,0,librispeech,bonafide_libri_test-other,libri_1998,1998-15444-0010,libri_1998,16000,
data/external/LibriSpeech/test-other/1998/15444/1998-15444-0011.flac,bonafide,0,librispeech,bonafide_libri_test-other,libri_1998,1998-15444-0011,libri_1998,16000,
data/external/LibriSpeech/test-other/1998/15444/1998-15444-0012.flac,bonafide,0,librispeech,bonafide_libri_test-other,libri_1998,1998-15444-0012,libri_1998,16000,
data/external/LibriSpeech/test-other/1998/15444/1998-15444-0013.flac,bonafide,0,librispeech,bonafide_libri_test-other,libri_1998,1998-15444-0013,libri_1998,16000,
data/external/LibriSpeech/test-other/1998/15444/1998-15444-0014.flac,bonafide,0,librispeech,bonafide_libri_test-other,libri_1998,1998-15444-0014,libri_1998,16000,
data/external/LibriSpeech/test-other/1998/15444/1998-15444-0015.flac,bonafide,0,librispeech,bonafide_libri_test-other,libri_1998,1998-15444-0015,libri_1998,16000,
data/external/LibriSpeech/test-other/1998/15444/1998-15444-0016.flac,bonafide,0,librispeech,bonafide_libri_test-other,libri_1998,1998-15444-0016,libri_1998,16000,
data/external/LibriSpeech/test-other/1998/15444/1998-15444-0017.flac,bonafide,0,librispeech,bonafide_libri_test-other,libri_1998,1998-15444-0017,libri_1998,16000,
data/external/LibriSpeech/test-other/1998/15444/1998-15444-0018.flac,bonafide,0,librispeech,bonafide_libri_test-other,libri_1998,1998-15444-0018,libri_1998,16000,
data/external/LibriSpeech/test-other/1998/15444/1998-15444-0019.flac,bonafide,0,librispeech,bonafide_libri_test-other,libri_1998,1998-15444-0019,libri_1998,16000,
data/external/LibriSpeech/test-other/1998/15444/1998-15444-0020.flac,bonafide,0,librispeech,bonafide_libri_test-other,libri_1998,1998-15444-0020,libri_1998,16000,
data/external/LibriSpeech/test-other/1998/15444/1998-15444-0021.flac,bonafide,0,librispeech,bonafide_libri_test-other,libri_1998,1998-15444-0021,libri_1998,16000,
data/external/LibriSpeech/test-other/1998/15444/1998-15444-0022.flac,bonafide,0,librispeech,bonafide_libri_test-other,libri_1998,1998-15444-0022,libri_1998,16000,
data/external/LibriSpeech/test-other/1998/15444/1998-15444-0023.flac,bonafide,0,librispeech,bonafide_libri_test-other,libri_1998,1998-15444-0023,libri_1998,16000,
data/external/LibriSpeech/test-other/1998/15444/1998-15444-0024.flac,bonafide,0,librispeech,bonafide_libri_test-other,libri_1998,1998-15444-0024,libri_1998,16000,
data/external/LibriSpeech/test-other/1998/15444/1998-15444-0025.flac,bonafide,0,librispeech,bonafide_libri_test-other,libri_1998,1998-15444-0025,libri_1998,16000,
data/external/LibriSpeech/test-other/1998/15444/1998-15444-0026.flac,bonafide,0,librispeech,bonafide_libri_test-other,libri_1998,1998-15444-0026,libri_1998,16000,
data/external/LibriSpeech/test-other/1998/15444/1998-15444-0027.flac,bonafide,0,librispeech,bonafide_libri_test-other,libri_1998,1998-15444-0027,libri_1998,16000,
data/external/LibriSpeech/test-other/1998/29454/1998-29454-0000.flac,bonafide,0,librispeech,bonafide_libri_test-other,libri_1998,1998-29454-0000,libri_1998,16000,
data/external/LibriSpeech/test-other/1998/29454/1998-29454-0001.flac,bonafide,0,librispeech,bonafide_libri_test-other,libri_1998,1998-29454-0001,libri_1998,16000,
data/external/LibriSpeech/test-other/1998/29454/1998-29454-0002.flac,bonafide,0,librispeech,bonafide_libri_test-other,libri_1998,1998-29454-0002,libri_1998,16000,
data/external/LibriSpeech/test-other/1998/29454/1998-29454-0003.flac,bonafide,0,librispeech,bonafide_libri_test-other,libri_1998,1998-29454-0003,libri_1998,16000,
data/external/LibriSpeech/test-other/1998/29454/1998-29454-0004.flac,bonafide,0,librispeech,bonafide_libri_test-other,libri_1998,1998-29454-0004,libri_1998,16000,
data/external/LibriSpeech/test-other/1998/29454/1998-29454-0005.flac,bonafide,0,librispeech,bonafide_libri_test-other,libri_1998,1998-29454-0005,libri_1998,16000,
data/external/LibriSpeech/test-other/1998/29454/1998-29454-0006.flac,bonafide,0,librispeech,bonafide_libri_test-other,libri_1998,1998-29454-0006,libri_1998,16000,
data/external/LibriSpeech/test-other/1998/29454/1998-29454-0007.flac,bonafide,0,librispeech,bonafide_libri_test-other,libri_1998,1998-29454-0007,libri_1998,16000,
data/external/LibriSpeech/test-other/1998/29454/1998-29454-0008.flac,bonafide,0,librispeech,bonafide_libri_test-other,libri_1998,1998-29454-0008,libri_1998,16000,
data/external/LibriSpeech/test-other/1998/29454/1998-29454-0009.flac,bonafide,0,librispeech,bonafide_libri_test-other,libri_1998,1998-29454-0009,libri_1998,16000,
data/external/LibriSpeech/test-other/1998/29454/1998-29454-0010.flac,bonafide,0,librispeech,bonafide_libri_test-other,libri_1998,1998-29454-0010,libri_1998,16000,
data/external/LibriSpeech/test-other/1998/29454/1998-29454-0011.flac,bonafide,0,librispeech,bonafide_libri_test-other,libri_1998,1998-29454-0011,libri_1998,16000,
data/external/LibriSpeech/test-other/1998/29454/1998-29454-0012.flac,bonafide,0,librispeech,bonafide_libri_test-other,libri_1998,1998-29454-0012,libri_1998,16000,
data/external/LibriSpeech/test-other/1998/29454/1998-29454-0013.flac,bonafide,0,librispeech,bonafide_libri_test-other,libri_1998,1998-29454-0013,libri_1998,16000,
data/external/LibriSpeech/test-other/1998/29454/1998-29454-0014.flac,bonafide,0,librispeech,bonafide_libri_test-other,libri_1998,1998-29454-0014,libri_1998,16000,
data/external/LibriSpeech/test-other/1998/29454/1998-29454-0015.flac,bonafide,0,librispeech,bonafide_libri_test-other,libri_1998,1998-29454-0015,libri_1998,16000,
data/external/LibriSpeech/test-other/1998/29454/1998-29454-0016.flac,bonafide,0,librispeech,bonafide_libri_test-other,libri_1998,1998-29454-0016,libri_1998,16000,
data/external/LibriSpeech/test-other/1998/29454/1998-29454-0017.flac,bonafide,0,librispeech,bonafide_libri_test-other,libri_1998,1998-29454-0017,libri_1998,16000,
data/external/LibriSpeech/test-other/1998/29454/1998-29454-0018.flac,bonafide,0,librispeech,bonafide_libri_test-other,libri_1998,1998-29454-0018,libri_1998,16000,
data/external/LibriSpeech/test-other/1998/29454/1998-29454-0019.flac,bonafide,0,librispeech,bonafide_libri_test-other,libri_1998,1998-29454-0019,libri_1998,16000,
data/external/LibriSpeech/test-other/1998/29454/1998-29454-0020.flac,bonafide,0,librispeech,bonafide_libri_test-other,libri_1998,1998-29454-0020,libri_1998,16000,
data/external/LibriSpeech/test-other/1998/29454/1998-29454-0021.flac,bonafide,0,librispeech,bonafide_libri_test-other,libri_1998,1998-29454-0021,libri_1998,16000,
data/external/LibriSpeech/test-other/1998/29454/1998-29454-0022.flac,bonafide,0,librispeech,bonafide_libri_test-other,libri_1998,1998-29454-0022,libri_1998,16000,
data/external/LibriSpeech/test-other/1998/29454/1998-29454-0023.flac,bonafide,0,librispeech,bonafide_libri_test-other,libri_1998,1998-29454-0023,libri_1998,16000,
data/external/LibriSpeech/test-other/1998/29454/1998-29454-0024.flac,bonafide,0,librispeech,bonafide_libri_test-other,libri_1998,1998-29454-0024,libri_1998,16000,
data/external/LibriSpeech/test-other/1998/29454/1998-29454-0025.flac,bonafide,0,librispeech,bonafide_libri_test-other,libri_1998,1998-29454-0025,libri_1998,16000,
data/external/LibriSpeech/test-other/1998/29454/1998-29454-0026.flac,bonafide,0,librispeech,bonafide_libri_test-other,libri_1998,1998-29454-0026,libri_1998,16000,
data/external/LibriSpeech/test-other/1998/29454/1998-29454-0027.flac,bonafide,0,librispeech,bonafide_libri_test-other,libri_1998,1998-29454-0027,libri_1998,16000,
data/external/LibriSpeech/test-other/1998/29454/1998-29454-0028.flac,bonafide,0,librispeech,bonafide_libri_test-other,libri_1998,1998-29454-0028,libri_1998,16000,
data/external/LibriSpeech/test-other/1998/29454/1998-29454-0029.flac,bonafide,0,librispeech,bonafide_libri_test-other,libri_1998,1998-29454-0029,libri_1998,16000,
data/external/LibriSpeech/test-other/1998/29454/1998-29454-0030.flac,bonafide,0,librispeech,bonafide_libri_test-other,libri_1998,1998-29454-0030,libri_1998,16000,
data/external/LibriSpeech/test-other/1998/29454/1998-29454-0031.flac,bonafide,0,librispeech,bonafide_libri_test-other,libri_1998,1998-29454-0031,libri_1998,16000,
data/external/LibriSpeech/test-other/1998/29454/1998-29454-0032.flac,bonafide,0,librispeech,bonafide_libri_test-other,libri_1998,1998-29454-0032,libri_1998,16000,
data/external/LibriSpeech/test-other/1998/29454/1998-29454-0033.flac,bonafide,0,librispeech,bonafide_libri_test-other,libri_1998,1998-29454-0033,libri_1998,16000,
data/external/LibriSpeech/test-other/1998/29454/1998-29454-0034.flac,bonafide,0,librispeech,bonafide_libri_test-other,libri_1998,1998-29454-0034,libri_1998,16000,
data/external/LibriSpeech/test-other/1998/29454/1998-29454-0035.flac,bonafide,0,librispeech,bonafide_libri_test-other,libri_1998,1998-29454-0035,libri_1998,16000,
data/external/LibriSpeech/test-other/1998/29454/1998-29454-0036.flac,bonafide,0,librispeech,bonafide_libri_test-other,libri_1998,1998-29454-0036,libri_1998,16000,
data/external/LibriSpeech/test-other/1998/29454/1998-29454-0037.flac,bonafide,0,librispeech,bonafide_libri_test-other,libri_1998,1998-29454-0037,libri_1998,16000,
data/external/LibriSpeech/test-other/1998/29454/1998-29454-0038.flac,bonafide,0,librispeech,bonafide_libri_test-other,libri_1998,1998-29454-0038,libri_1998,16000,
data/external/LibriSpeech/test-other/1998/29454/1998-29454-0039.flac,bonafide,0,librispeech,bonafide_libri_test-other,libri_1998,1998-29454-0039,libri_1998,16000,
data/external/LibriSpeech/test-other/1998/29454/1998-29454-0040.flac,bonafide,0,librispeech,bonafide_libri_test-other,libri_1998,1998-29454-0040,libri_1998,16000,
data/external/LibriSpeech/test-other/1998/29454/1998-29454-0041.flac,bonafide,0,librispeech,bonafide_libri_test-other,libri_1998,1998-29454-0041,libri_1998,16000,
data/external/LibriSpeech/test-other/1998/29454/1998-29454-0042.flac,bonafide,0,librispeech,bonafide_libri_test-other,libri_1998,1998-29454-0042,libri_1998,16000,
data/external/LibriSpeech/test-other/1998/29454/1998-29454-0043.flac,bonafide,0,librispeech,bonafide_libri_test-other,libri_1998,1998-29454-0043,libri_1998,16000,
data/external/LibriSpeech/test-other/1998/29454/1998-29454-0044.flac,bonafide,0,librispeech,bonafide_libri_test-other,libri_1998,1998-29454-0044,libri_1998,16000,
data/external/LibriSpeech/test-other/1998/29454/1998-29454-0045.flac,bonafide,0,librispeech,bonafide_libri_test-other,libri_1998,1998-29454-0045,libri_1998,16000,
data/external/LibriSpeech/test-other/1998/29454/1998-29454-0046.flac,bonafide,0,librispeech,bonafide_libri_test-other,libri_1998,1998-29454-0046,libri_1998,16000,
data/external/LibriSpeech/test-other/1998/29455/1998-29455-0000.flac,bonafide,0,librispeech,bonafide_libri_test-other,libri_1998,1998-29455-0000,libri_1998,16000,
data/external/LibriSpeech/test-other/1998/29455/1998-29455-0001.flac,bonafide,0,librispeech,bonafide_libri_test-other,libri_1998,1998-29455-0001,libri_1998,16000,
data/external/LibriSpeech/test-other/1998/29455/1998-29455-0002.flac,bonafide,0,librispeech,bonafide_libri_test-other,libri_1998,1998-29455-0002,libri_1998,16000,
data/external/LibriSpeech/test-other/1998/29455/1998-29455-0003.flac,bonafide,0,librispeech,bonafide_libri_test-other,libri_1998,1998-29455-0003,libri_1998,16000,
data/external/LibriSpeech/test-other/1998/29455/1998-29455-0004.flac,bonafide,0,librispeech,bonafide_libri_test-other,libri_1998,1998-29455-0004,libri_1998,16000,
data/external/LibriSpeech/test-other/1998/29455/1998-29455-0005.flac,bonafide,0,librispeech,bonafide_libri_test-other,libri_1998,1998-29455-0005,libri_1998,16000,
data/external/LibriSpeech/test-other/1998/29455/1998-29455-0006.flac,bonafide,0,librispeech,bonafide_libri_test-other,libri_1998,1998-29455-0006,libri_1998,16000,
data/external/LibriSpeech/test-other/1998/29455/1998-29455-0007.flac,bonafide,0,librispeech,bonafide_libri_test-other,libri_1998,1998-29455-0007,libri_1998,16000,
data/external/LibriSpeech/test-other/1998/29455/1998-29455-0008.flac,bonafide,0,librispeech,bonafide_libri_test-other,libri_1998,1998-29455-0008,libri_1998,16000,
data/external/LibriSpeech/test-other/1998/29455/1998-29455-0009.flac,bonafide,0,librispeech,bonafide_libri_test-other,libri_1998,1998-29455-0009,libri_1998,16000,
data/external/LibriSpeech/test-other/1998/29455/1998-29455-0010.flac,bonafide,0,librispeech,bonafide_libri_test-other,libri_1998,1998-29455-0010,libri_1998,16000,
data/external/LibriSpeech/test-other/1998/29455/1998-29455-0011.flac,bonafide,0,librispeech,bonafide_libri_test-other,libri_1998,1998-29455-0011,libri_1998,16000,
data/external/LibriSpeech/test-other/1998/29455/1998-29455-0012.flac,bonafide,0,librispeech,bonafide_libri_test-other,libri_1998,1998-29455-0012,libri_1998,16000,
data/external/LibriSpeech/test-other/1998/29455/1998-29455-0013.flac,bonafide,0,librispeech,bonafide_libri_test-other,libri_1998,1998-29455-0013,libri_1998,16000,
data/external/LibriSpeech/test-other/1998/29455/1998-29455-0014.flac,bonafide,0,librispeech,bonafide_libri_test-other,libri_1998,1998-29455-0014,libri_1998,16000,
data/external/LibriSpeech/test-other/1998/29455/1998-29455-0015.flac,bonafide,0,librispeech,bonafide_libri_test-other,libri_1998,1998-29455-0015,libri_1998,16000,
data/external/LibriSpeech/test-other/1998/29455/1998-29455-0016.flac,bonafide,0,librispeech,bonafide_libri_test-other,libri_1998,1998-29455-0016,libri_1998,16000,
data/external/LibriSpeech/test-other/1998/29455/1998-29455-0017.flac,bonafide,0,librispeech,bonafide_libri_test-other,libri_1998,1998-29455-0017,libri_1998,16000,
data/external/LibriSpeech/test-other/1998/29455/1998-29455-0018.flac,bonafide,0,librispeech,bonafide_libri_test-other,libri_1998,1998-29455-0018,libri_1998,16000,
data/external/LibriSpeech/test-other/1998/29455/1998-29455-0019.flac,bonafide,0,librispeech,bonafide_libri_test-other,libri_1998,1998-29455-0019,libri_1998,16000,
data/external/LibriSpeech/test-other/1998/29455/1998-29455-0020.flac,bonafide,0,librispeech,bonafide_libri_test-other,libri_1998,1998-29455-0020,libri_1998,16000,
data/external/LibriSpeech/test-other/1998/29455/1998-29455-0021.flac,bonafide,0,librispeech,bonafide_libri_test-other,libri_1998,1998-29455-0021,libri_1998,16000,
data/external/LibriSpeech/test-other/1998/29455/1998-29455-0022.flac,bonafide,0,librispeech,bonafide_libri_test-other,libri_1998,1998-29455-0022,libri_1998,16000,
data/external/LibriSpeech/test-other/1998/29455/1998-29455-0023.flac,bonafide,0,librispeech,bonafide_libri_test-other,libri_1998,1998-29455-0023,libri_1998,16000,
data/external/LibriSpeech/test-other/1998/29455/1998-29455-0024.flac,bonafide,0,librispeech,bonafide_libri_test-other,libri_1998,1998-29455-0024,libri_1998,16000,
data/external/LibriSpeech/test-other/1998/29455/1998-29455-0025.flac,bonafide,0,librispeech,bonafide_libri_test-other,libri_1998,1998-29455-0025,libri_1998,16000,
data/external/LibriSpeech/test-other/1998/29455/1998-29455-0026.flac,bonafide,0,librispeech,bonafide_libri_test-other,libri_1998,1998-29455-0026,libri_1998,16000,
data/external/LibriSpeech/test-other/1998/29455/1998-29455-0027.flac,bonafide,0,librispeech,bonafide_libri_test-other,libri_1998,1998-29455-0027,libri_1998,16000,
data/external/LibriSpeech/test-other/1998/29455/1998-29455-0028.flac,bonafide,0,librispeech,bonafide_libri_test-other,libri_1998,1998-29455-0028,libri_1998,16000,
data/external/LibriSpeech/test-other/1998/29455/1998-29455-0029.flac,bonafide,0,librispeech,bonafide_libri_test-other,libri_1998,1998-29455-0029,libri_1998,16000,
data/external/LibriSpeech/test-other/1998/29455/1998-29455-0030.flac,bonafide,0,librispeech,bonafide_libri_test-other,libri_1998,1998-29455-0030,libri_1998,16000,
data/external/LibriSpeech/test-other/1998/29455/1998-29455-0031.flac,bonafide,0,librispeech,bonafide_libri_test-other,libri_1998,1998-29455-0031,libri_1998,16000,
data/external/LibriSpeech/test-other/1998/29455/1998-29455-0032.flac,bonafide,0,librispeech,bonafide_libri_test-other,libri_1998,1998-29455-0032,libri_1998,16000,
data/external/LibriSpeech/test-other/1998/29455/1998-29455-0033.flac,bonafide,0,librispeech,bonafide_libri_test-other,libri_1998,1998-29455-0033,libri_1998,16000,
data/external/LibriSpeech/test-other/1998/29455/1998-29455-0034.flac,bonafide,0,librispeech,bonafide_libri_test-other,libri_1998,1998-29455-0034,libri_1998,16000,
data/external/LibriSpeech/test-other/1998/29455/1998-29455-0035.flac,bonafide,0,librispeech,bonafide_libri_test-other,libri_1998,1998-29455-0035,libri_1998,16000,
data/external/LibriSpeech/test-other/1998/29455/1998-29455-0036.flac,bonafide,0,librispeech,bonafide_libri_test-other,libri_1998,1998-29455-0036,libri_1998,16000,
data/external/LibriSpeech/test-other/1998/29455/1998-29455-0037.flac,bonafide,0,librispeech,bonafide_libri_test-other,libri_1998,1998-29455-0037,libri_1998,16000,
data/external/LibriSpeech/test-other/1998/29455/1998-29455-0038.flac,bonafide,0,librispeech,bonafide_libri_test-other,libri_1998,1998-29455-0038,libri_1998,16000,
data/external/LibriSpeech/test-other/1998/29455/1998-29455-0039.flac,bonafide,0,librispeech,bonafide_libri_test-other,libri_1998,1998-29455-0039,libri_1998,16000,
data/external/LibriSpeech/test-other/2033/164914/2033-164914-0000.flac,bonafide,0,librispeech,bonafide_libri_test-other,libri_2033,2033-164914-0000,libri_2033,16000,
data/external/LibriSpeech/test-other/2033/164914/2033-164914-0001.flac,bonafide,0,librispeech,bonafide_libri_test-other,libri_2033,2033-164914-0001,libri_2033,16000,
data/external/LibriSpeech/test-other/2033/164914/2033-164914-0002.flac,bonafide,0,librispeech,bonafide_libri_test-other,libri_2033,2033-164914-0002,libri_2033,16000,
data/external/LibriSpeech/test-other/2033/164914/2033-164914-0003.flac,bonafide,0,librispeech,bonafide_libri_test-other,libri_2033,2033-164914-0003,libri_2033,16000,
data/external/LibriSpeech/test-other/2033/164914/2033-164914-0004.flac,bonafide,0,librispeech,bonafide_libri_test-other,libri_2033,2033-164914-0004,libri_2033,16000,
data/external/LibriSpeech/test-other/2033/164914/2033-164914-0005.flac,bonafide,0,librispeech,bonafide_libri_test-other,libri_2033,2033-164914-0005,libri_2033,16000,
data/external/LibriSpeech/test-other/2033/164914/2033-164914-0006.flac,bonafide,0,librispeech,bonafide_libri_test-other,libri_2033,2033-164914-0006,libri_2033,16000,
data/external/LibriSpeech/test-other/2033/164914/2033-164914-0007.flac,bonafide,0,librispeech,bonafide_libri_test-other,libri_2033,2033-164914-0007,libri_2033,16000,
data/external/LibriSpeech/test-other/2033/164914/2033-164914-0008.flac,bonafide,0,librispeech,bonafide_libri_test-other,libri_2033,2033-164914-0008,libri_2033,16000,
data/external/LibriSpeech/test-other/2033/164914/2033-164914-0009.flac,bonafide,0,librispeech,bonafide_libri_test-other,libri_2033,2033-164914-0009,libri_2033,16000,
data/external/LibriSpeech/test-other/2033/164914/2033-164914-0010.flac,bonafide,0,librispeech,bonafide_libri_test-other,libri_2033,2033-164914-0010,libri_2033,16000,
data/external/LibriSpeech/test-other/2033/164914/2033-164914-0011.flac,bonafide,0,librispeech,bonafide_libri_test-other,libri_2033,2033-164914-0011,libri_2033,16000,
data/external/LibriSpeech/test-other/2033/164914/2033-164914-0012.flac,bonafide,0,librispeech,bonafide_libri_test-other,libri_2033,2033-164914-0012,libri_2033,16000,
data/external/LibriSpeech/test-other/2033/164914/2033-164914-0013.flac,bonafide,0,librispeech,bonafide_libri_test-other,libri_2033,2033-164914-0013,libri_2033,16000,
data/external/LibriSpeech/test-other/2033/164914/2033-164914-0014.flac,bonafide,0,librispeech,bonafide_libri_test-other,libri_2033,2033-164914-0014,libri_2033,16000,
data/external/LibriSpeech/test-other/2033/164914/2033-164914-0015.flac,bonafide,0,librispeech,bonafide_libri_test-other,libri_2033,2033-164914-0015,libri_2033,16000,
data/external/LibriSpeech/test-other/2033/164914/2033-164914-0016.flac,bonafide,0,librispeech,bonafide_libri_test-other,libri_2033,2033-164914-0016,libri_2033,16000,
data/external/LibriSpeech/test-other/2033/164914/2033-164914-0017.flac,bonafide,0,librispeech,bonafide_libri_test-other,libri_2033,2033-164914-0017,libri_2033,16000,
data/external/LibriSpeech/test-other/2033/164914/2033-164914-0018.flac,bonafide,0,librispeech,bonafide_libri_test-other,libri_2033,2033-164914-0018,libri_2033,16000,
data/external/LibriSpeech/test-other/2033/164914/2033-164914-0019.flac,bonafide,0,librispeech,bonafide_libri_test-other,libri_2033,2033-164914-0019,libri_2033,16000,
data/external/LibriSpeech/test-other/2033/164914/2033-164914-0020.flac,bonafide,0,librispeech,bonafide_libri_test-other,libri_2033,2033-164914-0020,libri_2033,16000,
data/external/LibriSpeech/test-other/2033/164914/2033-164914-0021.flac,bonafide,0,librispeech,bonafide_libri_test-other,libri_2033,2033-164914-0021,libri_2033,16000,
data/external/LibriSpeech/test-other/2033/164914/2033-164914-0022.flac,bonafide,0,librispeech,bonafide_libri_test-other,libri_2033,2033-164914-0022,libri_2033,16000,
data/external/LibriSpeech/test-other/2033/164915/2033-164915-0000.flac,bonafide,0,librispeech,bonafide_libri_test-other,libri_2033,2033-164915-0000,libri_2033,16000,
data/external/LibriSpeech/test-other/2033/164915/2033-164915-0001.flac,bonafide,0,librispeech,bonafide_libri_test-other,libri_2033,2033-164915-0001,libri_2033,16000,
data/external/LibriSpeech/test-other/2033/164915/2033-164915-0002.flac,bonafide,0,librispeech,bonafide_libri_test-other,libri_2033,2033-164915-0002,libri_2033,16000,
data/external/LibriSpeech/test-other/2033/164915/2033-164915-0003.flac,bonafide,0,librispeech,bonafide_libri_test-other,libri_2033,2033-164915-0003,libri_2033,16000,
data/external/LibriSpeech/test-other/2033/164915/2033-164915-0004.flac,bonafide,0,librispeech,bonafide_libri_test-other,libri_2033,2033-164915-0004,libri_2033,16000,
data/external/LibriSpeech/test-other/2033/164915/2033-164915-0005.flac,bonafide,0,librispeech,bonafide_libri_test-other,libri_2033,2033-164915-0005,libri_2033,16000,
data/external/LibriSpeech/test-other/2033/164915/2033-164915-0006.flac,bonafide,0,librispeech,bonafide_libri_test-other,libri_2033,2033-164915-0006,libri_2033,16000,
data/external/LibriSpeech/test-other/2033/164915/2033-164915-0007.flac,bonafide,0,librispeech,bonafide_libri_test-other,libri_2033,2033-164915-0007,libri_2033,16000,
data/external/LibriSpeech/test-other/2033/164915/2033-164915-0008.flac,bonafide,0,librispeech,bonafide_libri_test-other,libri_2033,2033-164915-0008,libri_2033,16000,
data/external/LibriSpeech/test-other/2033/164915/2033-164915-0009.flac,bonafide,0,librispeech,bonafide_libri_test-other,libri_2033,2033-164915-0009,libri_2033,16000,
data/external/LibriSpeech/test-other/2033/164915/2033-164915-0010.flac,bonafide,0,librispeech,bonafide_libri_test-other,libri_2033,2033-164915-0010,libri_2033,16000,
data/external/LibriSpeech/test-other/2033/164915/2033-164915-0011.flac,bonafide,0,librispeech,bonafide_libri_test-other,libri_2033,2033-164915-0011,libri_2033,16000,
data/external/LibriSpeech/test-other/2033/164915/2033-164915-0012.flac,bonafide,0,librispeech,bonafide_libri_test-other,libri_2033,2033-164915-0012,libri_2033,16000,
data/external/LibriSpeech/test-other/2033/164915/2033-164915-0013.flac,bonafide,0,librispeech,bonafide_libri_test-other,libri_2033,2033-164915-0013,libri_2033,16000,
data/external/LibriSpeech/test-other/2033/164915/2033-164915-0014.flac,bonafide,0,librispeech,bonafide_libri_test-other,libri_2033,2033-164915-0014,libri_2033,16000,
data/external/LibriSpeech/test-other/2033/164915/2033-164915-0015.flac,bonafide,0,librispeech,bonafide_libri_test-other,libri_2033,2033-164915-0015,libri_2033,16000,
data/external/LibriSpeech/test-other/2033/164915/2033-164915-0016.flac,bonafide,0,librispeech,bonafide_libri_test-other,libri_2033,2033-164915-0016,libri_2033,16000,
data/external/LibriSpeech/test-other/2033/164915/2033-164915-0017.flac,bonafide,0,librispeech,bonafide_libri_test-other,libri_2033,2033-164915-0017,libri_2033,16000,
data/external/LibriSpeech/test-other/2033/164916/2033-164916-0000.flac,bonafide,0,librispeech,bonafide_libri_test-other,libri_2033,2033-164916-0000,libri_2033,16000,
data/external/LibriSpeech/test-other/2033/164916/2033-164916-0001.flac,bonafide,0,librispeech,bonafide_libri_test-other,libri_2033,2033-164916-0001,libri_2033,16000,
data/external/LibriSpeech/test-other/2033/164916/2033-164916-0002.flac,bonafide,0,librispeech,bonafide_libri_test-other,libri_2033,2033-164916-0002,libri_2033,16000,
data/external/LibriSpeech/test-other/2033/164916/2033-164916-0003.flac,bonafide,0,librispeech,bonafide_libri_test-other,libri_2033,2033-164916-0003,libri_2033,16000,
data/external/LibriSpeech/test-other/2033/164916/2033-164916-0004.flac,bonafide,0,librispeech,bonafide_libri_test-other,libri_2033,2033-164916-0004,libri_2033,16000,
data/external/LibriSpeech/test-other/2033/164916/2033-164916-0005.flac,bonafide,0,librispeech,bonafide_libri_test-other,libri_2033,2033-164916-0005,libri_2033,16000,
data/external/LibriSpeech/test-other/2033/164916/2033-164916-0006.flac,bonafide,0,librispeech,bonafide_libri_test-other,libri_2033,2033-164916-0006,libri_2033,16000,
data/external/LibriSpeech/test-other/2033/164916/2033-164916-0007.flac,bonafide,0,librispeech,bonafide_libri_test-other,libri_2033,2033-164916-0007,libri_2033,16000,
data/external/LibriSpeech/test-other/2033/164916/2033-164916-0008.flac,bonafide,0,librispeech,bonafide_libri_test-other,libri_2033,2033-164916-0008,libri_2033,16000,
data/external/LibriSpeech/test-other/2033/164916/2033-164916-0009.flac,bonafide,0,librispeech,bonafide_libri_test-other,libri_2033,2033-164916-0009,libri_2033,16000,
data/external/LibriSpeech/test-other/2033/164916/2033-164916-0010.flac,bonafide,0,librispeech,bonafide_libri_test-other,libri_2033,2033-164916-0010,libri_2033,16000,
data/external/LibriSpeech/test-other/2414/128291/2414-128291-0000.flac,bonafide,0,librispeech,bonafide_libri_test-other,libri_2414,2414-128291-0000,libri_2414,16000,
data/external/LibriSpeech/test-other/2414/128291/2414-128291-0001.flac,bonafide,0,librispeech,bonafide_libri_test-other,libri_2414,2414-128291-0001,libri_2414,16000,
data/external/LibriSpeech/test-other/2414/128291/2414-128291-0002.flac,bonafide,0,librispeech,bonafide_libri_test-other,libri_2414,2414-128291-0002,libri_2414,16000,
data/external/LibriSpeech/test-other/2414/128291/2414-128291-0003.flac,bonafide,0,librispeech,bonafide_libri_test-other,libri_2414,2414-128291-0003,libri_2414,16000,
data/external/LibriSpeech/test-other/2414/128291/2414-128291-0004.flac,bonafide,0,librispeech,bonafide_libri_test-other,libri_2414,2414-128291-0004,libri_2414,16000,
data/external/LibriSpeech/test-other/2414/128291/2414-128291-0005.flac,bonafide,0,librispeech,bonafide_libri_test-other,libri_2414,2414-128291-0005,libri_2414,16000,
data/external/LibriSpeech/test-other/2414/128291/2414-128291-0006.flac,bonafide,0,librispeech,bonafide_libri_test-other,libri_2414,2414-128291-0006,libri_2414,16000,
data/external/LibriSpeech/test-other/2414/128291/2414-128291-0007.flac,bonafide,0,librispeech,bonafide_libri_test-other,libri_2414,2414-128291-0007,libri_2414,16000,
data/external/LibriSpeech/test-other/2414/128291/2414-128291-0008.flac,bonafide,0,librispeech,bonafide_libri_test-other,libri_2414,2414-128291-0008,libri_2414,16000,
data/external/LibriSpeech/test-other/2414/128291/2414-128291-0009.flac,bonafide,0,librispeech,bonafide_libri_test-other,libri_2414,2414-128291-0009,libri_2414,16000,
data/external/LibriSpeech/test-other/2414/128291/2414-128291-0010.flac,bonafide,0,librispeech,bonafide_libri_test-other,libri_2414,2414-128291-0010,libri_2414,16000,
data/external/LibriSpeech/test-other/2414/128291/2414-128291-0011.flac,bonafide,0,librispeech,bonafide_libri_test-other,libri_2414,2414-128291-0011,libri_2414,16000,
data/external/LibriSpeech/test-other/2414/128291/2414-128291-0012.flac,bonafide,0,librispeech,bonafide_libri_test-other,libri_2414,2414-128291-0012,libri_2414,16000,
data/external/LibriSpeech/test-other/2414/128291/2414-128291-0013.flac,bonafide,0,librispeech,bonafide_libri_test-other,libri_2414,2414-128291-0013,libri_2414,16000,
data/external/LibriSpeech/test-other/2414/128291/2414-128291-0014.flac,bonafide,0,librispeech,bonafide_libri_test-other,libri_2414,2414-128291-0014,libri_2414,16000,
data/external/LibriSpeech/test-other/2414/128291/2414-128291-0015.flac,bonafide,0,librispeech,bonafide_libri_test-other,libri_2414,2414-128291-0015,libri_2414,16000,
data/external/LibriSpeech/test-other/2414/128291/2414-128291-0016.flac,bonafide,0,librispeech,bonafide_libri_test-other,libri_2414,2414-128291-0016,libri_2414,16000,
data/external/LibriSpeech/test-other/2414/128291/2414-128291-0017.flac,bonafide,0,librispeech,bonafide_libri_test-other,libri_2414,2414-128291-0017,libri_2414,16000,
data/external/LibriSpeech/test-other/2414/128291/2414-128291-0018.flac,bonafide,0,librispeech,bonafide_libri_test-other,libri_2414,2414-128291-0018,libri_2414,16000,
data/external/LibriSpeech/test-other/2414/128291/2414-128291-0019.flac,bonafide,0,librispeech,bonafide_libri_test-other,libri_2414,2414-128291-0019,libri_2414,16000,
data/external/LibriSpeech/test-other/2414/128291/2414-128291-0020.flac,bonafide,0,librispeech,bonafide_libri_test-other,libri_2414,2414-128291-0020,libri_2414,16000,
data/external/LibriSpeech/test-other/2414/128291/2414-128291-0021.flac,bonafide,0,librispeech,bonafide_libri_test-other,libri_2414,2414-128291-0021,libri_2414,16000,
data/external/LibriSpeech/test-other/2414/128291/2414-128291-0022.flac,bonafide,0,librispeech,bonafide_libri_test-other,libri_2414,2414-128291-0022,libri_2414,16000,
data/external/LibriSpeech/test-other/2414/128291/2414-128291-0023.flac,bonafide,0,librispeech,bonafide_libri_test-other,libri_2414,2414-128291-0023,libri_2414,16000,
data/external/LibriSpeech/test-other/2414/128291/2414-128291-0024.flac,bonafide,0,librispeech,bonafide_libri_test-other,libri_2414,2414-128291-0024,libri_2414,16000,
data/external/LibriSpeech/test-other/2414/128291/2414-128291-0025.flac,bonafide,0,librispeech,bonafide_libri_test-other,libri_2414,2414-128291-0025,libri_2414,16000,
data/external/LibriSpeech/test-other/2414/128291/2414-128291-0026.flac,bonafide,0,librispeech,bonafide_libri_test-other,libri_2414,2414-128291-0026,libri_2414,16000,
data/external/LibriSpeech/test-other/2414/128292/2414-128292-0000.flac,bonafide,0,librispeech,bonafide_libri_test-other,libri_2414,2414-128292-0000,libri_2414,16000,
data/external/LibriSpeech/test-other/2414/128292/2414-128292-0001.flac,bonafide,0,librispeech,bonafide_libri_test-other,libri_2414,2414-128292-0001,libri_2414,16000,
data/external/LibriSpeech/test-other/2414/128292/2414-128292-0002.flac,bonafide,0,librispeech,bonafide_libri_test-other,libri_2414,2414-128292-0002,libri_2414,16000,
data/external/LibriSpeech/test-other/2414/128292/2414-128292-0003.flac,bonafide,0,librispeech,bonafide_libri_test-other,libri_2414,2414-128292-0003,libri_2414,16000,
data/external/LibriSpeech/test-other/2414/128292/2414-128292-0004.flac,bonafide,0,librispeech,bonafide_libri_test-other,libri_2414,2414-128292-0004,libri_2414,16000,
data/external/LibriSpeech/test-other/2414/128292/2414-128292-0005.flac,bonafide,0,librispeech,bonafide_libri_test-other,libri_2414,2414-128292-0005,libri_2414,16000,
data/external/LibriSpeech/test-other/2414/128292/2414-128292-0006.flac,bonafide,0,librispeech,bonafide_libri_test-other,libri_2414,2414-128292-0006,libri_2414,16000,
data/external/LibriSpeech/test-other/2414/128292/2414-128292-0007.flac,bonafide,0,librispeech,bonafide_libri_test-other,libri_2414,2414-128292-0007,libri_2414,16000,
data/external/LibriSpeech/test-other/2414/128292/2414-128292-0008.flac,bonafide,0,librispeech,bonafide_libri_test-other,libri_2414,2414-128292-0008,libri_2414,16000,
data/external/LibriSpeech/test-other/2414/128292/2414-128292-0009.flac,bonafide,0,librispeech,bonafide_libri_test-other,libri_2414,2414-128292-0009,libri_2414,16000,
data/external/LibriSpeech/test-other/2414/128292/2414-128292-0010.flac,bonafide,0,librispeech,bonafide_libri_test-other,libri_2414,2414-128292-0010,libri_2414,16000,
data/external/LibriSpeech/test-other/2414/128292/2414-128292-0011.flac,bonafide,0,librispeech,bonafide_libri_test-other,libri_2414,2414-128292-0011,libri_2414,16000,
data/external/LibriSpeech/test-other/2414/128292/2414-128292-0012.flac,bonafide,0,librispeech,bonafide_libri_test-other,libri_2414,2414-128292-0012,libri_2414,16000,
data/external/LibriSpeech/test-other/2414/128292/2414-128292-0013.flac,bonafide,0,librispeech,bonafide_libri_test-other,libri_2414,2414-128292-0013,libri_2414,16000,
data/external/LibriSpeech/test-other/2414/128292/2414-128292-0014.flac,bonafide,0,librispeech,bonafide_libri_test-other,libri_2414,2414-128292-0014,libri_2414,16000,
data/external/LibriSpeech/test-other/2414/128292/2414-128292-0015.flac,bonafide,0,librispeech,bonafide_libri_test-other,libri_2414,2414-128292-0015,libri_2414,16000,
data/external/LibriSpeech/test-other/2414/128292/2414-128292-0016.flac,bonafide,0,librispeech,bonafide_libri_test-other,libri_2414,2414-128292-0016,libri_2414,16000,
data/external/LibriSpeech/test-other/2414/128292/2414-128292-0017.flac,bonafide,0,librispeech,bonafide_libri_test-other,libri_2414,2414-128292-0017,libri_2414,16000,
data/external/LibriSpeech/test-other/2414/128292/2414-128292-0018.flac,bonafide,0,librispeech,bonafide_libri_test-other,libri_2414,2414-128292-0018,libri_2414,16000,
data/external/LibriSpeech/test-other/2414/128292/2414-128292-0019.flac,bonafide,0,librispeech,bonafide_libri_test-other,libri_2414,2414-128292-0019,libri_2414,16000,
data/external/LibriSpeech/test-other/2414/128292/2414-128292-0020.flac,bonafide,0,librispeech,bonafide_libri_test-other,libri_2414,2414-128292-0020,libri_2414,16000,
data/external/LibriSpeech/test-other/2414/128292/2414-128292-0021.flac,bonafide,0,librispeech,bonafide_libri_test-other,libri_2414,2414-128292-0021,libri_2414,16000,
data/external/LibriSpeech/test-other/2414/128292/2414-128292-0022.flac,bonafide,0,librispeech,bonafide_libri_test-other,libri_2414,2414-128292-0022,libri_2414,16000,
data/external/LibriSpeech/test-other/2414/128292/2414-128292-0023.flac,bonafide,0,librispeech,bonafide_libri_test-other,libri_2414,2414-128292-0023,libri_2414,16000,
data/external/LibriSpeech/test-other/2414/128292/2414-128292-0024.flac,bonafide,0,librispeech,bonafide_libri_test-other,libri_2414,2414-128292-0024,libri_2414,16000,
data/external/LibriSpeech/test-other/2414/128292/2414-128292-0025.flac,bonafide,0,librispeech,bonafide_libri_test-other,libri_2414,2414-128292-0025,libri_2414,16000,
data/external/LibriSpeech/test-other/2414/128292/2414-128292-0026.flac,bonafide,0,librispeech,bonafide_libri_test-other,libri_2414,2414-128292-0026,libri_2414,16000,
data/external/LibriSpeech/test-other/2414/128292/2414-128292-0027.flac,bonafide,0,librispeech,bonafide_libri_test-other,libri_2414,2414-128292-0027,libri_2414,16000,
data/external/LibriSpeech/test-other/2414/128292/2414-128292-0028.flac,bonafide,0,librispeech,bonafide_libri_test-other,libri_2414,2414-128292-0028,libri_2414,16000,
data/external/LibriSpeech/test-other/2414/128292/2414-128292-0029.flac,bonafide,0,librispeech,bonafide_libri_test-other,libri_2414,2414-128292-0029,libri_2414,16000,
data/external/LibriSpeech/test-other/2414/128292/2414-128292-0030.flac,bonafide,0,librispeech,bonafide_libri_test-other,libri_2414,2414-128292-0030,libri_2414,16000,
data/external/LibriSpeech/test-other/2414/128292/2414-128292-0031.flac,bonafide,0,librispeech,bonafide_libri_test-other,libri_2414,2414-128292-0031,libri_2414,16000,
data/external/LibriSpeech/test-other/2414/128292/2414-128292-0032.flac,bonafide,0,librispeech,bonafide_libri_test-other,libri_2414,2414-128292-0032,libri_2414,16000,
data/external/LibriSpeech/test-other/2414/159411/2414-159411-0000.flac,bonafide,0,librispeech,bonafide_libri_test-other,libri_2414,2414-159411-0000,libri_2414,16000,
data/external/LibriSpeech/test-other/2414/159411/2414-159411-0001.flac,bonafide,0,librispeech,bonafide_libri_test-other,libri_2414,2414-159411-0001,libri_2414,16000,
data/external/LibriSpeech/test-other/2414/159411/2414-159411-0002.flac,bonafide,0,librispeech,bonafide_libri_test-other,libri_2414,2414-159411-0002,libri_2414,16000,
data/external/LibriSpeech/test-other/2414/159411/2414-159411-0003.flac,bonafide,0,librispeech,bonafide_libri_test-other,libri_2414,2414-159411-0003,libri_2414,16000,
data/external/LibriSpeech/test-other/2414/159411/2414-159411-0004.flac,bonafide,0,librispeech,bonafide_libri_test-other,libri_2414,2414-159411-0004,libri_2414,16000,
data/external/LibriSpeech/test-other/2414/159411/2414-159411-0005.flac,bonafide,0,librispeech,bonafide_libri_test-other,libri_2414,2414-159411-0005,libri_2414,16000,
data/external/LibriSpeech/test-other/2414/159411/2414-159411-0006.flac,bonafide,0,librispeech,bonafide_libri_test-other,libri_2414,2414-159411-0006,libri_2414,16000,
data/external/LibriSpeech/test-other/2414/159411/2414-159411-0007.flac,bonafide,0,librispeech,bonafide_libri_test-other,libri_2414,2414-159411-0007,libri_2414,16000,
data/external/LibriSpeech/test-other/2414/159411/2414-159411-0008.flac,bonafide,0,librispeech,bonafide_libri_test-other,libri_2414,2414-159411-0008,libri_2414,16000,
data/external/LibriSpeech/test-other/2414/159411/2414-159411-0009.flac,bonafide,0,librispeech,bonafide_libri_test-other,libri_2414,2414-159411-0009,libri_2414,16000,
data/external/LibriSpeech/test-other/2414/159411/2414-159411-0010.flac,bonafide,0,librispeech,bonafide_libri_test-other,libri_2414,2414-159411-0010,libri_2414,16000,
data/external/LibriSpeech/test-other/2414/159411/2414-159411-0011.flac,bonafide,0,librispeech,bonafide_libri_test-other,libri_2414,2414-159411-0011,libri_2414,16000,
data/external/LibriSpeech/test-other/2414/159411/2414-159411-0012.flac,bonafide,0,librispeech,bonafide_libri_test-other,libri_2414,2414-159411-0012,libri_2414,16000,
data/external/LibriSpeech/test-other/2414/159411/2414-159411-0013.flac,bonafide,0,librispeech,bonafide_libri_test-other,libri_2414,2414-159411-0013,libri_2414,16000,
data/external/LibriSpeech/test-other/2414/159411/2414-159411-0014.flac,bonafide,0,librispeech,bonafide_libri_test-other,libri_2414,2414-159411-0014,libri_2414,16000,
data/external/LibriSpeech/test-other/2414/159411/2414-159411-0015.flac,bonafide,0,librispeech,bonafide_libri_test-other,libri_2414,2414-159411-0015,libri_2414,16000,
data/external/LibriSpeech/test-other/2414/159411/2414-159411-0016.flac,bonafide,0,librispeech,bonafide_libri_test-other,libri_2414,2414-159411-0016,libri_2414,16000,
data/external/LibriSpeech/test-other/2414/159411/2414-159411-0017.flac,bonafide,0,librispeech,bonafide_libri_test-other,libri_2414,2414-159411-0017,libri_2414,16000,
data/external/LibriSpeech/test-other/2414/159411/2414-159411-0018.flac,bonafide,0,librispeech,bonafide_libri_test-other,libri_2414,2414-159411-0018,libri_2414,16000,
data/external/LibriSpeech/test-other/2414/159411/2414-159411-0019.flac,bonafide,0,librispeech,bonafide_libri_test-other,libri_2414,2414-159411-0019,libri_2414,16000,
data/external/LibriSpeech/test-other/2414/159411/2414-159411-0020.flac,bonafide,0,librispeech,bonafide_libri_test-other,libri_2414,2414-159411-0020,libri_2414,16000,
data/external/LibriSpeech/test-other/2414/159411/2414-159411-0021.flac,bonafide,0,librispeech,bonafide_libri_test-other,libri_2414,2414-159411-0021,libri_2414,16000,
data/external/LibriSpeech/test-other/2414/159411/2414-159411-0022.flac,bonafide,0,librispeech,bonafide_libri_test-other,libri_2414,2414-159411-0022,libri_2414,16000,
data/external/LibriSpeech/test-other/2414/159411/2414-159411-0023.flac,bonafide,0,librispeech,bonafide_libri_test-other,libri_2414,2414-159411-0023,libri_2414,16000,
data/external/LibriSpeech/test-other/2414/159411/2414-159411-0024.flac,bonafide,0,librispeech,bonafide_libri_test-other,libri_2414,2414-159411-0024,libri_2414,16000,
data/external/LibriSpeech/test-other/2414/159411/2414-159411-0025.flac,bonafide,0,librispeech,bonafide_libri_test-other,libri_2414,2414-159411-0025,libri_2414,16000,
data/external/LibriSpeech/test-other/2414/159411/2414-159411-0026.flac,bonafide,0,librispeech,bonafide_libri_test-other,libri_2414,2414-159411-0026,libri_2414,16000,
data/external/LibriSpeech/test-other/2414/159411/2414-159411-0027.flac,bonafide,0,librispeech,bonafide_libri_test-other,libri_2414,2414-159411-0027,libri_2414,16000,
data/external/LibriSpeech/test-other/2414/159411/2414-159411-0028.flac,bonafide,0,librispeech,bonafide_libri_test-other,libri_2414,2414-159411-0028,libri_2414,16000,
data/external/LibriSpeech/test-other/2414/159411/2414-159411-0029.flac,bonafide,0,librispeech,bonafide_libri_test-other,libri_2414,2414-159411-0029,libri_2414,16000,
data/external/LibriSpeech/test-other/2414/159411/2414-159411-0030.flac,bonafide,0,librispeech,bonafide_libri_test-other,libri_2414,2414-159411-0030,libri_2414,16000,
data/external/LibriSpeech/test-other/2414/159411/2414-159411-0031.flac,bonafide,0,librispeech,bonafide_libri_test-other,libri_2414,2414-159411-0031,libri_2414,16000,
data/external/LibriSpeech/test-other/2414/159411/2414-159411-0032.flac,bonafide,0,librispeech,bonafide_libri_test-other,libri_2414,2414-159411-0032,libri_2414,16000,
data/external/LibriSpeech/test-other/2414/159411/2414-159411-0033.flac,bonafide,0,librispeech,bonafide_libri_test-other,libri_2414,2414-159411-0033,libri_2414,16000,
data/external/LibriSpeech/test-other/2414/159411/2414-159411-0034.flac,bonafide,0,librispeech,bonafide_libri_test-other,libri_2414,2414-159411-0034,libri_2414,16000,
data/external/LibriSpeech/test-other/2414/159411/2414-159411-0035.flac,bonafide,0,librispeech,bonafide_libri_test-other,libri_2414,2414-159411-0035,libri_2414,16000,
data/external/LibriSpeech/test-other/2414/165385/2414-165385-0000.flac,bonafide,0,librispeech,bonafide_libri_test-other,libri_2414,2414-165385-0000,libri_2414,16000,
data/external/LibriSpeech/test-other/2414/165385/2414-165385-0001.flac,bonafide,0,librispeech,bonafide_libri_test-other,libri_2414,2414-165385-0001,libri_2414,16000,
data/external/LibriSpeech/test-other/2609/156975/2609-156975-0000.flac,bonafide,0,librispeech,bonafide_libri_test-other,libri_2609,2609-156975-0000,libri_2609,16000,
data/external/LibriSpeech/test-other/2609/156975/2609-156975-0001.flac,bonafide,0,librispeech,bonafide_libri_test-other,libri_2609,2609-156975-0001,libri_2609,16000,
data/external/LibriSpeech/test-other/2609/156975/2609-156975-0002.flac,bonafide,0,librispeech,bonafide_libri_test-other,libri_2609,2609-156975-0002,libri_2609,16000,
data/external/LibriSpeech/test-other/2609/156975/2609-156975-0003.flac,bonafide,0,librispeech,bonafide_libri_test-other,libri_2609,2609-156975-0003,libri_2609,16000,
data/external/LibriSpeech/test-other/2609/156975/2609-156975-0004.flac,bonafide,0,librispeech,bonafide_libri_test-other,libri_2609,2609-156975-0004,libri_2609,16000,
data/external/LibriSpeech/test-other/2609/156975/2609-156975-0005.flac,bonafide,0,librispeech,bonafide_libri_test-other,libri_2609,2609-156975-0005,libri_2609,16000,
data/external/LibriSpeech/test-other/2609/156975/2609-156975-0006.flac,bonafide,0,librispeech,bonafide_libri_test-other,libri_2609,2609-156975-0006,libri_2609,16000,
data/external/LibriSpeech/test-other/2609/156975/2609-156975-0007.flac,bonafide,0,librispeech,bonafide_libri_test-other,libri_2609,2609-156975-0007,libri_2609,16000,
data/external/LibriSpeech/test-other/2609/156975/2609-156975-0008.flac,bonafide,0,librispeech,bonafide_libri_test-other,libri_2609,2609-156975-0008,libri_2609,16000,
data/external/LibriSpeech/test-other/2609/156975/2609-156975-0009.flac,bonafide,0,librispeech,bonafide_libri_test-other,libri_2609,2609-156975-0009,libri_2609,16000,
data/external/LibriSpeech/test-other/2609/156975/2609-156975-0010.flac,bonafide,0,librispeech,bonafide_libri_test-other,libri_2609,2609-156975-0010,libri_2609,16000,
data/external/LibriSpeech/test-other/2609/156975/2609-156975-0011.flac,bonafide,0,librispeech,bonafide_libri_test-other,libri_2609,2609-156975-0011,libri_2609,16000,
data/external/LibriSpeech/test-other/2609/156975/2609-156975-0012.flac,bonafide,0,librispeech,bonafide_libri_test-other,libri_2609,2609-156975-0012,libri_2609,16000,
data/external/LibriSpeech/test-other/2609/156975/2609-156975-0013.flac,bonafide,0,librispeech,bonafide_libri_test-other,libri_2609,2609-156975-0013,libri_2609,16000,
data/external/LibriSpeech/test-other/2609/156975/2609-156975-0014.flac,bonafide,0,librispeech,bonafide_libri_test-other,libri_2609,2609-156975-0014,libri_2609,16000,
data/external/LibriSpeech/test-other/2609/156975/2609-156975-0015.flac,bonafide,0,librispeech,bonafide_libri_test-other,libri_2609,2609-156975-0015,libri_2609,16000,
data/external/LibriSpeech/test-other/2609/156975/2609-156975-0016.flac,bonafide,0,librispeech,bonafide_libri_test-other,libri_2609,2609-156975-0016,libri_2609,16000,
data/external/LibriSpeech/test-other/2609/156975/2609-156975-0017.flac,bonafide,0,librispeech,bonafide_libri_test-other,libri_2609,2609-156975-0017,libri_2609,16000,
data/external/LibriSpeech/test-other/2609/156975/2609-156975-0018.flac,bonafide,0,librispeech,bonafide_libri_test-other,libri_2609,2609-156975-0018,libri_2609,16000,
data/external/LibriSpeech/test-other/2609/156975/2609-156975-0019.flac,bonafide,0,librispeech,bonafide_libri_test-other,libri_2609,2609-156975-0019,libri_2609,16000,
data/external/LibriSpeech/test-other/2609/156975/2609-156975-0020.flac,bonafide,0,librispeech,bonafide_libri_test-other,libri_2609,2609-156975-0020,libri_2609,16000,
data/external/LibriSpeech/test-other/2609/156975/2609-156975-0021.flac,bonafide,0,librispeech,bonafide_libri_test-other,libri_2609,2609-156975-0021,libri_2609,16000,
data/external/LibriSpeech/test-other/2609/156975/2609-156975-0022.flac,bonafide,0,librispeech,bonafide_libri_test-other,libri_2609,2609-156975-0022,libri_2609,16000,
data/external/LibriSpeech/test-other/2609/156975/2609-156975-0023.flac,bonafide,0,librispeech,bonafide_libri_test-other,libri_2609,2609-156975-0023,libri_2609,16000,
data/external/LibriSpeech/test-other/2609/156975/2609-156975-0024.flac,bonafide,0,librispeech,bonafide_libri_test-other,libri_2609,2609-156975-0024,libri_2609,16000,
data/external/LibriSpeech/test-other/2609/156975/2609-156975-0025.flac,bonafide,0,librispeech,bonafide_libri_test-other,libri_2609,2609-156975-0025,libri_2609,16000,
data/external/LibriSpeech/test-other/2609/156975/2609-156975-0026.flac,bonafide,0,librispeech,bonafide_libri_test-other,libri_2609,2609-156975-0026,libri_2609,16000,
data/external/LibriSpeech/test-other/2609/156975/2609-156975-0027.flac,bonafide,0,librispeech,bonafide_libri_test-other,libri_2609,2609-156975-0027,libri_2609,16000,
data/external/LibriSpeech/test-other/2609/156975/2609-156975-0028.flac,bonafide,0,librispeech,bonafide_libri_test-other,libri_2609,2609-156975-0028,libri_2609,16000,
data/external/LibriSpeech/test-other/2609/156975/2609-156975-0029.flac,bonafide,0,librispeech,bonafide_libri_test-other,libri_2609,2609-156975-0029,libri_2609,16000,
data/external/LibriSpeech/test-other/2609/156975/2609-156975-0030.flac,bonafide,0,librispeech,bonafide_libri_test-other,libri_2609,2609-156975-0030,libri_2609,16000,
data/external/LibriSpeech/test-other/2609/156975/2609-156975-0031.flac,bonafide,0,librispeech,bonafide_libri_test-other,libri_2609,2609-156975-0031,libri_2609,16000,
data/external/LibriSpeech/test-other/2609/156975/2609-156975-0032.flac,bonafide,0,librispeech,bonafide_libri_test-other,libri_2609,2609-156975-0032,libri_2609,16000,
data/external/LibriSpeech/test-other/2609/156975/2609-156975-0033.flac,bonafide,0,librispeech,bonafide_libri_test-other,libri_2609,2609-156975-0033,libri_2609,16000,
data/external/LibriSpeech/test-other/2609/156975/2609-156975-0034.flac,bonafide,0,librispeech,bonafide_libri_test-other,libri_2609,2609-156975-0034,libri_2609,16000,
data/external/LibriSpeech/test-other/2609/156975/2609-156975-0035.flac,bonafide,0,librispeech,bonafide_libri_test-other,libri_2609,2609-156975-0035,libri_2609,16000,
data/external/LibriSpeech/test-other/2609/156975/2609-156975-0036.flac,bonafide,0,librispeech,bonafide_libri_test-other,libri_2609,2609-156975-0036,libri_2609,16000,
data/external/LibriSpeech/test-other/2609/156975/2609-156975-0037.flac,bonafide,0,librispeech,bonafide_libri_test-other,libri_2609,2609-156975-0037,libri_2609,16000,
data/external/LibriSpeech/test-other/2609/156975/2609-156975-0038.flac,bonafide,0,librispeech,bonafide_libri_test-other,libri_2609,2609-156975-0038,libri_2609,16000,
data/external/LibriSpeech/test-other/2609/157645/2609-157645-0000.flac,bonafide,0,librispeech,bonafide_libri_test-other,libri_2609,2609-157645-0000,libri_2609,16000,
data/external/LibriSpeech/test-other/2609/157645/2609-157645-0001.flac,bonafide,0,librispeech,bonafide_libri_test-other,libri_2609,2609-157645-0001,libri_2609,16000,
data/external/LibriSpeech/test-other/2609/157645/2609-157645-0002.flac,bonafide,0,librispeech,bonafide_libri_test-other,libri_2609,2609-157645-0002,libri_2609,16000,
data/external/LibriSpeech/test-other/2609/157645/2609-157645-0003.flac,bonafide,0,librispeech,bonafide_libri_test-other,libri_2609,2609-157645-0003,libri_2609,16000,
data/external/LibriSpeech/test-other/2609/157645/2609-157645-0004.flac,bonafide,0,librispeech,bonafide_libri_test-other,libri_2609,2609-157645-0004,libri_2609,16000,
data/external/LibriSpeech/test-other/2609/157645/2609-157645-0005.flac,bonafide,0,librispeech,bonafide_libri_test-other,libri_2609,2609-157645-0005,libri_2609,16000,
data/external/LibriSpeech/test-other/2609/157645/2609-157645-0006.flac,bonafide,0,librispeech,bonafide_libri_test-other,libri_2609,2609-157645-0006,libri_2609,16000,
data/external/LibriSpeech/test-other/2609/157645/2609-157645-0007.flac,bonafide,0,librispeech,bonafide_libri_test-other,libri_2609,2609-157645-0007,libri_2609,16000,
data/external/LibriSpeech/test-other/2609/157645/2609-157645-0008.flac,bonafide,0,librispeech,bonafide_libri_test-other,libri_2609,2609-157645-0008,libri_2609,16000,
data/external/LibriSpeech/test-other/2609/157645/2609-157645-0009.flac,bonafide,0,librispeech,bonafide_libri_test-other,libri_2609,2609-157645-0009,libri_2609,16000,
data/external/LibriSpeech/test-other/2609/157645/2609-157645-0010.flac,bonafide,0,librispeech,bonafide_libri_test-other,libri_2609,2609-157645-0010,libri_2609,16000,
data/external/LibriSpeech/test-other/2609/157645/2609-157645-0011.flac,bonafide,0,librispeech,bonafide_libri_test-other,libri_2609,2609-157645-0011,libri_2609,16000,
data/external/LibriSpeech/test-other/2609/157645/2609-157645-0012.flac,bonafide,0,librispeech,bonafide_libri_test-other,libri_2609,2609-157645-0012,libri_2609,16000,
data/external/LibriSpeech/test-other/2609/157645/2609-157645-0013.flac,bonafide,0,librispeech,bonafide_libri_test-other,libri_2609,2609-157645-0013,libri_2609,16000,
data/external/LibriSpeech/test-other/2609/157645/2609-157645-0014.flac,bonafide,0,librispeech,bonafide_libri_test-other,libri_2609,2609-157645-0014,libri_2609,16000,
data/external/LibriSpeech/test-other/2609/169640/2609-169640-0000.flac,bonafide,0,librispeech,bonafide_libri_test-other,libri_2609,2609-169640-0000,libri_2609,16000,
data/external/LibriSpeech/test-other/2609/169640/2609-169640-0001.flac,bonafide,0,librispeech,bonafide_libri_test-other,libri_2609,2609-169640-0001,libri_2609,16000,
data/external/LibriSpeech/test-other/2609/169640/2609-169640-0002.flac,bonafide,0,librispeech,bonafide_libri_test-other,libri_2609,2609-169640-0002,libri_2609,16000,
data/external/LibriSpeech/test-other/2609/169640/2609-169640-0003.flac,bonafide,0,librispeech,bonafide_libri_test-other,libri_2609,2609-169640-0003,libri_2609,16000,
data/external/LibriSpeech/test-other/2609/169640/2609-169640-0004.flac,bonafide,0,librispeech,bonafide_libri_test-other,libri_2609,2609-169640-0004,libri_2609,16000,
data/external/LibriSpeech/test-other/2609/169640/2609-169640-0005.flac,bonafide,0,librispeech,bonafide_libri_test-other,libri_2609,2609-169640-0005,libri_2609,16000,
data/external/LibriSpeech/test-other/2609/169640/2609-169640-0006.flac,bonafide,0,librispeech,bonafide_libri_test-other,libri_2609,2609-169640-0006,libri_2609,16000,
data/external/LibriSpeech/test-other/2609/169640/2609-169640-0007.flac,bonafide,0,librispeech,bonafide_libri_test-other,libri_2609,2609-169640-0007,libri_2609,16000,
data/external/LibriSpeech/test-other/2609/169640/2609-169640-0008.flac,bonafide,0,librispeech,bonafide_libri_test-other,libri_2609,2609-169640-0008,libri_2609,16000,
data/external/LibriSpeech/test-other/2609/169640/2609-169640-0009.flac,bonafide,0,librispeech,bonafide_libri_test-other,libri_2609,2609-169640-0009,libri_2609,16000,
data/external/LibriSpeech/test-other/2609/169640/2609-169640-0010.flac,bonafide,0,librispeech,bonafide_libri_test-other,libri_2609,2609-169640-0010,libri_2609,16000,
data/external/LibriSpeech/test-other/2609/169640/2609-169640-0011.flac,bonafide,0,librispeech,bonafide_libri_test-other,libri_2609,2609-169640-0011,libri_2609,16000,
data/external/LibriSpeech/test-other/2609/169640/2609-169640-0012.flac,bonafide,0,librispeech,bonafide_libri_test-other,libri_2609,2609-169640-0012,libri_2609,16000,
data/external/LibriSpeech/test-other/2609/169640/2609-169640-0013.flac,bonafide,0,librispeech,bonafide_libri_test-other,libri_2609,2609-169640-0013,libri_2609,16000,
data/external/LibriSpeech/test-other/2609/169640/2609-169640-0014.flac,bonafide,0,librispeech,bonafide_libri_test-other,libri_2609,2609-169640-0014,libri_2609,16000,
data/external/LibriSpeech/test-other/2609/169640/2609-169640-0015.flac,bonafide,0,librispeech,bonafide_libri_test-other,libri_2609,2609-169640-0015,libri_2609,16000,
data/external/LibriSpeech/test-other/2609/169640/2609-169640-0016.flac,bonafide,0,librispeech,bonafide_libri_test-other,libri_2609,2609-169640-0016,libri_2609,16000,
data/external/LibriSpeech/test-other/2609/169640/2609-169640-0017.flac,bonafide,0,librispeech,bonafide_libri_test-other,libri_2609,2609-169640-0017,libri_2609,16000,
data/external/LibriSpeech/test-other/2609/169640/2609-169640-0018.flac,bonafide,0,librispeech,bonafide_libri_test-other,libri_2609,2609-169640-0018,libri_2609,16000,
data/external/LibriSpeech/test-other/2609/169640/2609-169640-0019.flac,bonafide,0,librispeech,bonafide_libri_test-other,libri_2609,2609-169640-0019,libri_2609,16000,
data/external/LibriSpeech/test-other/2609/169640/2609-169640-0020.flac,bonafide,0,librispeech,bonafide_libri_test-other,libri_2609,2609-169640-0020,libri_2609,16000,
data/external/LibriSpeech/test-other/2609/169640/2609-169640-0021.flac,bonafide,0,librispeech,bonafide_libri_test-other,libri_2609,2609-169640-0021,libri_2609,16000,
data/external/LibriSpeech/test-other/2609/169640/2609-169640-0022.flac,bonafide,0,librispeech,bonafide_libri_test-other,libri_2609,2609-169640-0022,libri_2609,16000,
data/external/LibriSpeech/test-other/2609/169640/2609-169640-0023.flac,bonafide,0,librispeech,bonafide_libri_test-other,libri_2609,2609-169640-0023,libri_2609,16000,
data/external/LibriSpeech/test-other/2609/169640/2609-169640-0024.flac,bonafide,0,librispeech,bonafide_libri_test-other,libri_2609,2609-169640-0024,libri_2609,16000,
data/external/LibriSpeech/test-other/3005/163389/3005-163389-0000.flac,bonafide,0,librispeech,bonafide_libri_test-other,libri_3005,3005-163389-0000,libri_3005,16000,
data/external/LibriSpeech/test-other/3005/163389/3005-163389-0001.flac,bonafide,0,librispeech,bonafide_libri_test-other,libri_3005,3005-163389-0001,libri_3005,16000,
data/external/LibriSpeech/test-other/3005/163389/3005-163389-0002.flac,bonafide,0,librispeech,bonafide_libri_test-other,libri_3005,3005-163389-0002,libri_3005,16000,
data/external/LibriSpeech/test-other/3005/163389/3005-163389-0003.flac,bonafide,0,librispeech,bonafide_libri_test-other,libri_3005,3005-163389-0003,libri_3005,16000,
data/external/LibriSpeech/test-other/3005/163389/3005-163389-0004.flac,bonafide,0,librispeech,bonafide_libri_test-other,libri_3005,3005-163389-0004,libri_3005,16000,
data/external/LibriSpeech/test-other/3005/163389/3005-163389-0005.flac,bonafide,0,librispeech,bonafide_libri_test-other,libri_3005,3005-163389-0005,libri_3005,16000,
data/external/LibriSpeech/test-other/3005/163389/3005-163389-0006.flac,bonafide,0,librispeech,bonafide_libri_test-other,libri_3005,3005-163389-0006,libri_3005,16000,
data/external/LibriSpeech/test-other/3005/163389/3005-163389-0007.flac,bonafide,0,librispeech,bonafide_libri_test-other,libri_3005,3005-163389-0007,libri_3005,16000,
data/external/LibriSpeech/test-other/3005/163389/3005-163389-0008.flac,bonafide,0,librispeech,bonafide_libri_test-other,libri_3005,3005-163389-0008,libri_3005,16000,
data/external/LibriSpeech/test-other/3005/163389/3005-163389-0009.flac,bonafide,0,librispeech,bonafide_libri_test-other,libri_3005,3005-163389-0009,libri_3005,16000,
data/external/LibriSpeech/test-other/3005/163389/3005-163389-0010.flac,bonafide,0,librispeech,bonafide_libri_test-other,libri_3005,3005-163389-0010,libri_3005,16000,
data/external/LibriSpeech/test-other/3005/163389/3005-163389-0011.flac,bonafide,0,librispeech,bonafide_libri_test-other,libri_3005,3005-163389-0011,libri_3005,16000,
data/external/LibriSpeech/test-other/3005/163389/3005-163389-0012.flac,bonafide,0,librispeech,bonafide_libri_test-other,libri_3005,3005-163389-0012,libri_3005,16000,
data/external/LibriSpeech/test-other/3005/163389/3005-163389-0013.flac,bonafide,0,librispeech,bonafide_libri_test-other,libri_3005,3005-163389-0013,libri_3005,16000,
data/external/LibriSpeech/test-other/3005/163389/3005-163389-0014.flac,bonafide,0,librispeech,bonafide_libri_test-other,libri_3005,3005-163389-0014,libri_3005,16000,
data/external/LibriSpeech/test-other/3005/163389/3005-163389-0015.flac,bonafide,0,librispeech,bonafide_libri_test-other,libri_3005,3005-163389-0015,libri_3005,16000,
data/external/LibriSpeech/test-other/3005/163389/3005-163389-0016.flac,bonafide,0,librispeech,bonafide_libri_test-other,libri_3005,3005-163389-0016,libri_3005,16000,
data/external/LibriSpeech/test-other/3005/163389/3005-163389-0017.flac,bonafide,0,librispeech,bonafide_libri_test-other,libri_3005,3005-163389-0017,libri_3005,16000,
data/external/LibriSpeech/test-other/3005/163389/3005-163389-0018.flac,bonafide,0,librispeech,bonafide_libri_test-other,libri_3005,3005-163389-0018,libri_3005,16000,
data/external/LibriSpeech/test-other/3005/163390/3005-163390-0000.flac,bonafide,0,librispeech,bonafide_libri_test-other,libri_3005,3005-163390-0000,libri_3005,16000,
data/external/LibriSpeech/test-other/3005/163390/3005-163390-0001.flac,bonafide,0,librispeech,bonafide_libri_test-other,libri_3005,3005-163390-0001,libri_3005,16000,
data/external/LibriSpeech/test-other/3005/163390/3005-163390-0002.flac,bonafide,0,librispeech,bonafide_libri_test-other,libri_3005,3005-163390-0002,libri_3005,16000,
data/external/LibriSpeech/test-other/3005/163390/3005-163390-0003.flac,bonafide,0,librispeech,bonafide_libri_test-other,libri_3005,3005-163390-0003,libri_3005,16000,
data/external/LibriSpeech/test-other/3005/163390/3005-163390-0004.flac,bonafide,0,librispeech,bonafide_libri_test-other,libri_3005,3005-163390-0004,libri_3005,16000,
data/external/LibriSpeech/test-other/3005/163390/3005-163390-0005.flac,bonafide,0,librispeech,bonafide_libri_test-other,libri_3005,3005-163390-0005,libri_3005,16000,
data/external/LibriSpeech/test-other/3005/163390/3005-163390-0006.flac,bonafide,0,librispeech,bonafide_libri_test-other,libri_3005,3005-163390-0006,libri_3005,16000,
data/external/LibriSpeech/test-other/3005/163390/3005-163390-0007.flac,bonafide,0,librispeech,bonafide_libri_test-other,libri_3005,3005-163390-0007,libri_3005,16000,
data/external/LibriSpeech/test-other/3005/163390/3005-163390-0008.flac,bonafide,0,librispeech,bonafide_libri_test-other,libri_3005,3005-163390-0008,libri_3005,16000,
data/external/LibriSpeech/test-other/3005/163390/3005-163390-0009.flac,bonafide,0,librispeech,bonafide_libri_test-other,libri_3005,3005-163390-0009,libri_3005,16000,
data/external/LibriSpeech/test-other/3005/163390/3005-163390-0010.flac,bonafide,0,librispeech,bonafide_libri_test-other,libri_3005,3005-163390-0010,libri_3005,16000,
data/external/LibriSpeech/test-other/3005/163390/3005-163390-0011.flac,bonafide,0,librispeech,bonafide_libri_test-other,libri_3005,3005-163390-0011,libri_3005,16000,
data/external/LibriSpeech/test-other/3005/163390/3005-163390-0012.flac,bonafide,0,librispeech,bonafide_libri_test-other,libri_3005,3005-163390-0012,libri_3005,16000,
data/external/LibriSpeech/test-other/3005/163390/3005-163390-0013.flac,bonafide,0,librispeech,bonafide_libri_test-other,libri_3005,3005-163390-0013,libri_3005,16000,
data/external/LibriSpeech/test-other/3005/163390/3005-163390-0014.flac,bonafide,0,librispeech,bonafide_libri_test-other,libri_3005,3005-163390-0014,libri_3005,16000,
data/external/LibriSpeech/test-other/3005/163390/3005-163390-0015.flac,bonafide,0,librispeech,bonafide_libri_test-other,libri_3005,3005-163390-0015,libri_3005,16000,
data/external/LibriSpeech/test-other/3005/163390/3005-163390-0016.flac,bonafide,0,librispeech,bonafide_libri_test-other,libri_3005,3005-163390-0016,libri_3005,16000,
data/external/LibriSpeech/test-other/3005/163390/3005-163390-0017.flac,bonafide,0,librispeech,bonafide_libri_test-other,libri_3005,3005-163390-0017,libri_3005,16000,
data/external/LibriSpeech/test-other/3005/163390/3005-163390-0018.flac,bonafide,0,librispeech,bonafide_libri_test-other,libri_3005,3005-163390-0018,libri_3005,16000,
data/external/LibriSpeech/test-other/3005/163390/3005-163390-0019.flac,bonafide,0,librispeech,bonafide_libri_test-other,libri_3005,3005-163390-0019,libri_3005,16000,
data/external/LibriSpeech/test-other/3005/163390/3005-163390-0020.flac,bonafide,0,librispeech,bonafide_libri_test-other,libri_3005,3005-163390-0020,libri_3005,16000,
data/external/LibriSpeech/test-other/3005/163390/3005-163390-0021.flac,bonafide,0,librispeech,bonafide_libri_test-other,libri_3005,3005-163390-0021,libri_3005,16000,
data/external/LibriSpeech/test-other/3005/163390/3005-163390-0022.flac,bonafide,0,librispeech,bonafide_libri_test-other,libri_3005,3005-163390-0022,libri_3005,16000,
data/external/LibriSpeech/test-other/3005/163390/3005-163390-0023.flac,bonafide,0,librispeech,bonafide_libri_test-other,libri_3005,3005-163390-0023,libri_3005,16000,
data/external/LibriSpeech/test-other/3005/163390/3005-163390-0024.flac,bonafide,0,librispeech,bonafide_libri_test-other,libri_3005,3005-163390-0024,libri_3005,16000,
data/external/LibriSpeech/test-other/3005/163390/3005-163390-0025.flac,bonafide,0,librispeech,bonafide_libri_test-other,libri_3005,3005-163390-0025,libri_3005,16000,
data/external/LibriSpeech/test-other/3005/163390/3005-163390-0026.flac,bonafide,0,librispeech,bonafide_libri_test-other,libri_3005,3005-163390-0026,libri_3005,16000,
data/external/LibriSpeech/test-other/3005/163390/3005-163390-0027.flac,bonafide,0,librispeech,bonafide_libri_test-other,libri_3005,3005-163390-0027,libri_3005,16000,
data/external/LibriSpeech/test-other/3005/163390/3005-163390-0028.flac,bonafide,0,librispeech,bonafide_libri_test-other,libri_3005,3005-163390-0028,libri_3005,16000,
data/external/LibriSpeech/test-other/3005/163390/3005-163390-0029.flac,bonafide,0,librispeech,bonafide_libri_test-other,libri_3005,3005-163390-0029,libri_3005,16000,
data/external/LibriSpeech/test-other/3005/163390/3005-163390-0030.flac,bonafide,0,librispeech,bonafide_libri_test-other,libri_3005,3005-163390-0030,libri_3005,16000,
data/external/LibriSpeech/test-other/3005/163391/3005-163391-0000.flac,bonafide,0,librispeech,bonafide_libri_test-other,libri_3005,3005-163391-0000,libri_3005,16000,
data/external/LibriSpeech/test-other/3005/163391/3005-163391-0001.flac,bonafide,0,librispeech,bonafide_libri_test-other,libri_3005,3005-163391-0001,libri_3005,16000,
data/external/LibriSpeech/test-other/3005/163391/3005-163391-0002.flac,bonafide,0,librispeech,bonafide_libri_test-other,libri_3005,3005-163391-0002,libri_3005,16000,
data/external/LibriSpeech/test-other/3005/163391/3005-163391-0003.flac,bonafide,0,librispeech,bonafide_libri_test-other,libri_3005,3005-163391-0003,libri_3005,16000,
data/external/LibriSpeech/test-other/3005/163391/3005-163391-0004.flac,bonafide,0,librispeech,bonafide_libri_test-other,libri_3005,3005-163391-0004,libri_3005,16000,
data/external/LibriSpeech/test-other/3005/163391/3005-163391-0005.flac,bonafide,0,librispeech,bonafide_libri_test-other,libri_3005,3005-163391-0005,libri_3005,16000,
data/external/LibriSpeech/test-other/3005/163391/3005-163391-0006.flac,bonafide,0,librispeech,bonafide_libri_test-other,libri_3005,3005-163391-0006,libri_3005,16000,
data/external/LibriSpeech/test-other/3005/163391/3005-163391-0007.flac,bonafide,0,librispeech,bonafide_libri_test-other,libri_3005,3005-163391-0007,libri_3005,16000,
data/external/LibriSpeech/test-other/3005/163391/3005-163391-0008.flac,bonafide,0,librispeech,bonafide_libri_test-other,libri_3005,3005-163391-0008,libri_3005,16000,
data/external/LibriSpeech/test-other/3005/163391/3005-163391-0009.flac,bonafide,0,librispeech,bonafide_libri_test-other,libri_3005,3005-163391-0009,libri_3005,16000,
data/external/LibriSpeech/test-other/3005/163391/3005-163391-0010.flac,bonafide,0,librispeech,bonafide_libri_test-other,libri_3005,3005-163391-0010,libri_3005,16000,
data/external/LibriSpeech/test-other/3005/163391/3005-163391-0011.flac,bonafide,0,librispeech,bonafide_libri_test-other,libri_3005,3005-163391-0011,libri_3005,16000,
data/external/LibriSpeech/test-other/3005/163391/3005-163391-0012.flac,bonafide,0,librispeech,bonafide_libri_test-other,libri_3005,3005-163391-0012,libri_3005,16000,
data/external/LibriSpeech/test-other/3005/163391/3005-163391-0013.flac,bonafide,0,librispeech,bonafide_libri_test-other,libri_3005,3005-163391-0013,libri_3005,16000,
data/external/LibriSpeech/test-other/3005/163391/3005-163391-0014.flac,bonafide,0,librispeech,bonafide_libri_test-other,libri_3005,3005-163391-0014,libri_3005,16000,
data/external/LibriSpeech/test-other/3005/163391/3005-163391-0015.flac,bonafide,0,librispeech,bonafide_libri_test-other,libri_3005,3005-163391-0015,libri_3005,16000,
data/external/LibriSpeech/test-other/3005/163391/3005-163391-0016.flac,bonafide,0,librispeech,bonafide_libri_test-other,libri_3005,3005-163391-0016,libri_3005,16000,
data/external/LibriSpeech/test-other/3005/163391/3005-163391-0017.flac,bonafide,0,librispeech,bonafide_libri_test-other,libri_3005,3005-163391-0017,libri_3005,16000,
data/external/LibriSpeech/test-other/3005/163391/3005-163391-0018.flac,bonafide,0,librispeech,bonafide_libri_test-other,libri_3005,3005-163391-0018,libri_3005,16000,
data/external/LibriSpeech/test-other/3005/163391/3005-163391-0019.flac,bonafide,0,librispeech,bonafide_libri_test-other,libri_3005,3005-163391-0019,libri_3005,16000,
data/external/LibriSpeech/test-other/3005/163391/3005-163391-0020.flac,bonafide,0,librispeech,bonafide_libri_test-other,libri_3005,3005-163391-0020,libri_3005,16000,
data/external/LibriSpeech/test-other/3005/163391/3005-163391-0021.flac,bonafide,0,librispeech,bonafide_libri_test-other,libri_3005,3005-163391-0021,libri_3005,16000,
data/external/LibriSpeech/test-other/3005/163391/3005-163391-0022.flac,bonafide,0,librispeech,bonafide_libri_test-other,libri_3005,3005-163391-0022,libri_3005,16000,
data/external/LibriSpeech/test-other/3005/163391/3005-163391-0023.flac,bonafide,0,librispeech,bonafide_libri_test-other,libri_3005,3005-163391-0023,libri_3005,16000,
data/external/LibriSpeech/test-other/3005/163391/3005-163391-0024.flac,bonafide,0,librispeech,bonafide_libri_test-other,libri_3005,3005-163391-0024,libri_3005,16000,
data/external/LibriSpeech/test-other/3005/163391/3005-163391-0025.flac,bonafide,0,librispeech,bonafide_libri_test-other,libri_3005,3005-163391-0025,libri_3005,16000,
data/external/LibriSpeech/test-other/3005/163391/3005-163391-0026.flac,bonafide,0,librispeech,bonafide_libri_test-other,libri_3005,3005-163391-0026,libri_3005,16000,
data/external/LibriSpeech/test-other/3005/163399/3005-163399-0000.flac,bonafide,0,librispeech,bonafide_libri_test-other,libri_3005,3005-163399-0000,libri_3005,16000,
data/external/LibriSpeech/test-other/3005/163399/3005-163399-0001.flac,bonafide,0,librispeech,bonafide_libri_test-other,libri_3005,3005-163399-0001,libri_3005,16000,
data/external/LibriSpeech/test-other/3005/163399/3005-163399-0002.flac,bonafide,0,librispeech,bonafide_libri_test-other,libri_3005,3005-163399-0002,libri_3005,16000,
data/external/LibriSpeech/test-other/3005/163399/3005-163399-0003.flac,bonafide,0,librispeech,bonafide_libri_test-other,libri_3005,3005-163399-0003,libri_3005,16000,
data/external/LibriSpeech/test-other/3005/163399/3005-163399-0004.flac,bonafide,0,librispeech,bonafide_libri_test-other,libri_3005,3005-163399-0004,libri_3005,16000,
data/external/LibriSpeech/test-other/3005/163399/3005-163399-0005.flac,bonafide,0,librispeech,bonafide_libri_test-other,libri_3005,3005-163399-0005,libri_3005,16000,
data/external/LibriSpeech/test-other/3005/163399/3005-163399-0006.flac,bonafide,0,librispeech,bonafide_libri_test-other,libri_3005,3005-163399-0006,libri_3005,16000,
data/external/LibriSpeech/test-other/3005/163399/3005-163399-0007.flac,bonafide,0,librispeech,bonafide_libri_test-other,libri_3005,3005-163399-0007,libri_3005,16000,
data/external/LibriSpeech/test-other/3005/163399/3005-163399-0008.flac,bonafide,0,librispeech,bonafide_libri_test-other,libri_3005,3005-163399-0008,libri_3005,16000,
data/external/LibriSpeech/test-other/3005/163399/3005-163399-0009.flac,bonafide,0,librispeech,bonafide_libri_test-other,libri_3005,3005-163399-0009,libri_3005,16000,
data/external/LibriSpeech/test-other/3005/163399/3005-163399-0010.flac,bonafide,0,librispeech,bonafide_libri_test-other,libri_3005,3005-163399-0010,libri_3005,16000,
data/external/LibriSpeech/test-other/3005/163399/3005-163399-0011.flac,bonafide,0,librispeech,bonafide_libri_test-other,libri_3005,3005-163399-0011,libri_3005,16000,
data/external/LibriSpeech/test-other/3005/163399/3005-163399-0012.flac,bonafide,0,librispeech,bonafide_libri_test-other,libri_3005,3005-163399-0012,libri_3005,16000,
data/external/LibriSpeech/test-other/3005/163399/3005-163399-0013.flac,bonafide,0,librispeech,bonafide_libri_test-other,libri_3005,3005-163399-0013,libri_3005,16000,
data/external/LibriSpeech/test-other/3005/163399/3005-163399-0014.flac,bonafide,0,librispeech,bonafide_libri_test-other,libri_3005,3005-163399-0014,libri_3005,16000,
data/external/LibriSpeech/test-other/3005/163399/3005-163399-0015.flac,bonafide,0,librispeech,bonafide_libri_test-other,libri_3005,3005-163399-0015,libri_3005,16000,
data/external/LibriSpeech/test-other/3005/163399/3005-163399-0016.flac,bonafide,0,librispeech,bonafide_libri_test-other,libri_3005,3005-163399-0016,libri_3005,16000,
data/external/LibriSpeech/test-other/3005/163399/3005-163399-0017.flac,bonafide,0,librispeech,bonafide_libri_test-other,libri_3005,3005-163399-0017,libri_3005,16000,
data/external/LibriSpeech/test-other/3005/163399/3005-163399-0018.flac,bonafide,0,librispeech,bonafide_libri_test-other,libri_3005,3005-163399-0018,libri_3005,16000,
data/external/LibriSpeech/test-other/3005/163399/3005-163399-0019.flac,bonafide,0,librispeech,bonafide_libri_test-other,libri_3005,3005-163399-0019,libri_3005,16000,
data/external/LibriSpeech/test-other/3005/163399/3005-163399-0020.flac,bonafide,0,librispeech,bonafide_libri_test-other,libri_3005,3005-163399-0020,libri_3005,16000,
data/external/LibriSpeech/test-other/3005/163399/3005-163399-0021.flac,bonafide,0,librispeech,bonafide_libri_test-other,libri_3005,3005-163399-0021,libri_3005,16000,
data/external/LibriSpeech/test-other/3005/163399/3005-163399-0022.flac,bonafide,0,librispeech,bonafide_libri_test-other,libri_3005,3005-163399-0022,libri_3005,16000,
data/external/LibriSpeech/test-other/3005/163399/3005-163399-0023.flac,bonafide,0,librispeech,bonafide_libri_test-other,libri_3005,3005-163399-0023,libri_3005,16000,
data/external/LibriSpeech/test-other/3005/163399/3005-163399-0024.flac,bonafide,0,librispeech,bonafide_libri_test-other,libri_3005,3005-163399-0024,libri_3005,16000,
data/external/LibriSpeech/test-other/3005/163399/3005-163399-0025.flac,bonafide,0,librispeech,bonafide_libri_test-other,libri_3005,3005-163399-0025,libri_3005,16000,
data/external/LibriSpeech/test-other/3005/163399/3005-163399-0026.flac,bonafide,0,librispeech,bonafide_libri_test-other,libri_3005,3005-163399-0026,libri_3005,16000,
data/external/LibriSpeech/test-other/3005/163399/3005-163399-0027.flac,bonafide,0,librispeech,bonafide_libri_test-other,libri_3005,3005-163399-0027,libri_3005,16000,
data/external/LibriSpeech/test-other/3005/163399/3005-163399-0028.flac,bonafide,0,librispeech,bonafide_libri_test-other,libri_3005,3005-163399-0028,libri_3005,16000,
data/external/LibriSpeech/test-other/3005/163399/3005-163399-0029.flac,bonafide,0,librispeech,bonafide_libri_test-other,libri_3005,3005-163399-0029,libri_3005,16000,
data/external/LibriSpeech/test-other/3005/163399/3005-163399-0030.flac,bonafide,0,librispeech,bonafide_libri_test-other,libri_3005,3005-163399-0030,libri_3005,16000,
data/external/LibriSpeech/test-other/3080/5032/3080-5032-0000.flac,bonafide,0,librispeech,bonafide_libri_test-other,libri_3080,3080-5032-0000,libri_3080,16000,
data/external/LibriSpeech/test-other/3080/5032/3080-5032-0001.flac,bonafide,0,librispeech,bonafide_libri_test-other,libri_3080,3080-5032-0001,libri_3080,16000,
data/external/LibriSpeech/test-other/3080/5032/3080-5032-0002.flac,bonafide,0,librispeech,bonafide_libri_test-other,libri_3080,3080-5032-0002,libri_3080,16000,
data/external/LibriSpeech/test-other/3080/5032/3080-5032-0003.flac,bonafide,0,librispeech,bonafide_libri_test-other,libri_3080,3080-5032-0003,libri_3080,16000,
data/external/LibriSpeech/test-other/3080/5032/3080-5032-0004.flac,bonafide,0,librispeech,bonafide_libri_test-other,libri_3080,3080-5032-0004,libri_3080,16000,
data/external/LibriSpeech/test-other/3080/5032/3080-5032-0005.flac,bonafide,0,librispeech,bonafide_libri_test-other,libri_3080,3080-5032-0005,libri_3080,16000,
data/external/LibriSpeech/test-other/3080/5032/3080-5032-0006.flac,bonafide,0,librispeech,bonafide_libri_test-other,libri_3080,3080-5032-0006,libri_3080,16000,
data/external/LibriSpeech/test-other/3080/5032/3080-5032-0007.flac,bonafide,0,librispeech,bonafide_libri_test-other,libri_3080,3080-5032-0007,libri_3080,16000,
data/external/LibriSpeech/test-other/3080/5032/3080-5032-0008.flac,bonafide,0,librispeech,bonafide_libri_test-other,libri_3080,3080-5032-0008,libri_3080,16000,
data/external/LibriSpeech/test-other/3080/5032/3080-5032-0009.flac,bonafide,0,librispeech,bonafide_libri_test-other,libri_3080,3080-5032-0009,libri_3080,16000,
data/external/LibriSpeech/test-other/3080/5032/3080-5032-0010.flac,bonafide,0,librispeech,bonafide_libri_test-other,libri_3080,3080-5032-0010,libri_3080,16000,
data/external/LibriSpeech/test-other/3080/5032/3080-5032-0011.flac,bonafide,0,librispeech,bonafide_libri_test-other,libri_3080,3080-5032-0011,libri_3080,16000,
data/external/LibriSpeech/test-other/3080/5032/3080-5032-0012.flac,bonafide,0,librispeech,bonafide_libri_test-other,libri_3080,3080-5032-0012,libri_3080,16000,
data/external/LibriSpeech/test-other/3080/5032/3080-5032-0013.flac,bonafide,0,librispeech,bonafide_libri_test-other,libri_3080,3080-5032-0013,libri_3080,16000,
data/external/LibriSpeech/test-other/3080/5032/3080-5032-0014.flac,bonafide,0,librispeech,bonafide_libri_test-other,libri_3080,3080-5032-0014,libri_3080,16000,
data/external/LibriSpeech/test-other/3080/5032/3080-5032-0015.flac,bonafide,0,librispeech,bonafide_libri_test-other,libri_3080,3080-5032-0015,libri_3080,16000,
data/external/LibriSpeech/test-other/3080/5032/3080-5032-0016.flac,bonafide,0,librispeech,bonafide_libri_test-other,libri_3080,3080-5032-0016,libri_3080,16000,
data/external/LibriSpeech/test-other/3080/5032/3080-5032-0017.flac,bonafide,0,librispeech,bonafide_libri_test-other,libri_3080,3080-5032-0017,libri_3080,16000,
data/external/LibriSpeech/test-other/3080/5032/3080-5032-0018.flac,bonafide,0,librispeech,bonafide_libri_test-other,libri_3080,3080-5032-0018,libri_3080,16000,
data/external/LibriSpeech/test-other/3080/5032/3080-5032-0019.flac,bonafide,0,librispeech,bonafide_libri_test-other,libri_3080,3080-5032-0019,libri_3080,16000,
data/external/LibriSpeech/test-other/3080/5032/3080-5032-0020.flac,bonafide,0,librispeech,bonafide_libri_test-other,libri_3080,3080-5032-0020,libri_3080,16000,
data/external/LibriSpeech/test-other/3080/5032/3080-5032-0021.flac,bonafide,0,librispeech,bonafide_libri_test-other,libri_3080,3080-5032-0021,libri_3080,16000,
data/external/LibriSpeech/test-other/3080/5032/3080-5032-0022.flac,bonafide,0,librispeech,bonafide_libri_test-other,libri_3080,3080-5032-0022,libri_3080,16000,
data/external/LibriSpeech/test-other/3080/5032/3080-5032-0023.flac,bonafide,0,librispeech,bonafide_libri_test-other,libri_3080,3080-5032-0023,libri_3080,16000,
data/external/LibriSpeech/test-other/3080/5032/3080-5032-0024.flac,bonafide,0,librispeech,bonafide_libri_test-other,libri_3080,3080-5032-0024,libri_3080,16000,
data/external/LibriSpeech/test-other/3080/5032/3080-5032-0025.flac,bonafide,0,librispeech,bonafide_libri_test-other,libri_3080,3080-5032-0025,libri_3080,16000,
data/external/LibriSpeech/test-other/3080/5032/3080-5032-0026.flac,bonafide,0,librispeech,bonafide_libri_test-other,libri_3080,3080-5032-0026,libri_3080,16000,
data/external/LibriSpeech/test-other/3080/5040/3080-5040-0000.flac,bonafide,0,librispeech,bonafide_libri_test-other,libri_3080,3080-5040-0000,libri_3080,16000,
data/external/LibriSpeech/test-other/3080/5040/3080-5040-0001.flac,bonafide,0,librispeech,bonafide_libri_test-other,libri_3080,3080-5040-0001,libri_3080,16000,
data/external/LibriSpeech/test-other/3080/5040/3080-5040-0002.flac,bonafide,0,librispeech,bonafide_libri_test-other,libri_3080,3080-5040-0002,libri_3080,16000,
data/external/LibriSpeech/test-other/3080/5040/3080-5040-0003.flac,bonafide,0,librispeech,bonafide_libri_test-other,libri_3080,3080-5040-0003,libri_3080,16000,
data/external/LibriSpeech/test-other/3080/5040/3080-5040-0004.flac,bonafide,0,librispeech,bonafide_libri_test-other,libri_3080,3080-5040-0004,libri_3080,16000,
data/external/LibriSpeech/test-other/3080/5040/3080-5040-0005.flac,bonafide,0,librispeech,bonafide_libri_test-other,libri_3080,3080-5040-0005,libri_3080,16000,
data/external/LibriSpeech/test-other/3080/5040/3080-5040-0006.flac,bonafide,0,librispeech,bonafide_libri_test-other,libri_3080,3080-5040-0006,libri_3080,16000,
data/external/LibriSpeech/test-other/3080/5040/3080-5040-0007.flac,bonafide,0,librispeech,bonafide_libri_test-other,libri_3080,3080-5040-0007,libri_3080,16000,
data/external/LibriSpeech/test-other/3080/5040/3080-5040-0008.flac,bonafide,0,librispeech,bonafide_libri_test-other,libri_3080,3080-5040-0008,libri_3080,16000,
data/external/LibriSpeech/test-other/3080/5040/3080-5040-0009.flac,bonafide,0,librispeech,bonafide_libri_test-other,libri_3080,3080-5040-0009,libri_3080,16000,
data/external/LibriSpeech/test-other/3080/5040/3080-5040-0010.flac,bonafide,0,librispeech,bonafide_libri_test-other,libri_3080,3080-5040-0010,libri_3080,16000,
data/external/LibriSpeech/test-other/3080/5040/3080-5040-0011.flac,bonafide,0,librispeech,bonafide_libri_test-other,libri_3080,3080-5040-0011,libri_3080,16000,
data/external/LibriSpeech/test-other/3080/5040/3080-5040-0012.flac,bonafide,0,librispeech,bonafide_libri_test-other,libri_3080,3080-5040-0012,libri_3080,16000,
data/external/LibriSpeech/test-other/3080/5040/3080-5040-0013.flac,bonafide,0,librispeech,bonafide_libri_test-other,libri_3080,3080-5040-0013,libri_3080,16000,
data/external/LibriSpeech/test-other/3080/5040/3080-5040-0014.flac,bonafide,0,librispeech,bonafide_libri_test-other,libri_3080,3080-5040-0014,libri_3080,16000,
data/external/LibriSpeech/test-other/3080/5040/3080-5040-0015.flac,bonafide,0,librispeech,bonafide_libri_test-other,libri_3080,3080-5040-0015,libri_3080,16000,
data/external/LibriSpeech/test-other/3080/5040/3080-5040-0016.flac,bonafide,0,librispeech,bonafide_libri_test-other,libri_3080,3080-5040-0016,libri_3080,16000,
data/external/LibriSpeech/test-other/3080/5040/3080-5040-0017.flac,bonafide,0,librispeech,bonafide_libri_test-other,libri_3080,3080-5040-0017,libri_3080,16000,
data/external/LibriSpeech/test-other/3080/5040/3080-5040-0018.flac,bonafide,0,librispeech,bonafide_libri_test-other,libri_3080,3080-5040-0018,libri_3080,16000,
data/external/LibriSpeech/test-other/3080/5040/3080-5040-0019.flac,bonafide,0,librispeech,bonafide_libri_test-other,libri_3080,3080-5040-0019,libri_3080,16000,
data/external/LibriSpeech/test-other/3080/5040/3080-5040-0020.flac,bonafide,0,librispeech,bonafide_libri_test-other,libri_3080,3080-5040-0020,libri_3080,16000,
data/external/LibriSpeech/test-other/3080/5040/3080-5040-0021.flac,bonafide,0,librispeech,bonafide_libri_test-other,libri_3080,3080-5040-0021,libri_3080,16000,
data/external/LibriSpeech/test-other/3080/5040/3080-5040-0022.flac,bonafide,0,librispeech,bonafide_libri_test-other,libri_3080,3080-5040-0022,libri_3080,16000,
data/external/LibriSpeech/test-other/3080/5040/3080-5040-0023.flac,bonafide,0,librispeech,bonafide_libri_test-other,libri_3080,3080-5040-0023,libri_3080,16000,
data/external/LibriSpeech/test-other/3080/5040/3080-5040-0024.flac,bonafide,0,librispeech,bonafide_libri_test-other,libri_3080,3080-5040-0024,libri_3080,16000,
data/external/LibriSpeech/test-other/3080/5040/3080-5040-0025.flac,bonafide,0,librispeech,bonafide_libri_test-other,libri_3080,3080-5040-0025,libri_3080,16000,
data/external/LibriSpeech/test-other/3080/5040/3080-5040-0026.flac,bonafide,0,librispeech,bonafide_libri_test-other,libri_3080,3080-5040-0026,libri_3080,16000,
data/external/LibriSpeech/test-other/3080/5040/3080-5040-0027.flac,bonafide,0,librispeech,bonafide_libri_test-other,libri_3080,3080-5040-0027,libri_3080,16000,
data/external/LibriSpeech/test-other/3080/5040/3080-5040-0028.flac,bonafide,0,librispeech,bonafide_libri_test-other,libri_3080,3080-5040-0028,libri_3080,16000,
data/external/LibriSpeech/test-other/3080/5040/3080-5040-0029.flac,bonafide,0,librispeech,bonafide_libri_test-other,libri_3080,3080-5040-0029,libri_3080,16000,
data/external/LibriSpeech/test-other/3080/5040/3080-5040-0030.flac,bonafide,0,librispeech,bonafide_libri_test-other,libri_3080,3080-5040-0030,libri_3080,16000,
data/external/LibriSpeech/test-other/3080/5040/3080-5040-0031.flac,bonafide,0,librispeech,bonafide_libri_test-other,libri_3080,3080-5040-0031,libri_3080,16000,
data/external/LibriSpeech/test-other/3080/5040/3080-5040-0032.flac,bonafide,0,librispeech,bonafide_libri_test-other,libri_3080,3080-5040-0032,libri_3080,16000,
data/external/LibriSpeech/test-other/3080/5040/3080-5040-0033.flac,bonafide,0,librispeech,bonafide_libri_test-other,libri_3080,3080-5040-0033,libri_3080,16000,
data/external/LibriSpeech/test-other/3331/159605/3331-159605-0000.flac,bonafide,0,librispeech,bonafide_libri_test-other,libri_3331,3331-159605-0000,libri_3331,16000,
data/external/LibriSpeech/test-other/3331/159605/3331-159605-0001.flac,bonafide,0,librispeech,bonafide_libri_test-other,libri_3331,3331-159605-0001,libri_3331,16000,
data/external/LibriSpeech/test-other/3331/159605/3331-159605-0002.flac,bonafide,0,librispeech,bonafide_libri_test-other,libri_3331,3331-159605-0002,libri_3331,16000,
data/external/LibriSpeech/test-other/3331/159605/3331-159605-0003.flac,bonafide,0,librispeech,bonafide_libri_test-other,libri_3331,3331-159605-0003,libri_3331,16000,
data/external/LibriSpeech/test-other/3331/159605/3331-159605-0004.flac,bonafide,0,librispeech,bonafide_libri_test-other,libri_3331,3331-159605-0004,libri_3331,16000,
data/external/LibriSpeech/test-other/3331/159605/3331-159605-0005.flac,bonafide,0,librispeech,bonafide_libri_test-other,libri_3331,3331-159605-0005,libri_3331,16000,
data/external/LibriSpeech/test-other/3331/159605/3331-159605-0006.flac,bonafide,0,librispeech,bonafide_libri_test-other,libri_3331,3331-159605-0006,libri_3331,16000,
data/external/LibriSpeech/test-other/3331/159605/3331-159605-0007.flac,bonafide,0,librispeech,bonafide_libri_test-other,libri_3331,3331-159605-0007,libri_3331,16000,
data/external/LibriSpeech/test-other/3331/159605/3331-159605-0008.flac,bonafide,0,librispeech,bonafide_libri_test-other,libri_3331,3331-159605-0008,libri_3331,16000,
data/external/LibriSpeech/test-other/3331/159605/3331-159605-0009.flac,bonafide,0,librispeech,bonafide_libri_test-other,libri_3331,3331-159605-0009,libri_3331,16000,
data/external/LibriSpeech/test-other/3331/159605/3331-159605-0010.flac,bonafide,0,librispeech,bonafide_libri_test-other,libri_3331,3331-159605-0010,libri_3331,16000,
data/external/LibriSpeech/test-other/3331/159605/3331-159605-0011.flac,bonafide,0,librispeech,bonafide_libri_test-other,libri_3331,3331-159605-0011,libri_3331,16000,
data/external/LibriSpeech/test-other/3331/159605/3331-159605-0012.flac,bonafide,0,librispeech,bonafide_libri_test-other,libri_3331,3331-159605-0012,libri_3331,16000,
data/external/LibriSpeech/test-other/3331/159605/3331-159605-0013.flac,bonafide,0,librispeech,bonafide_libri_test-other,libri_3331,3331-159605-0013,libri_3331,16000,
data/external/LibriSpeech/test-other/3331/159605/3331-159605-0014.flac,bonafide,0,librispeech,bonafide_libri_test-other,libri_3331,3331-159605-0014,libri_3331,16000,
data/external/LibriSpeech/test-other/3331/159605/3331-159605-0015.flac,bonafide,0,librispeech,bonafide_libri_test-other,libri_3331,3331-159605-0015,libri_3331,16000,
data/external/LibriSpeech/test-other/3331/159605/3331-159605-0016.flac,bonafide,0,librispeech,bonafide_libri_test-other,libri_3331,3331-159605-0016,libri_3331,16000,
data/external/LibriSpeech/test-other/3331/159605/3331-159605-0017.flac,bonafide,0,librispeech,bonafide_libri_test-other,libri_3331,3331-159605-0017,libri_3331,16000,
data/external/LibriSpeech/test-other/3331/159605/3331-159605-0018.flac,bonafide,0,librispeech,bonafide_libri_test-other,libri_3331,3331-159605-0018,libri_3331,16000,
data/external/LibriSpeech/test-other/3331/159605/3331-159605-0019.flac,bonafide,0,librispeech,bonafide_libri_test-other,libri_3331,3331-159605-0019,libri_3331,16000,
data/external/LibriSpeech/test-other/3331/159605/3331-159605-0020.flac,bonafide,0,librispeech,bonafide_libri_test-other,libri_3331,3331-159605-0020,libri_3331,16000,
data/external/LibriSpeech/test-other/3331/159605/3331-159605-0021.flac,bonafide,0,librispeech,bonafide_libri_test-other,libri_3331,3331-159605-0021,libri_3331,16000,
data/external/LibriSpeech/test-other/3331/159605/3331-159605-0022.flac,bonafide,0,librispeech,bonafide_libri_test-other,libri_3331,3331-159605-0022,libri_3331,16000,
data/external/LibriSpeech/test-other/3331/159605/3331-159605-0023.flac,bonafide,0,librispeech,bonafide_libri_test-other,libri_3331,3331-159605-0023,libri_3331,16000,
data/external/LibriSpeech/test-other/3331/159605/3331-159605-0024.flac,bonafide,0,librispeech,bonafide_libri_test-other,libri_3331,3331-159605-0024,libri_3331,16000,
data/external/LibriSpeech/test-other/3331/159605/3331-159605-0025.flac,bonafide,0,librispeech,bonafide_libri_test-other,libri_3331,3331-159605-0025,libri_3331,16000,
data/external/LibriSpeech/test-other/3331/159605/3331-159605-0026.flac,bonafide,0,librispeech,bonafide_libri_test-other,libri_3331,3331-159605-0026,libri_3331,16000,
data/external/LibriSpeech/test-other/3331/159605/3331-159605-0027.flac,bonafide,0,librispeech,bonafide_libri_test-other,libri_3331,3331-159605-0027,libri_3331,16000,
data/external/LibriSpeech/test-other/3331/159605/3331-159605-0028.flac,bonafide,0,librispeech,bonafide_libri_test-other,libri_3331,3331-159605-0028,libri_3331,16000,
data/external/LibriSpeech/test-other/3331/159605/3331-159605-0029.flac,bonafide,0,librispeech,bonafide_libri_test-other,libri_3331,3331-159605-0029,libri_3331,16000,
data/external/LibriSpeech/test-other/3331/159605/3331-159605-0030.flac,bonafide,0,librispeech,bonafide_libri_test-other,libri_3331,3331-159605-0030,libri_3331,16000,
data/external/LibriSpeech/test-other/3331/159605/3331-159605-0031.flac,bonafide,0,librispeech,bonafide_libri_test-other,libri_3331,3331-159605-0031,libri_3331,16000,
data/external/LibriSpeech/test-other/3331/159605/3331-159605-0032.flac,bonafide,0,librispeech,bonafide_libri_test-other,libri_3331,3331-159605-0032,libri_3331,16000,
data/external/LibriSpeech/test-other/3331/159605/3331-159605-0033.flac,bonafide,0,librispeech,bonafide_libri_test-other,libri_3331,3331-159605-0033,libri_3331,16000,
data/external/LibriSpeech/test-other/3331/159605/3331-159605-0034.flac,bonafide,0,librispeech,bonafide_libri_test-other,libri_3331,3331-159605-0034,libri_3331,16000,
data/external/LibriSpeech/test-other/3331/159605/3331-159605-0035.flac,bonafide,0,librispeech,bonafide_libri_test-other,libri_3331,3331-159605-0035,libri_3331,16000,
data/external/LibriSpeech/test-other/3331/159605/3331-159605-0036.flac,bonafide,0,librispeech,bonafide_libri_test-other,libri_3331,3331-159605-0036,libri_3331,16000,
data/external/LibriSpeech/test-other/3331/159605/3331-159605-0037.flac,bonafide,0,librispeech,bonafide_libri_test-other,libri_3331,3331-159605-0037,libri_3331,16000,
data/external/LibriSpeech/test-other/3331/159605/3331-159605-0038.flac,bonafide,0,librispeech,bonafide_libri_test-other,libri_3331,3331-159605-0038,libri_3331,16000,
data/external/LibriSpeech/test-other/3331/159605/3331-159605-0039.flac,bonafide,0,librispeech,bonafide_libri_test-other,libri_3331,3331-159605-0039,libri_3331,16000,
data/external/LibriSpeech/test-other/3331/159605/3331-159605-0040.flac,bonafide,0,librispeech,bonafide_libri_test-other,libri_3331,3331-159605-0040,libri_3331,16000,
data/external/LibriSpeech/test-other/3331/159605/3331-159605-0041.flac,bonafide,0,librispeech,bonafide_libri_test-other,libri_3331,3331-159605-0041,libri_3331,16000,
data/external/LibriSpeech/test-other/3331/159605/3331-159605-0042.flac,bonafide,0,librispeech,bonafide_libri_test-other,libri_3331,3331-159605-0042,libri_3331,16000,
data/external/LibriSpeech/test-other/3331/159605/3331-159605-0043.flac,bonafide,0,librispeech,bonafide_libri_test-other,libri_3331,3331-159605-0043,libri_3331,16000,
data/external/LibriSpeech/test-other/3331/159605/3331-159605-0044.flac,bonafide,0,librispeech,bonafide_libri_test-other,libri_3331,3331-159605-0044,libri_3331,16000,
data/external/LibriSpeech/test-other/3331/159605/3331-159605-0045.flac,bonafide,0,librispeech,bonafide_libri_test-other,libri_3331,3331-159605-0045,libri_3331,16000,
data/external/LibriSpeech/test-other/3331/159605/3331-159605-0046.flac,bonafide,0,librispeech,bonafide_libri_test-other,libri_3331,3331-159605-0046,libri_3331,16000,
data/external/LibriSpeech/test-other/3331/159609/3331-159609-0000.flac,bonafide,0,librispeech,bonafide_libri_test-other,libri_3331,3331-159609-0000,libri_3331,16000,
data/external/LibriSpeech/test-other/3331/159609/3331-159609-0001.flac,bonafide,0,librispeech,bonafide_libri_test-other,libri_3331,3331-159609-0001,libri_3331,16000,
data/external/LibriSpeech/test-other/3331/159609/3331-159609-0002.flac,bonafide,0,librispeech,bonafide_libri_test-other,libri_3331,3331-159609-0002,libri_3331,16000,
data/external/LibriSpeech/test-other/3331/159609/3331-159609-0003.flac,bonafide,0,librispeech,bonafide_libri_test-other,libri_3331,3331-159609-0003,libri_3331,16000,
data/external/LibriSpeech/test-other/3331/159609/3331-159609-0004.flac,bonafide,0,librispeech,bonafide_libri_test-other,libri_3331,3331-159609-0004,libri_3331,16000,
data/external/LibriSpeech/test-other/3331/159609/3331-159609-0005.flac,bonafide,0,librispeech,bonafide_libri_test-other,libri_3331,3331-159609-0005,libri_3331,16000,
data/external/LibriSpeech/test-other/3331/159609/3331-159609-0006.flac,bonafide,0,librispeech,bonafide_libri_test-other,libri_3331,3331-159609-0006,libri_3331,16000,
data/external/LibriSpeech/test-other/3331/159609/3331-159609-0007.flac,bonafide,0,librispeech,bonafide_libri_test-other,libri_3331,3331-159609-0007,libri_3331,16000,
data/external/LibriSpeech/test-other/3331/159609/3331-159609-0008.flac,bonafide,0,librispeech,bonafide_libri_test-other,libri_3331,3331-159609-0008,libri_3331,16000,
data/external/LibriSpeech/test-other/3331/159609/3331-159609-0009.flac,bonafide,0,librispeech,bonafide_libri_test-other,libri_3331,3331-159609-0009,libri_3331,16000,
data/external/LibriSpeech/test-other/3331/159609/3331-159609-0010.flac,bonafide,0,librispeech,bonafide_libri_test-other,libri_3331,3331-159609-0010,libri_3331,16000,
data/external/LibriSpeech/test-other/3331/159609/3331-159609-0011.flac,bonafide,0,librispeech,bonafide_libri_test-other,libri_3331,3331-159609-0011,libri_3331,16000,
data/external/LibriSpeech/test-other/3331/159609/3331-159609-0012.flac,bonafide,0,librispeech,bonafide_libri_test-other,libri_3331,3331-159609-0012,libri_3331,16000,
data/external/LibriSpeech/test-other/3331/159609/3331-159609-0013.flac,bonafide,0,librispeech,bonafide_libri_test-other,libri_3331,3331-159609-0013,libri_3331,16000,
data/external/LibriSpeech/test-other/3331/159609/3331-159609-0014.flac,bonafide,0,librispeech,bonafide_libri_test-other,libri_3331,3331-159609-0014,libri_3331,16000,
data/external/LibriSpeech/test-other/3331/159609/3331-159609-0015.flac,bonafide,0,librispeech,bonafide_libri_test-other,libri_3331,3331-159609-0015,libri_3331,16000,
data/external/LibriSpeech/test-other/3331/159609/3331-159609-0016.flac,bonafide,0,librispeech,bonafide_libri_test-other,libri_3331,3331-159609-0016,libri_3331,16000,
data/external/LibriSpeech/test-other/3331/159609/3331-159609-0017.flac,bonafide,0,librispeech,bonafide_libri_test-other,libri_3331,3331-159609-0017,libri_3331,16000,
data/external/LibriSpeech/test-other/3331/159609/3331-159609-0018.flac,bonafide,0,librispeech,bonafide_libri_test-other,libri_3331,3331-159609-0018,libri_3331,16000,
data/external/LibriSpeech/test-other/3331/159609/3331-159609-0019.flac,bonafide,0,librispeech,bonafide_libri_test-other,libri_3331,3331-159609-0019,libri_3331,16000,
data/external/LibriSpeech/test-other/3331/159609/3331-159609-0020.flac,bonafide,0,librispeech,bonafide_libri_test-other,libri_3331,3331-159609-0020,libri_3331,16000,
data/external/LibriSpeech/test-other/3331/159609/3331-159609-0021.flac,bonafide,0,librispeech,bonafide_libri_test-other,libri_3331,3331-159609-0021,libri_3331,16000,
data/external/LibriSpeech/test-other/3331/159609/3331-159609-0022.flac,bonafide,0,librispeech,bonafide_libri_test-other,libri_3331,3331-159609-0022,libri_3331,16000,
data/external/LibriSpeech/test-other/3331/159609/3331-159609-0023.flac,bonafide,0,librispeech,bonafide_libri_test-other,libri_3331,3331-159609-0023,libri_3331,16000,
data/external/LibriSpeech/test-other/3331/159609/3331-159609-0024.flac,bonafide,0,librispeech,bonafide_libri_test-other,libri_3331,3331-159609-0024,libri_3331,16000,
data/external/LibriSpeech/test-other/3331/159609/3331-159609-0025.flac,bonafide,0,librispeech,bonafide_libri_test-other,libri_3331,3331-159609-0025,libri_3331,16000,
data/external/LibriSpeech/test-other/3528/168656/3528-168656-0000.flac,bonafide,0,librispeech,bonafide_libri_test-other,libri_3528,3528-168656-0000,libri_3528,16000,
data/external/LibriSpeech/test-other/3528/168656/3528-168656-0001.flac,bonafide,0,librispeech,bonafide_libri_test-other,libri_3528,3528-168656-0001,libri_3528,16000,
data/external/LibriSpeech/test-other/3528/168656/3528-168656-0002.flac,bonafide,0,librispeech,bonafide_libri_test-other,libri_3528,3528-168656-0002,libri_3528,16000,
data/external/LibriSpeech/test-other/3528/168656/3528-168656-0003.flac,bonafide,0,librispeech,bonafide_libri_test-other,libri_3528,3528-168656-0003,libri_3528,16000,
data/external/LibriSpeech/test-other/3528/168656/3528-168656-0004.flac,bonafide,0,librispeech,bonafide_libri_test-other,libri_3528,3528-168656-0004,libri_3528,16000,
data/external/LibriSpeech/test-other/3528/168656/3528-168656-0005.flac,bonafide,0,librispeech,bonafide_libri_test-other,libri_3528,3528-168656-0005,libri_3528,16000,
data/external/LibriSpeech/test-other/3528/168656/3528-168656-0006.flac,bonafide,0,librispeech,bonafide_libri_test-other,libri_3528,3528-168656-0006,libri_3528,16000,
data/external/LibriSpeech/test-other/3528/168656/3528-168656-0007.flac,bonafide,0,librispeech,bonafide_libri_test-other,libri_3528,3528-168656-0007,libri_3528,16000,
data/external/LibriSpeech/test-other/3528/168656/3528-168656-0008.flac,bonafide,0,librispeech,bonafide_libri_test-other,libri_3528,3528-168656-0008,libri_3528,16000,
data/external/LibriSpeech/test-other/3528/168656/3528-168656-0009.flac,bonafide,0,librispeech,bonafide_libri_test-other,libri_3528,3528-168656-0009,libri_3528,16000,
data/external/LibriSpeech/test-other/3528/168656/3528-168656-0010.flac,bonafide,0,librispeech,bonafide_libri_test-other,libri_3528,3528-168656-0010,libri_3528,16000,
data/external/LibriSpeech/test-other/3528/168656/3528-168656-0011.flac,bonafide,0,librispeech,bonafide_libri_test-other,libri_3528,3528-168656-0011,libri_3528,16000,
data/external/LibriSpeech/test-other/3528/168656/3528-168656-0012.flac,bonafide,0,librispeech,bonafide_libri_test-other,libri_3528,3528-168656-0012,libri_3528,16000,
data/external/LibriSpeech/test-other/3528/168669/3528-168669-0000.flac,bonafide,0,librispeech,bonafide_libri_test-other,libri_3528,3528-168669-0000,libri_3528,16000,
data/external/LibriSpeech/test-other/3528/168669/3528-168669-0001.flac,bonafide,0,librispeech,bonafide_libri_test-other,libri_3528,3528-168669-0001,libri_3528,16000,
data/external/LibriSpeech/test-other/3528/168669/3528-168669-0002.flac,bonafide,0,librispeech,bonafide_libri_test-other,libri_3528,3528-168669-0002,libri_3528,16000,
data/external/LibriSpeech/test-other/3528/168669/3528-168669-0003.flac,bonafide,0,librispeech,bonafide_libri_test-other,libri_3528,3528-168669-0003,libri_3528,16000,
data/external/LibriSpeech/test-other/3528/168669/3528-168669-0004.flac,bonafide,0,librispeech,bonafide_libri_test-other,libri_3528,3528-168669-0004,libri_3528,16000,
data/external/LibriSpeech/test-other/3528/168669/3528-168669-0005.flac,bonafide,0,librispeech,bonafide_libri_test-other,libri_3528,3528-168669-0005,libri_3528,16000,
data/external/LibriSpeech/test-other/3528/168669/3528-168669-0006.flac,bonafide,0,librispeech,bonafide_libri_test-other,libri_3528,3528-168669-0006,libri_3528,16000,
data/external/LibriSpeech/test-other/3528/168669/3528-168669-0007.flac,bonafide,0,librispeech,bonafide_libri_test-other,libri_3528,3528-168669-0007,libri_3528,16000,
data/external/LibriSpeech/test-other/3528/168669/3528-168669-0008.flac,bonafide,0,librispeech,bonafide_libri_test-other,libri_3528,3528-168669-0008,libri_3528,16000,
data/external/LibriSpeech/test-other/3528/168669/3528-168669-0009.flac,bonafide,0,librispeech,bonafide_libri_test-other,libri_3528,3528-168669-0009,libri_3528,16000,
data/external/LibriSpeech/test-other/3528/168669/3528-168669-0010.flac,bonafide,0,librispeech,bonafide_libri_test-other,libri_3528,3528-168669-0010,libri_3528,16000,
data/external/LibriSpeech/test-other/3528/168669/3528-168669-0011.flac,bonafide,0,librispeech,bonafide_libri_test-other,libri_3528,3528-168669-0011,libri_3528,16000,
data/external/LibriSpeech/test-other/3528/168669/3528-168669-0012.flac,bonafide,0,librispeech,bonafide_libri_test-other,libri_3528,3528-168669-0012,libri_3528,16000,
data/external/LibriSpeech/test-other/3528/168669/3528-168669-0013.flac,bonafide,0,librispeech,bonafide_libri_test-other,libri_3528,3528-168669-0013,libri_3528,16000,
data/external/LibriSpeech/test-other/3528/168669/3528-168669-0014.flac,bonafide,0,librispeech,bonafide_libri_test-other,libri_3528,3528-168669-0014,libri_3528,16000,
data/external/LibriSpeech/test-other/3528/168669/3528-168669-0015.flac,bonafide,0,librispeech,bonafide_libri_test-other,libri_3528,3528-168669-0015,libri_3528,16000,
data/external/LibriSpeech/test-other/3528/168669/3528-168669-0016.flac,bonafide,0,librispeech,bonafide_libri_test-other,libri_3528,3528-168669-0016,libri_3528,16000,
data/external/LibriSpeech/test-other/3528/168669/3528-168669-0017.flac,bonafide,0,librispeech,bonafide_libri_test-other,libri_3528,3528-168669-0017,libri_3528,16000,
data/external/LibriSpeech/test-other/3528/168669/3528-168669-0018.flac,bonafide,0,librispeech,bonafide_libri_test-other,libri_3528,3528-168669-0018,libri_3528,16000,
data/external/LibriSpeech/test-other/3528/168669/3528-168669-0019.flac,bonafide,0,librispeech,bonafide_libri_test-other,libri_3528,3528-168669-0019,libri_3528,16000,
data/external/LibriSpeech/test-other/3528/168669/3528-168669-0020.flac,bonafide,0,librispeech,bonafide_libri_test-other,libri_3528,3528-168669-0020,libri_3528,16000,
data/external/LibriSpeech/test-other/3528/168669/3528-168669-0021.flac,bonafide,0,librispeech,bonafide_libri_test-other,libri_3528,3528-168669-0021,libri_3528,16000,
data/external/LibriSpeech/test-other/3528/168669/3528-168669-0022.flac,bonafide,0,librispeech,bonafide_libri_test-other,libri_3528,3528-168669-0022,libri_3528,16000,
data/external/LibriSpeech/test-other/3528/168669/3528-168669-0023.flac,bonafide,0,librispeech,bonafide_libri_test-other,libri_3528,3528-168669-0023,libri_3528,16000,
data/external/LibriSpeech/test-other/3528/168669/3528-168669-0024.flac,bonafide,0,librispeech,bonafide_libri_test-other,libri_3528,3528-168669-0024,libri_3528,16000,
data/external/LibriSpeech/test-other/3528/168669/3528-168669-0025.flac,bonafide,0,librispeech,bonafide_libri_test-other,libri_3528,3528-168669-0025,libri_3528,16000,
data/external/LibriSpeech/test-other/3528/168669/3528-168669-0026.flac,bonafide,0,librispeech,bonafide_libri_test-other,libri_3528,3528-168669-0026,libri_3528,16000,
data/external/LibriSpeech/test-other/3528/168669/3528-168669-0027.flac,bonafide,0,librispeech,bonafide_libri_test-other,libri_3528,3528-168669-0027,libri_3528,16000,
data/external/LibriSpeech/test-other/3528/168669/3528-168669-0028.flac,bonafide,0,librispeech,bonafide_libri_test-other,libri_3528,3528-168669-0028,libri_3528,16000,
data/external/LibriSpeech/test-other/3528/168669/3528-168669-0029.flac,bonafide,0,librispeech,bonafide_libri_test-other,libri_3528,3528-168669-0029,libri_3528,16000,
data/external/LibriSpeech/test-other/3528/168669/3528-168669-0030.flac,bonafide,0,librispeech,bonafide_libri_test-other,libri_3528,3528-168669-0030,libri_3528,16000,
data/external/LibriSpeech/test-other/3528/168669/3528-168669-0031.flac,bonafide,0,librispeech,bonafide_libri_test-other,libri_3528,3528-168669-0031,libri_3528,16000,
data/external/LibriSpeech/test-other/3528/168669/3528-168669-0032.flac,bonafide,0,librispeech,bonafide_libri_test-other,libri_3528,3528-168669-0032,libri_3528,16000,
data/external/LibriSpeech/test-other/3528/168669/3528-168669-0033.flac,bonafide,0,librispeech,bonafide_libri_test-other,libri_3528,3528-168669-0033,libri_3528,16000,
data/external/LibriSpeech/test-other/3528/168669/3528-168669-0034.flac,bonafide,0,librispeech,bonafide_libri_test-other,libri_3528,3528-168669-0034,libri_3528,16000,
data/external/LibriSpeech/test-other/3528/168669/3528-168669-0035.flac,bonafide,0,librispeech,bonafide_libri_test-other,libri_3528,3528-168669-0035,libri_3528,16000,
data/external/LibriSpeech/test-other/3528/168669/3528-168669-0036.flac,bonafide,0,librispeech,bonafide_libri_test-other,libri_3528,3528-168669-0036,libri_3528,16000,
data/external/LibriSpeech/test-other/3528/168669/3528-168669-0037.flac,bonafide,0,librispeech,bonafide_libri_test-other,libri_3528,3528-168669-0037,libri_3528,16000,
data/external/LibriSpeech/test-other/3528/168669/3528-168669-0038.flac,bonafide,0,librispeech,bonafide_libri_test-other,libri_3528,3528-168669-0038,libri_3528,16000,
data/external/LibriSpeech/test-other/3528/168669/3528-168669-0039.flac,bonafide,0,librispeech,bonafide_libri_test-other,libri_3528,3528-168669-0039,libri_3528,16000,
data/external/LibriSpeech/test-other/3528/168669/3528-168669-0040.flac,bonafide,0,librispeech,bonafide_libri_test-other,libri_3528,3528-168669-0040,libri_3528,16000,
data/external/LibriSpeech/test-other/3528/168669/3528-168669-0041.flac,bonafide,0,librispeech,bonafide_libri_test-other,libri_3528,3528-168669-0041,libri_3528,16000,
data/external/LibriSpeech/test-other/3528/168669/3528-168669-0042.flac,bonafide,0,librispeech,bonafide_libri_test-other,libri_3528,3528-168669-0042,libri_3528,16000,
data/external/LibriSpeech/test-other/3528/168669/3528-168669-0043.flac,bonafide,0,librispeech,bonafide_libri_test-other,libri_3528,3528-168669-0043,libri_3528,16000,
data/external/LibriSpeech/test-other/3528/168669/3528-168669-0044.flac,bonafide,0,librispeech,bonafide_libri_test-other,libri_3528,3528-168669-0044,libri_3528,16000,
data/external/LibriSpeech/test-other/3528/168669/3528-168669-0045.flac,bonafide,0,librispeech,bonafide_libri_test-other,libri_3528,3528-168669-0045,libri_3528,16000,
data/external/LibriSpeech/test-other/3528/168669/3528-168669-0046.flac,bonafide,0,librispeech,bonafide_libri_test-other,libri_3528,3528-168669-0046,libri_3528,16000,
data/external/LibriSpeech/test-other/3528/168669/3528-168669-0047.flac,bonafide,0,librispeech,bonafide_libri_test-other,libri_3528,3528-168669-0047,libri_3528,16000,
data/external/LibriSpeech/test-other/3528/168669/3528-168669-0048.flac,bonafide,0,librispeech,bonafide_libri_test-other,libri_3528,3528-168669-0048,libri_3528,16000,
data/external/LibriSpeech/test-other/3528/168669/3528-168669-0049.flac,bonafide,0,librispeech,bonafide_libri_test-other,libri_3528,3528-168669-0049,libri_3528,16000,
data/external/LibriSpeech/test-other/3528/168669/3528-168669-0050.flac,bonafide,0,librispeech,bonafide_libri_test-other,libri_3528,3528-168669-0050,libri_3528,16000,
data/external/LibriSpeech/test-other/3528/168669/3528-168669-0051.flac,bonafide,0,librispeech,bonafide_libri_test-other,libri_3528,3528-168669-0051,libri_3528,16000,
data/external/LibriSpeech/test-other/3528/168669/3528-168669-0052.flac,bonafide,0,librispeech,bonafide_libri_test-other,libri_3528,3528-168669-0052,libri_3528,16000,
data/external/LibriSpeech/test-other/3528/168669/3528-168669-0053.flac,bonafide,0,librispeech,bonafide_libri_test-other,libri_3528,3528-168669-0053,libri_3528,16000,
data/external/LibriSpeech/test-other/3528/168669/3528-168669-0054.flac,bonafide,0,librispeech,bonafide_libri_test-other,libri_3528,3528-168669-0054,libri_3528,16000,
data/external/LibriSpeech/test-other/3528/168669/3528-168669-0055.flac,bonafide,0,librispeech,bonafide_libri_test-other,libri_3528,3528-168669-0055,libri_3528,16000,
data/external/LibriSpeech/test-other/3528/168669/3528-168669-0056.flac,bonafide,0,librispeech,bonafide_libri_test-other,libri_3528,3528-168669-0056,libri_3528,16000,
data/external/LibriSpeech/test-other/3528/168669/3528-168669-0057.flac,bonafide,0,librispeech,bonafide_libri_test-other,libri_3528,3528-168669-0057,libri_3528,16000,
data/external/LibriSpeech/test-other/3528/168669/3528-168669-0058.flac,bonafide,0,librispeech,bonafide_libri_test-other,libri_3528,3528-168669-0058,libri_3528,16000,
data/external/LibriSpeech/test-other/3528/168669/3528-168669-0059.flac,bonafide,0,librispeech,bonafide_libri_test-other,libri_3528,3528-168669-0059,libri_3528,16000,
data/external/LibriSpeech/test-other/3528/168669/3528-168669-0060.flac,bonafide,0,librispeech,bonafide_libri_test-other,libri_3528,3528-168669-0060,libri_3528,16000,
data/external/LibriSpeech/test-other/3528/168669/3528-168669-0061.flac,bonafide,0,librispeech,bonafide_libri_test-other,libri_3528,3528-168669-0061,libri_3528,16000,
data/external/LibriSpeech/test-other/3528/168669/3528-168669-0062.flac,bonafide,0,librispeech,bonafide_libri_test-other,libri_3528,3528-168669-0062,libri_3528,16000,
data/external/LibriSpeech/test-other/3528/168669/3528-168669-0063.flac,bonafide,0,librispeech,bonafide_libri_test-other,libri_3528,3528-168669-0063,libri_3528,16000,
data/external/LibriSpeech/test-other/3528/168669/3528-168669-0064.flac,bonafide,0,librispeech,bonafide_libri_test-other,libri_3528,3528-168669-0064,libri_3528,16000,
data/external/LibriSpeech/test-other/3528/168669/3528-168669-0065.flac,bonafide,0,librispeech,bonafide_libri_test-other,libri_3528,3528-168669-0065,libri_3528,16000,
data/external/LibriSpeech/test-other/3528/168669/3528-168669-0066.flac,bonafide,0,librispeech,bonafide_libri_test-other,libri_3528,3528-168669-0066,libri_3528,16000,
data/external/LibriSpeech/test-other/3528/168669/3528-168669-0067.flac,bonafide,0,librispeech,bonafide_libri_test-other,libri_3528,3528-168669-0067,libri_3528,16000,
data/external/LibriSpeech/test-other/3528/168669/3528-168669-0068.flac,bonafide,0,librispeech,bonafide_libri_test-other,libri_3528,3528-168669-0068,libri_3528,16000,
data/external/LibriSpeech/test-other/3528/168669/3528-168669-0069.flac,bonafide,0,librispeech,bonafide_libri_test-other,libri_3528,3528-168669-0069,libri_3528,16000,
data/external/LibriSpeech/test-other/3528/168669/3528-168669-0070.flac,bonafide,0,librispeech,bonafide_libri_test-other,libri_3528,3528-168669-0070,libri_3528,16000,
data/external/LibriSpeech/test-other/3528/168669/3528-168669-0071.flac,bonafide,0,librispeech,bonafide_libri_test-other,libri_3528,3528-168669-0071,libri_3528,16000,
data/external/LibriSpeech/test-other/3528/168669/3528-168669-0072.flac,bonafide,0,librispeech,bonafide_libri_test-other,libri_3528,3528-168669-0072,libri_3528,16000,
data/external/LibriSpeech/test-other/3528/168669/3528-168669-0073.flac,bonafide,0,librispeech,bonafide_libri_test-other,libri_3528,3528-168669-0073,libri_3528,16000,
data/external/LibriSpeech/test-other/3528/168669/3528-168669-0074.flac,bonafide,0,librispeech,bonafide_libri_test-other,libri_3528,3528-168669-0074,libri_3528,16000,
data/external/LibriSpeech/test-other/3528/168669/3528-168669-0075.flac,bonafide,0,librispeech,bonafide_libri_test-other,libri_3528,3528-168669-0075,libri_3528,16000,
data/external/LibriSpeech/test-other/3528/168669/3528-168669-0076.flac,bonafide,0,librispeech,bonafide_libri_test-other,libri_3528,3528-168669-0076,libri_3528,16000,
data/external/LibriSpeech/test-other/3528/168669/3528-168669-0077.flac,bonafide,0,librispeech,bonafide_libri_test-other,libri_3528,3528-168669-0077,libri_3528,16000,
data/external/LibriSpeech/test-other/3528/168669/3528-168669-0078.flac,bonafide,0,librispeech,bonafide_libri_test-other,libri_3528,3528-168669-0078,libri_3528,16000,
data/external/LibriSpeech/test-other/3528/168669/3528-168669-0079.flac,bonafide,0,librispeech,bonafide_libri_test-other,libri_3528,3528-168669-0079,libri_3528,16000,
data/external/LibriSpeech/test-other/3528/168669/3528-168669-0080.flac,bonafide,0,librispeech,bonafide_libri_test-other,libri_3528,3528-168669-0080,libri_3528,16000,
data/external/LibriSpeech/test-other/3528/168669/3528-168669-0081.flac,bonafide,0,librispeech,bonafide_libri_test-other,libri_3528,3528-168669-0081,libri_3528,16000,
data/external/LibriSpeech/test-other/3528/168669/3528-168669-0082.flac,bonafide,0,librispeech,bonafide_libri_test-other,libri_3528,3528-168669-0082,libri_3528,16000,
data/external/LibriSpeech/test-other/3528/168669/3528-168669-0083.flac,bonafide,0,librispeech,bonafide_libri_test-other,libri_3528,3528-168669-0083,libri_3528,16000,
data/external/LibriSpeech/test-other/3528/168669/3528-168669-0084.flac,bonafide,0,librispeech,bonafide_libri_test-other,libri_3528,3528-168669-0084,libri_3528,16000,
data/external/LibriSpeech/test-other/3528/168669/3528-168669-0085.flac,bonafide,0,librispeech,bonafide_libri_test-other,libri_3528,3528-168669-0085,libri_3528,16000,
data/external/LibriSpeech/test-other/3528/168669/3528-168669-0086.flac,bonafide,0,librispeech,bonafide_libri_test-other,libri_3528,3528-168669-0086,libri_3528,16000,
data/external/LibriSpeech/test-other/3528/168669/3528-168669-0087.flac,bonafide,0,librispeech,bonafide_libri_test-other,libri_3528,3528-168669-0087,libri_3528,16000,
data/external/LibriSpeech/test-other/3528/168669/3528-168669-0088.flac,bonafide,0,librispeech,bonafide_libri_test-other,libri_3528,3528-168669-0088,libri_3528,16000,
data/external/LibriSpeech/test-other/3528/168669/3528-168669-0089.flac,bonafide,0,librispeech,bonafide_libri_test-other,libri_3528,3528-168669-0089,libri_3528,16000,
data/external/LibriSpeech/test-other/3528/168669/3528-168669-0090.flac,bonafide,0,librispeech,bonafide_libri_test-other,libri_3528,3528-168669-0090,libri_3528,16000,
data/external/LibriSpeech/test-other/3528/168669/3528-168669-0091.flac,bonafide,0,librispeech,bonafide_libri_test-other,libri_3528,3528-168669-0091,libri_3528,16000,
data/external/LibriSpeech/test-other/3528/168669/3528-168669-0092.flac,bonafide,0,librispeech,bonafide_libri_test-other,libri_3528,3528-168669-0092,libri_3528,16000,
data/external/LibriSpeech/test-other/3528/168669/3528-168669-0093.flac,bonafide,0,librispeech,bonafide_libri_test-other,libri_3528,3528-168669-0093,libri_3528,16000,
data/external/LibriSpeech/test-other/3528/168669/3528-168669-0094.flac,bonafide,0,librispeech,bonafide_libri_test-other,libri_3528,3528-168669-0094,libri_3528,16000,
data/external/LibriSpeech/test-other/3528/168669/3528-168669-0095.flac,bonafide,0,librispeech,bonafide_libri_test-other,libri_3528,3528-168669-0095,libri_3528,16000,
data/external/LibriSpeech/test-other/3528/168669/3528-168669-0096.flac,bonafide,0,librispeech,bonafide_libri_test-other,libri_3528,3528-168669-0096,libri_3528,16000,
data/external/LibriSpeech/test-other/3528/168669/3528-168669-0097.flac,bonafide,0,librispeech,bonafide_libri_test-other,libri_3528,3528-168669-0097,libri_3528,16000,
data/external/LibriSpeech/test-other/3528/168669/3528-168669-0098.flac,bonafide,0,librispeech,bonafide_libri_test-other,libri_3528,3528-168669-0098,libri_3528,16000,
data/external/LibriSpeech/test-other/3528/168669/3528-168669-0099.flac,bonafide,0,librispeech,bonafide_libri_test-other,libri_3528,3528-168669-0099,libri_3528,16000,
data/external/LibriSpeech/test-other/3528/168669/3528-168669-0100.flac,bonafide,0,librispeech,bonafide_libri_test-other,libri_3528,3528-168669-0100,libri_3528,16000,
data/external/LibriSpeech/test-other/3528/168669/3528-168669-0101.flac,bonafide,0,librispeech,bonafide_libri_test-other,libri_3528,3528-168669-0101,libri_3528,16000,
data/external/LibriSpeech/test-other/3528/168669/3528-168669-0102.flac,bonafide,0,librispeech,bonafide_libri_test-other,libri_3528,3528-168669-0102,libri_3528,16000,
data/external/LibriSpeech/test-other/3528/168669/3528-168669-0103.flac,bonafide,0,librispeech,bonafide_libri_test-other,libri_3528,3528-168669-0103,libri_3528,16000,
data/external/LibriSpeech/test-other/3528/168669/3528-168669-0104.flac,bonafide,0,librispeech,bonafide_libri_test-other,libri_3528,3528-168669-0104,libri_3528,16000,
data/external/LibriSpeech/test-other/3528/168669/3528-168669-0105.flac,bonafide,0,librispeech,bonafide_libri_test-other,libri_3528,3528-168669-0105,libri_3528,16000,
data/external/LibriSpeech/test-other/3528/168669/3528-168669-0106.flac,bonafide,0,librispeech,bonafide_libri_test-other,libri_3528,3528-168669-0106,libri_3528,16000,
data/external/LibriSpeech/test-other/3528/168669/3528-168669-0107.flac,bonafide,0,librispeech,bonafide_libri_test-other,libri_3528,3528-168669-0107,libri_3528,16000,
data/external/LibriSpeech/test-other/3528/168669/3528-168669-0108.flac,bonafide,0,librispeech,bonafide_libri_test-other,libri_3528,3528-168669-0108,libri_3528,16000,
data/external/LibriSpeech/test-other/3528/168669/3528-168669-0109.flac,bonafide,0,librispeech,bonafide_libri_test-other,libri_3528,3528-168669-0109,libri_3528,16000,
data/external/LibriSpeech/test-other/3528/168669/3528-168669-0110.flac,bonafide,0,librispeech,bonafide_libri_test-other,libri_3528,3528-168669-0110,libri_3528,16000,
data/external/LibriSpeech/test-other/3528/168669/3528-168669-0111.flac,bonafide,0,librispeech,bonafide_libri_test-other,libri_3528,3528-168669-0111,libri_3528,16000,
data/external/LibriSpeech/test-other/3528/168669/3528-168669-0112.flac,bonafide,0,librispeech,bonafide_libri_test-other,libri_3528,3528-168669-0112,libri_3528,16000,
data/external/LibriSpeech/test-other/3528/168669/3528-168669-0113.flac,bonafide,0,librispeech,bonafide_libri_test-other,libri_3528,3528-168669-0113,libri_3528,16000,
data/external/LibriSpeech/test-other/3528/168669/3528-168669-0114.flac,bonafide,0,librispeech,bonafide_libri_test-other,libri_3528,3528-168669-0114,libri_3528,16000,
data/external/LibriSpeech/test-other/3528/168669/3528-168669-0115.flac,bonafide,0,librispeech,bonafide_libri_test-other,libri_3528,3528-168669-0115,libri_3528,16000,
data/external/LibriSpeech/test-other/3528/168669/3528-168669-0116.flac,bonafide,0,librispeech,bonafide_libri_test-other,libri_3528,3528-168669-0116,libri_3528,16000,
data/external/LibriSpeech/test-other/3528/168669/3528-168669-0117.flac,bonafide,0,librispeech,bonafide_libri_test-other,libri_3528,3528-168669-0117,libri_3528,16000,
data/external/LibriSpeech/test-other/3528/168669/3528-168669-0118.flac,bonafide,0,librispeech,bonafide_libri_test-other,libri_3528,3528-168669-0118,libri_3528,16000,
data/external/LibriSpeech/test-other/3528/168669/3528-168669-0119.flac,bonafide,0,librispeech,bonafide_libri_test-other,libri_3528,3528-168669-0119,libri_3528,16000,
data/external/LibriSpeech/test-other/3528/168669/3528-168669-0120.flac,bonafide,0,librispeech,bonafide_libri_test-other,libri_3528,3528-168669-0120,libri_3528,16000,
data/external/LibriSpeech/test-other/3528/168669/3528-168669-0121.flac,bonafide,0,librispeech,bonafide_libri_test-other,libri_3528,3528-168669-0121,libri_3528,16000,
data/external/LibriSpeech/test-other/3528/168669/3528-168669-0122.flac,bonafide,0,librispeech,bonafide_libri_test-other,libri_3528,3528-168669-0122,libri_3528,16000,
data/external/LibriSpeech/test-other/3528/168669/3528-168669-0123.flac,bonafide,0,librispeech,bonafide_libri_test-other,libri_3528,3528-168669-0123,libri_3528,16000,
data/external/LibriSpeech/test-other/3528/168669/3528-168669-0124.flac,bonafide,0,librispeech,bonafide_libri_test-other,libri_3528,3528-168669-0124,libri_3528,16000,
data/external/LibriSpeech/test-other/3528/168669/3528-168669-0125.flac,bonafide,0,librispeech,bonafide_libri_test-other,libri_3528,3528-168669-0125,libri_3528,16000,
data/external/LibriSpeech/test-other/3528/168669/3528-168669-0126.flac,bonafide,0,librispeech,bonafide_libri_test-other,libri_3528,3528-168669-0126,libri_3528,16000,
data/external/LibriSpeech/test-other/3528/168669/3528-168669-0127.flac,bonafide,0,librispeech,bonafide_libri_test-other,libri_3528,3528-168669-0127,libri_3528,16000,
data/external/LibriSpeech/test-other/3528/168669/3528-168669-0128.flac,bonafide,0,librispeech,bonafide_libri_test-other,libri_3528,3528-168669-0128,libri_3528,16000,
data/external/LibriSpeech/test-other/3528/168669/3528-168669-0129.flac,bonafide,0,librispeech,bonafide_libri_test-other,libri_3528,3528-168669-0129,libri_3528,16000,
data/external/LibriSpeech/test-other/3528/168669/3528-168669-0130.flac,bonafide,0,librispeech,bonafide_libri_test-other,libri_3528,3528-168669-0130,libri_3528,16000,
data/external/LibriSpeech/test-other/3538/142836/3538-142836-0000.flac,bonafide,0,librispeech,bonafide_libri_test-other,libri_3538,3538-142836-0000,libri_3538,16000,
data/external/LibriSpeech/test-other/3538/142836/3538-142836-0001.flac,bonafide,0,librispeech,bonafide_libri_test-other,libri_3538,3538-142836-0001,libri_3538,16000,
data/external/LibriSpeech/test-other/3538/142836/3538-142836-0002.flac,bonafide,0,librispeech,bonafide_libri_test-other,libri_3538,3538-142836-0002,libri_3538,16000,
data/external/LibriSpeech/test-other/3538/142836/3538-142836-0003.flac,bonafide,0,librispeech,bonafide_libri_test-other,libri_3538,3538-142836-0003,libri_3538,16000,
data/external/LibriSpeech/test-other/3538/142836/3538-142836-0004.flac,bonafide,0,librispeech,bonafide_libri_test-other,libri_3538,3538-142836-0004,libri_3538,16000,
data/external/LibriSpeech/test-other/3538/142836/3538-142836-0005.flac,bonafide,0,librispeech,bonafide_libri_test-other,libri_3538,3538-142836-0005,libri_3538,16000,
data/external/LibriSpeech/test-other/3538/142836/3538-142836-0006.flac,bonafide,0,librispeech,bonafide_libri_test-other,libri_3538,3538-142836-0006,libri_3538,16000,
data/external/LibriSpeech/test-other/3538/142836/3538-142836-0007.flac,bonafide,0,librispeech,bonafide_libri_test-other,libri_3538,3538-142836-0007,libri_3538,16000,
data/external/LibriSpeech/test-other/3538/142836/3538-142836-0008.flac,bonafide,0,librispeech,bonafide_libri_test-other,libri_3538,3538-142836-0008,libri_3538,16000,
data/external/LibriSpeech/test-other/3538/142836/3538-142836-0009.flac,bonafide,0,librispeech,bonafide_libri_test-other,libri_3538,3538-142836-0009,libri_3538,16000,
data/external/LibriSpeech/test-other/3538/142836/3538-142836-0010.flac,bonafide,0,librispeech,bonafide_libri_test-other,libri_3538,3538-142836-0010,libri_3538,16000,
data/external/LibriSpeech/test-other/3538/142836/3538-142836-0011.flac,bonafide,0,librispeech,bonafide_libri_test-other,libri_3538,3538-142836-0011,libri_3538,16000,
data/external/LibriSpeech/test-other/3538/142836/3538-142836-0012.flac,bonafide,0,librispeech,bonafide_libri_test-other,libri_3538,3538-142836-0012,libri_3538,16000,
data/external/LibriSpeech/test-other/3538/142836/3538-142836-0013.flac,bonafide,0,librispeech,bonafide_libri_test-other,libri_3538,3538-142836-0013,libri_3538,16000,
data/external/LibriSpeech/test-other/3538/142836/3538-142836-0014.flac,bonafide,0,librispeech,bonafide_libri_test-other,libri_3538,3538-142836-0014,libri_3538,16000,
data/external/LibriSpeech/test-other/3538/142836/3538-142836-0015.flac,bonafide,0,librispeech,bonafide_libri_test-other,libri_3538,3538-142836-0015,libri_3538,16000,
data/external/LibriSpeech/test-other/3538/142836/3538-142836-0016.flac,bonafide,0,librispeech,bonafide_libri_test-other,libri_3538,3538-142836-0016,libri_3538,16000,
data/external/LibriSpeech/test-other/3538/142836/3538-142836-0017.flac,bonafide,0,librispeech,bonafide_libri_test-other,libri_3538,3538-142836-0017,libri_3538,16000,
data/external/LibriSpeech/test-other/3538/142836/3538-142836-0018.flac,bonafide,0,librispeech,bonafide_libri_test-other,libri_3538,3538-142836-0018,libri_3538,16000,
data/external/LibriSpeech/test-other/3538/142836/3538-142836-0019.flac,bonafide,0,librispeech,bonafide_libri_test-other,libri_3538,3538-142836-0019,libri_3538,16000,
data/external/LibriSpeech/test-other/3538/142836/3538-142836-0020.flac,bonafide,0,librispeech,bonafide_libri_test-other,libri_3538,3538-142836-0020,libri_3538,16000,
data/external/LibriSpeech/test-other/3538/142836/3538-142836-0021.flac,bonafide,0,librispeech,bonafide_libri_test-other,libri_3538,3538-142836-0021,libri_3538,16000,
data/external/LibriSpeech/test-other/3538/142836/3538-142836-0022.flac,bonafide,0,librispeech,bonafide_libri_test-other,libri_3538,3538-142836-0022,libri_3538,16000,
data/external/LibriSpeech/test-other/3538/142836/3538-142836-0023.flac,bonafide,0,librispeech,bonafide_libri_test-other,libri_3538,3538-142836-0023,libri_3538,16000,
data/external/LibriSpeech/test-other/3538/142836/3538-142836-0024.flac,bonafide,0,librispeech,bonafide_libri_test-other,libri_3538,3538-142836-0024,libri_3538,16000,
data/external/LibriSpeech/test-other/3538/142836/3538-142836-0025.flac,bonafide,0,librispeech,bonafide_libri_test-other,libri_3538,3538-142836-0025,libri_3538,16000,
data/external/LibriSpeech/test-other/3538/142836/3538-142836-0026.flac,bonafide,0,librispeech,bonafide_libri_test-other,libri_3538,3538-142836-0026,libri_3538,16000,
data/external/LibriSpeech/test-other/3538/163619/3538-163619-0000.flac,bonafide,0,librispeech,bonafide_libri_test-other,libri_3538,3538-163619-0000,libri_3538,16000,
data/external/LibriSpeech/test-other/3538/163619/3538-163619-0001.flac,bonafide,0,librispeech,bonafide_libri_test-other,libri_3538,3538-163619-0001,libri_3538,16000,
data/external/LibriSpeech/test-other/3538/163619/3538-163619-0002.flac,bonafide,0,librispeech,bonafide_libri_test-other,libri_3538,3538-163619-0002,libri_3538,16000,
data/external/LibriSpeech/test-other/3538/163619/3538-163619-0003.flac,bonafide,0,librispeech,bonafide_libri_test-other,libri_3538,3538-163619-0003,libri_3538,16000,
data/external/LibriSpeech/test-other/3538/163619/3538-163619-0004.flac,bonafide,0,librispeech,bonafide_libri_test-other,libri_3538,3538-163619-0004,libri_3538,16000,
data/external/LibriSpeech/test-other/3538/163619/3538-163619-0005.flac,bonafide,0,librispeech,bonafide_libri_test-other,libri_3538,3538-163619-0005,libri_3538,16000,
data/external/LibriSpeech/test-other/3538/163619/3538-163619-0006.flac,bonafide,0,librispeech,bonafide_libri_test-other,libri_3538,3538-163619-0006,libri_3538,16000,
data/external/LibriSpeech/test-other/3538/163619/3538-163619-0007.flac,bonafide,0,librispeech,bonafide_libri_test-other,libri_3538,3538-163619-0007,libri_3538,16000,
data/external/LibriSpeech/test-other/3538/163619/3538-163619-0008.flac,bonafide,0,librispeech,bonafide_libri_test-other,libri_3538,3538-163619-0008,libri_3538,16000,
data/external/LibriSpeech/test-other/3538/163619/3538-163619-0009.flac,bonafide,0,librispeech,bonafide_libri_test-other,libri_3538,3538-163619-0009,libri_3538,16000,
data/external/LibriSpeech/test-other/3538/163619/3538-163619-0010.flac,bonafide,0,librispeech,bonafide_libri_test-other,libri_3538,3538-163619-0010,libri_3538,16000,
data/external/LibriSpeech/test-other/3538/163619/3538-163619-0011.flac,bonafide,0,librispeech,bonafide_libri_test-other,libri_3538,3538-163619-0011,libri_3538,16000,
data/external/LibriSpeech/test-other/3538/163619/3538-163619-0012.flac,bonafide,0,librispeech,bonafide_libri_test-other,libri_3538,3538-163619-0012,libri_3538,16000,
data/external/LibriSpeech/test-other/3538/163619/3538-163619-0013.flac,bonafide,0,librispeech,bonafide_libri_test-other,libri_3538,3538-163619-0013,libri_3538,16000,
data/external/LibriSpeech/test-other/3538/163619/3538-163619-0014.flac,bonafide,0,librispeech,bonafide_libri_test-other,libri_3538,3538-163619-0014,libri_3538,16000,
data/external/LibriSpeech/test-other/3538/163622/3538-163622-0000.flac,bonafide,0,librispeech,bonafide_libri_test-other,libri_3538,3538-163622-0000,libri_3538,16000,
data/external/LibriSpeech/test-other/3538/163622/3538-163622-0001.flac,bonafide,0,librispeech,bonafide_libri_test-other,libri_3538,3538-163622-0001,libri_3538,16000,
data/external/LibriSpeech/test-other/3538/163622/3538-163622-0002.flac,bonafide,0,librispeech,bonafide_libri_test-other,libri_3538,3538-163622-0002,libri_3538,16000,
data/external/LibriSpeech/test-other/3538/163622/3538-163622-0003.flac,bonafide,0,librispeech,bonafide_libri_test-other,libri_3538,3538-163622-0003,libri_3538,16000,
data/external/LibriSpeech/test-other/3538/163622/3538-163622-0004.flac,bonafide,0,librispeech,bonafide_libri_test-other,libri_3538,3538-163622-0004,libri_3538,16000,
data/external/LibriSpeech/test-other/3538/163622/3538-163622-0005.flac,bonafide,0,librispeech,bonafide_libri_test-other,libri_3538,3538-163622-0005,libri_3538,16000,
data/external/LibriSpeech/test-other/3538/163622/3538-163622-0006.flac,bonafide,0,librispeech,bonafide_libri_test-other,libri_3538,3538-163622-0006,libri_3538,16000,
data/external/LibriSpeech/test-other/3538/163622/3538-163622-0007.flac,bonafide,0,librispeech,bonafide_libri_test-other,libri_3538,3538-163622-0007,libri_3538,16000,
data/external/LibriSpeech/test-other/3538/163622/3538-163622-0008.flac,bonafide,0,librispeech,bonafide_libri_test-other,libri_3538,3538-163622-0008,libri_3538,16000,
data/external/LibriSpeech/test-other/3538/163622/3538-163622-0009.flac,bonafide,0,librispeech,bonafide_libri_test-other,libri_3538,3538-163622-0009,libri_3538,16000,
data/external/LibriSpeech/test-other/3538/163622/3538-163622-0010.flac,bonafide,0,librispeech,bonafide_libri_test-other,libri_3538,3538-163622-0010,libri_3538,16000,
data/external/LibriSpeech/test-other/3538/163622/3538-163622-0011.flac,bonafide,0,librispeech,bonafide_libri_test-other,libri_3538,3538-163622-0011,libri_3538,16000,
data/external/LibriSpeech/test-other/3538/163622/3538-163622-0012.flac,bonafide,0,librispeech,bonafide_libri_test-other,libri_3538,3538-163622-0012,libri_3538,16000,
data/external/LibriSpeech/test-other/3538/163622/3538-163622-0013.flac,bonafide,0,librispeech,bonafide_libri_test-other,libri_3538,3538-163622-0013,libri_3538,16000,
data/external/LibriSpeech/test-other/3538/163622/3538-163622-0014.flac,bonafide,0,librispeech,bonafide_libri_test-other,libri_3538,3538-163622-0014,libri_3538,16000,
data/external/LibriSpeech/test-other/3538/163622/3538-163622-0015.flac,bonafide,0,librispeech,bonafide_libri_test-other,libri_3538,3538-163622-0015,libri_3538,16000,
data/external/LibriSpeech/test-other/3538/163622/3538-163622-0016.flac,bonafide,0,librispeech,bonafide_libri_test-other,libri_3538,3538-163622-0016,libri_3538,16000,
data/external/LibriSpeech/test-other/3538/163622/3538-163622-0017.flac,bonafide,0,librispeech,bonafide_libri_test-other,libri_3538,3538-163622-0017,libri_3538,16000,
data/external/LibriSpeech/test-other/3538/163622/3538-163622-0018.flac,bonafide,0,librispeech,bonafide_libri_test-other,libri_3538,3538-163622-0018,libri_3538,16000,
data/external/LibriSpeech/test-other/3538/163622/3538-163622-0019.flac,bonafide,0,librispeech,bonafide_libri_test-other,libri_3538,3538-163622-0019,libri_3538,16000,
data/external/LibriSpeech/test-other/3538/163622/3538-163622-0020.flac,bonafide,0,librispeech,bonafide_libri_test-other,libri_3538,3538-163622-0020,libri_3538,16000,
data/external/LibriSpeech/test-other/3538/163622/3538-163622-0021.flac,bonafide,0,librispeech,bonafide_libri_test-other,libri_3538,3538-163622-0021,libri_3538,16000,
data/external/LibriSpeech/test-other/3538/163622/3538-163622-0022.flac,bonafide,0,librispeech,bonafide_libri_test-other,libri_3538,3538-163622-0022,libri_3538,16000,
data/external/LibriSpeech/test-other/3538/163622/3538-163622-0023.flac,bonafide,0,librispeech,bonafide_libri_test-other,libri_3538,3538-163622-0023,libri_3538,16000,
data/external/LibriSpeech/test-other/3538/163622/3538-163622-0024.flac,bonafide,0,librispeech,bonafide_libri_test-other,libri_3538,3538-163622-0024,libri_3538,16000,
data/external/LibriSpeech/test-other/3538/163624/3538-163624-0000.flac,bonafide,0,librispeech,bonafide_libri_test-other,libri_3538,3538-163624-0000,libri_3538,16000,
data/external/LibriSpeech/test-other/3538/163624/3538-163624-0001.flac,bonafide,0,librispeech,bonafide_libri_test-other,libri_3538,3538-163624-0001,libri_3538,16000,
data/external/LibriSpeech/test-other/3538/163624/3538-163624-0002.flac,bonafide,0,librispeech,bonafide_libri_test-other,libri_3538,3538-163624-0002,libri_3538,16000,
data/external/LibriSpeech/test-other/3538/163624/3538-163624-0003.flac,bonafide,0,librispeech,bonafide_libri_test-other,libri_3538,3538-163624-0003,libri_3538,16000,
data/external/LibriSpeech/test-other/3538/163624/3538-163624-0004.flac,bonafide,0,librispeech,bonafide_libri_test-other,libri_3538,3538-163624-0004,libri_3538,16000,
data/external/LibriSpeech/test-other/3538/163624/3538-163624-0005.flac,bonafide,0,librispeech,bonafide_libri_test-other,libri_3538,3538-163624-0005,libri_3538,16000,
data/external/LibriSpeech/test-other/3538/163624/3538-163624-0006.flac,bonafide,0,librispeech,bonafide_libri_test-other,libri_3538,3538-163624-0006,libri_3538,16000,
data/external/LibriSpeech/test-other/3538/163624/3538-163624-0007.flac,bonafide,0,librispeech,bonafide_libri_test-other,libri_3538,3538-163624-0007,libri_3538,16000,
data/external/LibriSpeech/test-other/3538/163624/3538-163624-0008.flac,bonafide,0,librispeech,bonafide_libri_test-other,libri_3538,3538-163624-0008,libri_3538,16000,
data/external/LibriSpeech/test-other/3538/163624/3538-163624-0009.flac,bonafide,0,librispeech,bonafide_libri_test-other,libri_3538,3538-163624-0009,libri_3538,16000,
data/external/LibriSpeech/test-other/3538/163624/3538-163624-0010.flac,bonafide,0,librispeech,bonafide_libri_test-other,libri_3538,3538-163624-0010,libri_3538,16000,
data/external/LibriSpeech/test-other/3538/163624/3538-163624-0011.flac,bonafide,0,librispeech,bonafide_libri_test-other,libri_3538,3538-163624-0011,libri_3538,16000,
data/external/LibriSpeech/test-other/3538/163624/3538-163624-0012.flac,bonafide,0,librispeech,bonafide_libri_test-other,libri_3538,3538-163624-0012,libri_3538,16000,
data/external/LibriSpeech/test-other/3538/163624/3538-163624-0013.flac,bonafide,0,librispeech,bonafide_libri_test-other,libri_3538,3538-163624-0013,libri_3538,16000,
data/external/LibriSpeech/test-other/3538/163624/3538-163624-0014.flac,bonafide,0,librispeech,bonafide_libri_test-other,libri_3538,3538-163624-0014,libri_3538,16000,
data/external/LibriSpeech/test-other/3538/163624/3538-163624-0015.flac,bonafide,0,librispeech,bonafide_libri_test-other,libri_3538,3538-163624-0015,libri_3538,16000,
data/external/LibriSpeech/test-other/3538/163624/3538-163624-0016.flac,bonafide,0,librispeech,bonafide_libri_test-other,libri_3538,3538-163624-0016,libri_3538,16000,
data/external/LibriSpeech/test-other/3538/163624/3538-163624-0017.flac,bonafide,0,librispeech,bonafide_libri_test-other,libri_3538,3538-163624-0017,libri_3538,16000,
data/external/LibriSpeech/test-other/3538/163624/3538-163624-0018.flac,bonafide,0,librispeech,bonafide_libri_test-other,libri_3538,3538-163624-0018,libri_3538,16000,
data/external/LibriSpeech/test-other/3538/163624/3538-163624-0019.flac,bonafide,0,librispeech,bonafide_libri_test-other,libri_3538,3538-163624-0019,libri_3538,16000,
data/external/LibriSpeech/test-other/3538/163624/3538-163624-0020.flac,bonafide,0,librispeech,bonafide_libri_test-other,libri_3538,3538-163624-0020,libri_3538,16000,
data/external/LibriSpeech/test-other/3538/163624/3538-163624-0021.flac,bonafide,0,librispeech,bonafide_libri_test-other,libri_3538,3538-163624-0021,libri_3538,16000,
data/external/LibriSpeech/test-other/3538/163624/3538-163624-0022.flac,bonafide,0,librispeech,bonafide_libri_test-other,libri_3538,3538-163624-0022,libri_3538,16000,
data/external/LibriSpeech/test-other/3538/163624/3538-163624-0023.flac,bonafide,0,librispeech,bonafide_libri_test-other,libri_3538,3538-163624-0023,libri_3538,16000,
data/external/LibriSpeech/test-other/3538/163624/3538-163624-0024.flac,bonafide,0,librispeech,bonafide_libri_test-other,libri_3538,3538-163624-0024,libri_3538,16000,
data/external/LibriSpeech/test-other/3538/163624/3538-163624-0025.flac,bonafide,0,librispeech,bonafide_libri_test-other,libri_3538,3538-163624-0025,libri_3538,16000,
data/external/LibriSpeech/test-other/3538/163624/3538-163624-0026.flac,bonafide,0,librispeech,bonafide_libri_test-other,libri_3538,3538-163624-0026,libri_3538,16000,
data/external/LibriSpeech/test-other/367/130732/367-130732-0000.flac,bonafide,0,librispeech,bonafide_libri_test-other,libri_367,367-130732-0000,libri_367,16000,
data/external/LibriSpeech/test-other/367/130732/367-130732-0001.flac,bonafide,0,librispeech,bonafide_libri_test-other,libri_367,367-130732-0001,libri_367,16000,
data/external/LibriSpeech/test-other/367/130732/367-130732-0002.flac,bonafide,0,librispeech,bonafide_libri_test-other,libri_367,367-130732-0002,libri_367,16000,
data/external/LibriSpeech/test-other/367/130732/367-130732-0003.flac,bonafide,0,librispeech,bonafide_libri_test-other,libri_367,367-130732-0003,libri_367,16000,
data/external/LibriSpeech/test-other/367/130732/367-130732-0004.flac,bonafide,0,librispeech,bonafide_libri_test-other,libri_367,367-130732-0004,libri_367,16000,
data/external/LibriSpeech/test-other/367/130732/367-130732-0005.flac,bonafide,0,librispeech,bonafide_libri_test-other,libri_367,367-130732-0005,libri_367,16000,
data/external/LibriSpeech/test-other/367/130732/367-130732-0006.flac,bonafide,0,librispeech,bonafide_libri_test-other,libri_367,367-130732-0006,libri_367,16000,
data/external/LibriSpeech/test-other/367/130732/367-130732-0007.flac,bonafide,0,librispeech,bonafide_libri_test-other,libri_367,367-130732-0007,libri_367,16000,
data/external/LibriSpeech/test-other/367/130732/367-130732-0008.flac,bonafide,0,librispeech,bonafide_libri_test-other,libri_367,367-130732-0008,libri_367,16000,
data/external/LibriSpeech/test-other/367/130732/367-130732-0009.flac,bonafide,0,librispeech,bonafide_libri_test-other,libri_367,367-130732-0009,libri_367,16000,
data/external/LibriSpeech/test-other/367/130732/367-130732-0010.flac,bonafide,0,librispeech,bonafide_libri_test-other,libri_367,367-130732-0010,libri_367,16000,
data/external/LibriSpeech/test-other/367/130732/367-130732-0011.flac,bonafide,0,librispeech,bonafide_libri_test-other,libri_367,367-130732-0011,libri_367,16000,
data/external/LibriSpeech/test-other/367/130732/367-130732-0012.flac,bonafide,0,librispeech,bonafide_libri_test-other,libri_367,367-130732-0012,libri_367,16000,
data/external/LibriSpeech/test-other/367/130732/367-130732-0013.flac,bonafide,0,librispeech,bonafide_libri_test-other,libri_367,367-130732-0013,libri_367,16000,
data/external/LibriSpeech/test-other/367/130732/367-130732-0014.flac,bonafide,0,librispeech,bonafide_libri_test-other,libri_367,367-130732-0014,libri_367,16000,
data/external/LibriSpeech/test-other/367/130732/367-130732-0015.flac,bonafide,0,librispeech,bonafide_libri_test-other,libri_367,367-130732-0015,libri_367,16000,
data/external/LibriSpeech/test-other/367/130732/367-130732-0016.flac,bonafide,0,librispeech,bonafide_libri_test-other,libri_367,367-130732-0016,libri_367,16000,
data/external/LibriSpeech/test-other/367/130732/367-130732-0017.flac,bonafide,0,librispeech,bonafide_libri_test-other,libri_367,367-130732-0017,libri_367,16000,
data/external/LibriSpeech/test-other/367/130732/367-130732-0018.flac,bonafide,0,librispeech,bonafide_libri_test-other,libri_367,367-130732-0018,libri_367,16000,
data/external/LibriSpeech/test-other/367/130732/367-130732-0019.flac,bonafide,0,librispeech,bonafide_libri_test-other,libri_367,367-130732-0019,libri_367,16000,
data/external/LibriSpeech/test-other/367/130732/367-130732-0020.flac,bonafide,0,librispeech,bonafide_libri_test-other,libri_367,367-130732-0020,libri_367,16000,
data/external/LibriSpeech/test-other/367/130732/367-130732-0021.flac,bonafide,0,librispeech,bonafide_libri_test-other,libri_367,367-130732-0021,libri_367,16000,
data/external/LibriSpeech/test-other/367/130732/367-130732-0022.flac,bonafide,0,librispeech,bonafide_libri_test-other,libri_367,367-130732-0022,libri_367,16000,
data/external/LibriSpeech/test-other/367/130732/367-130732-0023.flac,bonafide,0,librispeech,bonafide_libri_test-other,libri_367,367-130732-0023,libri_367,16000,
data/external/LibriSpeech/test-other/367/130732/367-130732-0024.flac,bonafide,0,librispeech,bonafide_libri_test-other,libri_367,367-130732-0024,libri_367,16000,
data/external/LibriSpeech/test-other/367/130732/367-130732-0025.flac,bonafide,0,librispeech,bonafide_libri_test-other,libri_367,367-130732-0025,libri_367,16000,
data/external/LibriSpeech/test-other/367/130732/367-130732-0026.flac,bonafide,0,librispeech,bonafide_libri_test-other,libri_367,367-130732-0026,libri_367,16000,
data/external/LibriSpeech/test-other/367/130732/367-130732-0027.flac,bonafide,0,librispeech,bonafide_libri_test-other,libri_367,367-130732-0027,libri_367,16000,
data/external/LibriSpeech/test-other/367/130732/367-130732-0028.flac,bonafide,0,librispeech,bonafide_libri_test-other,libri_367,367-130732-0028,libri_367,16000,
data/external/LibriSpeech/test-other/367/130732/367-130732-0029.flac,bonafide,0,librispeech,bonafide_libri_test-other,libri_367,367-130732-0029,libri_367,16000,
data/external/LibriSpeech/test-other/367/130732/367-130732-0030.flac,bonafide,0,librispeech,bonafide_libri_test-other,libri_367,367-130732-0030,libri_367,16000,
data/external/LibriSpeech/test-other/367/130732/367-130732-0031.flac,bonafide,0,librispeech,bonafide_libri_test-other,libri_367,367-130732-0031,libri_367,16000,
data/external/LibriSpeech/test-other/367/130732/367-130732-0032.flac,bonafide,0,librispeech,bonafide_libri_test-other,libri_367,367-130732-0032,libri_367,16000,
data/external/LibriSpeech/test-other/367/130732/367-130732-0033.flac,bonafide,0,librispeech,bonafide_libri_test-other,libri_367,367-130732-0033,libri_367,16000,
data/external/LibriSpeech/test-other/367/293981/367-293981-0000.flac,bonafide,0,librispeech,bonafide_libri_test-other,libri_367,367-293981-0000,libri_367,16000,
data/external/LibriSpeech/test-other/367/293981/367-293981-0001.flac,bonafide,0,librispeech,bonafide_libri_test-other,libri_367,367-293981-0001,libri_367,16000,
data/external/LibriSpeech/test-other/367/293981/367-293981-0002.flac,bonafide,0,librispeech,bonafide_libri_test-other,libri_367,367-293981-0002,libri_367,16000,
data/external/LibriSpeech/test-other/367/293981/367-293981-0003.flac,bonafide,0,librispeech,bonafide_libri_test-other,libri_367,367-293981-0003,libri_367,16000,
data/external/LibriSpeech/test-other/367/293981/367-293981-0004.flac,bonafide,0,librispeech,bonafide_libri_test-other,libri_367,367-293981-0004,libri_367,16000,
data/external/LibriSpeech/test-other/367/293981/367-293981-0005.flac,bonafide,0,librispeech,bonafide_libri_test-other,libri_367,367-293981-0005,libri_367,16000,
data/external/LibriSpeech/test-other/367/293981/367-293981-0006.flac,bonafide,0,librispeech,bonafide_libri_test-other,libri_367,367-293981-0006,libri_367,16000,
data/external/LibriSpeech/test-other/367/293981/367-293981-0007.flac,bonafide,0,librispeech,bonafide_libri_test-other,libri_367,367-293981-0007,libri_367,16000,
data/external/LibriSpeech/test-other/367/293981/367-293981-0008.flac,bonafide,0,librispeech,bonafide_libri_test-other,libri_367,367-293981-0008,libri_367,16000,
data/external/LibriSpeech/test-other/367/293981/367-293981-0009.flac,bonafide,0,librispeech,bonafide_libri_test-other,libri_367,367-293981-0009,libri_367,16000,
data/external/LibriSpeech/test-other/367/293981/367-293981-0010.flac,bonafide,0,librispeech,bonafide_libri_test-other,libri_367,367-293981-0010,libri_367,16000,
data/external/LibriSpeech/test-other/367/293981/367-293981-0011.flac,bonafide,0,librispeech,bonafide_libri_test-other,libri_367,367-293981-0011,libri_367,16000,
data/external/LibriSpeech/test-other/367/293981/367-293981-0012.flac,bonafide,0,librispeech,bonafide_libri_test-other,libri_367,367-293981-0012,libri_367,16000,
data/external/LibriSpeech/test-other/367/293981/367-293981-0013.flac,bonafide,0,librispeech,bonafide_libri_test-other,libri_367,367-293981-0013,libri_367,16000,
data/external/LibriSpeech/test-other/367/293981/367-293981-0014.flac,bonafide,0,librispeech,bonafide_libri_test-other,libri_367,367-293981-0014,libri_367,16000,
data/external/LibriSpeech/test-other/367/293981/367-293981-0015.flac,bonafide,0,librispeech,bonafide_libri_test-other,libri_367,367-293981-0015,libri_367,16000,
data/external/LibriSpeech/test-other/367/293981/367-293981-0016.flac,bonafide,0,librispeech,bonafide_libri_test-other,libri_367,367-293981-0016,libri_367,16000,
data/external/LibriSpeech/test-other/367/293981/367-293981-0017.flac,bonafide,0,librispeech,bonafide_libri_test-other,libri_367,367-293981-0017,libri_367,16000,
data/external/LibriSpeech/test-other/367/293981/367-293981-0018.flac,bonafide,0,librispeech,bonafide_libri_test-other,libri_367,367-293981-0018,libri_367,16000,
data/external/LibriSpeech/test-other/367/293981/367-293981-0019.flac,bonafide,0,librispeech,bonafide_libri_test-other,libri_367,367-293981-0019,libri_367,16000,
data/external/LibriSpeech/test-other/367/293981/367-293981-0020.flac,bonafide,0,librispeech,bonafide_libri_test-other,libri_367,367-293981-0020,libri_367,16000,
data/external/LibriSpeech/test-other/3764/168670/3764-168670-0000.flac,bonafide,0,librispeech,bonafide_libri_test-other,libri_3764,3764-168670-0000,libri_3764,16000,
data/external/LibriSpeech/test-other/3764/168670/3764-168670-0001.flac,bonafide,0,librispeech,bonafide_libri_test-other,libri_3764,3764-168670-0001,libri_3764,16000,
data/external/LibriSpeech/test-other/3764/168670/3764-168670-0002.flac,bonafide,0,librispeech,bonafide_libri_test-other,libri_3764,3764-168670-0002,libri_3764,16000,
data/external/LibriSpeech/test-other/3764/168670/3764-168670-0003.flac,bonafide,0,librispeech,bonafide_libri_test-other,libri_3764,3764-168670-0003,libri_3764,16000,
data/external/LibriSpeech/test-other/3764/168670/3764-168670-0004.flac,bonafide,0,librispeech,bonafide_libri_test-other,libri_3764,3764-168670-0004,libri_3764,16000,
data/external/LibriSpeech/test-other/3764/168670/3764-168670-0005.flac,bonafide,0,librispeech,bonafide_libri_test-other,libri_3764,3764-168670-0005,libri_3764,16000,
data/external/LibriSpeech/test-other/3764/168670/3764-168670-0006.flac,bonafide,0,librispeech,bonafide_libri_test-other,libri_3764,3764-168670-0006,libri_3764,16000,
data/external/LibriSpeech/test-other/3764/168670/3764-168670-0007.flac,bonafide,0,librispeech,bonafide_libri_test-other,libri_3764,3764-168670-0007,libri_3764,16000,
data/external/LibriSpeech/test-other/3764/168670/3764-168670-0008.flac,bonafide,0,librispeech,bonafide_libri_test-other,libri_3764,3764-168670-0008,libri_3764,16000,
data/external/LibriSpeech/test-other/3764/168670/3764-168670-0009.flac,bonafide,0,librispeech,bonafide_libri_test-other,libri_3764,3764-168670-0009,libri_3764,16000,
data/external/LibriSpeech/test-other/3764/168670/3764-168670-0010.flac,bonafide,0,librispeech,bonafide_libri_test-other,libri_3764,3764-168670-0010,libri_3764,16000,
data/external/LibriSpeech/test-other/3764/168670/3764-168670-0011.flac,bonafide,0,librispeech,bonafide_libri_test-other,libri_3764,3764-168670-0011,libri_3764,16000,
data/external/LibriSpeech/test-other/3764/168670/3764-168670-0012.flac,bonafide,0,librispeech,bonafide_libri_test-other,libri_3764,3764-168670-0012,libri_3764,16000,
data/external/LibriSpeech/test-other/3764/168670/3764-168670-0013.flac,bonafide,0,librispeech,bonafide_libri_test-other,libri_3764,3764-168670-0013,libri_3764,16000,
data/external/LibriSpeech/test-other/3764/168670/3764-168670-0014.flac,bonafide,0,librispeech,bonafide_libri_test-other,libri_3764,3764-168670-0014,libri_3764,16000,
data/external/LibriSpeech/test-other/3764/168670/3764-168670-0015.flac,bonafide,0,librispeech,bonafide_libri_test-other,libri_3764,3764-168670-0015,libri_3764,16000,
data/external/LibriSpeech/test-other/3764/168670/3764-168670-0016.flac,bonafide,0,librispeech,bonafide_libri_test-other,libri_3764,3764-168670-0016,libri_3764,16000,
data/external/LibriSpeech/test-other/3764/168670/3764-168670-0017.flac,bonafide,0,librispeech,bonafide_libri_test-other,libri_3764,3764-168670-0017,libri_3764,16000,
data/external/LibriSpeech/test-other/3764/168670/3764-168670-0018.flac,bonafide,0,librispeech,bonafide_libri_test-other,libri_3764,3764-168670-0018,libri_3764,16000,
data/external/LibriSpeech/test-other/3764/168670/3764-168670-0019.flac,bonafide,0,librispeech,bonafide_libri_test-other,libri_3764,3764-168670-0019,libri_3764,16000,
data/external/LibriSpeech/test-other/3764/168670/3764-168670-0020.flac,bonafide,0,librispeech,bonafide_libri_test-other,libri_3764,3764-168670-0020,libri_3764,16000,
data/external/LibriSpeech/test-other/3764/168670/3764-168670-0021.flac,bonafide,0,librispeech,bonafide_libri_test-other,libri_3764,3764-168670-0021,libri_3764,16000,
data/external/LibriSpeech/test-other/3764/168670/3764-168670-0022.flac,bonafide,0,librispeech,bonafide_libri_test-other,libri_3764,3764-168670-0022,libri_3764,16000,
data/external/LibriSpeech/test-other/3764/168670/3764-168670-0023.flac,bonafide,0,librispeech,bonafide_libri_test-other,libri_3764,3764-168670-0023,libri_3764,16000,
data/external/LibriSpeech/test-other/3764/168670/3764-168670-0024.flac,bonafide,0,librispeech,bonafide_libri_test-other,libri_3764,3764-168670-0024,libri_3764,16000,
data/external/LibriSpeech/test-other/3764/168670/3764-168670-0025.flac,bonafide,0,librispeech,bonafide_libri_test-other,libri_3764,3764-168670-0025,libri_3764,16000,
data/external/LibriSpeech/test-other/3764/168670/3764-168670-0026.flac,bonafide,0,librispeech,bonafide_libri_test-other,libri_3764,3764-168670-0026,libri_3764,16000,
data/external/LibriSpeech/test-other/3764/168670/3764-168670-0027.flac,bonafide,0,librispeech,bonafide_libri_test-other,libri_3764,3764-168670-0027,libri_3764,16000,
data/external/LibriSpeech/test-other/3764/168670/3764-168670-0028.flac,bonafide,0,librispeech,bonafide_libri_test-other,libri_3764,3764-168670-0028,libri_3764,16000,
data/external/LibriSpeech/test-other/3764/168670/3764-168670-0029.flac,bonafide,0,librispeech,bonafide_libri_test-other,libri_3764,3764-168670-0029,libri_3764,16000,
data/external/LibriSpeech/test-other/3764/168670/3764-168670-0030.flac,bonafide,0,librispeech,bonafide_libri_test-other,libri_3764,3764-168670-0030,libri_3764,16000,
data/external/LibriSpeech/test-other/3764/168670/3764-168670-0031.flac,bonafide,0,librispeech,bonafide_libri_test-other,libri_3764,3764-168670-0031,libri_3764,16000,
data/external/LibriSpeech/test-other/3764/168670/3764-168670-0032.flac,bonafide,0,librispeech,bonafide_libri_test-other,libri_3764,3764-168670-0032,libri_3764,16000,
data/external/LibriSpeech/test-other/3764/168670/3764-168670-0033.flac,bonafide,0,librispeech,bonafide_libri_test-other,libri_3764,3764-168670-0033,libri_3764,16000,
data/external/LibriSpeech/test-other/3764/168670/3764-168670-0034.flac,bonafide,0,librispeech,bonafide_libri_test-other,libri_3764,3764-168670-0034,libri_3764,16000,
data/external/LibriSpeech/test-other/3764/168670/3764-168670-0035.flac,bonafide,0,librispeech,bonafide_libri_test-other,libri_3764,3764-168670-0035,libri_3764,16000,
data/external/LibriSpeech/test-other/3764/168670/3764-168670-0036.flac,bonafide,0,librispeech,bonafide_libri_test-other,libri_3764,3764-168670-0036,libri_3764,16000,
data/external/LibriSpeech/test-other/3764/168670/3764-168670-0037.flac,bonafide,0,librispeech,bonafide_libri_test-other,libri_3764,3764-168670-0037,libri_3764,16000,
data/external/LibriSpeech/test-other/3764/168670/3764-168670-0038.flac,bonafide,0,librispeech,bonafide_libri_test-other,libri_3764,3764-168670-0038,libri_3764,16000,
data/external/LibriSpeech/test-other/3764/168670/3764-168670-0039.flac,bonafide,0,librispeech,bonafide_libri_test-other,libri_3764,3764-168670-0039,libri_3764,16000,
data/external/LibriSpeech/test-other/3764/168670/3764-168670-0040.flac,bonafide,0,librispeech,bonafide_libri_test-other,libri_3764,3764-168670-0040,libri_3764,16000,
data/external/LibriSpeech/test-other/3764/168670/3764-168670-0041.flac,bonafide,0,librispeech,bonafide_libri_test-other,libri_3764,3764-168670-0041,libri_3764,16000,
data/external/LibriSpeech/test-other/3764/168670/3764-168670-0042.flac,bonafide,0,librispeech,bonafide_libri_test-other,libri_3764,3764-168670-0042,libri_3764,16000,
data/external/LibriSpeech/test-other/3764/168670/3764-168670-0043.flac,bonafide,0,librispeech,bonafide_libri_test-other,libri_3764,3764-168670-0043,libri_3764,16000,
data/external/LibriSpeech/test-other/3764/168670/3764-168670-0044.flac,bonafide,0,librispeech,bonafide_libri_test-other,libri_3764,3764-168670-0044,libri_3764,16000,
data/external/LibriSpeech/test-other/3764/168670/3764-168670-0045.flac,bonafide,0,librispeech,bonafide_libri_test-other,libri_3764,3764-168670-0045,libri_3764,16000,
data/external/LibriSpeech/test-other/3764/168670/3764-168670-0046.flac,bonafide,0,librispeech,bonafide_libri_test-other,libri_3764,3764-168670-0046,libri_3764,16000,
data/external/LibriSpeech/test-other/3764/168670/3764-168670-0047.flac,bonafide,0,librispeech,bonafide_libri_test-other,libri_3764,3764-168670-0047,libri_3764,16000,
data/external/LibriSpeech/test-other/3764/168670/3764-168670-0048.flac,bonafide,0,librispeech,bonafide_libri_test-other,libri_3764,3764-168670-0048,libri_3764,16000,
data/external/LibriSpeech/test-other/3764/168670/3764-168670-0049.flac,bonafide,0,librispeech,bonafide_libri_test-other,libri_3764,3764-168670-0049,libri_3764,16000,
data/external/LibriSpeech/test-other/3764/168670/3764-168670-0050.flac,bonafide,0,librispeech,bonafide_libri_test-other,libri_3764,3764-168670-0050,libri_3764,16000,
data/external/LibriSpeech/test-other/3764/168670/3764-168670-0051.flac,bonafide,0,librispeech,bonafide_libri_test-other,libri_3764,3764-168670-0051,libri_3764,16000,
data/external/LibriSpeech/test-other/3764/168670/3764-168670-0052.flac,bonafide,0,librispeech,bonafide_libri_test-other,libri_3764,3764-168670-0052,libri_3764,16000,
data/external/LibriSpeech/test-other/3764/168670/3764-168670-0053.flac,bonafide,0,librispeech,bonafide_libri_test-other,libri_3764,3764-168670-0053,libri_3764,16000,
data/external/LibriSpeech/test-other/3764/168670/3764-168670-0054.flac,bonafide,0,librispeech,bonafide_libri_test-other,libri_3764,3764-168670-0054,libri_3764,16000,
data/external/LibriSpeech/test-other/3764/168670/3764-168670-0055.flac,bonafide,0,librispeech,bonafide_libri_test-other,libri_3764,3764-168670-0055,libri_3764,16000,
data/external/LibriSpeech/test-other/3764/168670/3764-168670-0056.flac,bonafide,0,librispeech,bonafide_libri_test-other,libri_3764,3764-168670-0056,libri_3764,16000,
data/external/LibriSpeech/test-other/3764/168670/3764-168670-0057.flac,bonafide,0,librispeech,bonafide_libri_test-other,libri_3764,3764-168670-0057,libri_3764,16000,
data/external/LibriSpeech/test-other/3764/168671/3764-168671-0000.flac,bonafide,0,librispeech,bonafide_libri_test-other,libri_3764,3764-168671-0000,libri_3764,16000,
data/external/LibriSpeech/test-other/3764/168671/3764-168671-0001.flac,bonafide,0,librispeech,bonafide_libri_test-other,libri_3764,3764-168671-0001,libri_3764,16000,
data/external/LibriSpeech/test-other/3764/168671/3764-168671-0002.flac,bonafide,0,librispeech,bonafide_libri_test-other,libri_3764,3764-168671-0002,libri_3764,16000,
data/external/LibriSpeech/test-other/3764/168671/3764-168671-0003.flac,bonafide,0,librispeech,bonafide_libri_test-other,libri_3764,3764-168671-0003,libri_3764,16000,
data/external/LibriSpeech/test-other/3764/168671/3764-168671-0004.flac,bonafide,0,librispeech,bonafide_libri_test-other,libri_3764,3764-168671-0004,libri_3764,16000,
data/external/LibriSpeech/test-other/3764/168671/3764-168671-0005.flac,bonafide,0,librispeech,bonafide_libri_test-other,libri_3764,3764-168671-0005,libri_3764,16000,
data/external/LibriSpeech/test-other/3764/168671/3764-168671-0006.flac,bonafide,0,librispeech,bonafide_libri_test-other,libri_3764,3764-168671-0006,libri_3764,16000,
data/external/LibriSpeech/test-other/3764/168671/3764-168671-0007.flac,bonafide,0,librispeech,bonafide_libri_test-other,libri_3764,3764-168671-0007,libri_3764,16000,
data/external/LibriSpeech/test-other/3764/168671/3764-168671-0008.flac,bonafide,0,librispeech,bonafide_libri_test-other,libri_3764,3764-168671-0008,libri_3764,16000,
data/external/LibriSpeech/test-other/3764/168671/3764-168671-0009.flac,bonafide,0,librispeech,bonafide_libri_test-other,libri_3764,3764-168671-0009,libri_3764,16000,
data/external/LibriSpeech/test-other/3764/168671/3764-168671-0010.flac,bonafide,0,librispeech,bonafide_libri_test-other,libri_3764,3764-168671-0010,libri_3764,16000,
data/external/LibriSpeech/test-other/3764/168671/3764-168671-0011.flac,bonafide,0,librispeech,bonafide_libri_test-other,libri_3764,3764-168671-0011,libri_3764,16000,
data/external/LibriSpeech/test-other/3764/168671/3764-168671-0012.flac,bonafide,0,librispeech,bonafide_libri_test-other,libri_3764,3764-168671-0012,libri_3764,16000,
data/external/LibriSpeech/test-other/3764/168671/3764-168671-0013.flac,bonafide,0,librispeech,bonafide_libri_test-other,libri_3764,3764-168671-0013,libri_3764,16000,
data/external/LibriSpeech/test-other/3764/168671/3764-168671-0014.flac,bonafide,0,librispeech,bonafide_libri_test-other,libri_3764,3764-168671-0014,libri_3764,16000,
data/external/LibriSpeech/test-other/3764/168671/3764-168671-0015.flac,bonafide,0,librispeech,bonafide_libri_test-other,libri_3764,3764-168671-0015,libri_3764,16000,
data/external/LibriSpeech/test-other/3764/168671/3764-168671-0016.flac,bonafide,0,librispeech,bonafide_libri_test-other,libri_3764,3764-168671-0016,libri_3764,16000,
data/external/LibriSpeech/test-other/3764/168671/3764-168671-0017.flac,bonafide,0,librispeech,bonafide_libri_test-other,libri_3764,3764-168671-0017,libri_3764,16000,
data/external/LibriSpeech/test-other/3764/168671/3764-168671-0018.flac,bonafide,0,librispeech,bonafide_libri_test-other,libri_3764,3764-168671-0018,libri_3764,16000,
data/external/LibriSpeech/test-other/3764/168671/3764-168671-0019.flac,bonafide,0,librispeech,bonafide_libri_test-other,libri_3764,3764-168671-0019,libri_3764,16000,
data/external/LibriSpeech/test-other/3764/168671/3764-168671-0020.flac,bonafide,0,librispeech,bonafide_libri_test-other,libri_3764,3764-168671-0020,libri_3764,16000,
data/external/LibriSpeech/test-other/3764/168671/3764-168671-0021.flac,bonafide,0,librispeech,bonafide_libri_test-other,libri_3764,3764-168671-0021,libri_3764,16000,
data/external/LibriSpeech/test-other/3764/168671/3764-168671-0022.flac,bonafide,0,librispeech,bonafide_libri_test-other,libri_3764,3764-168671-0022,libri_3764,16000,
data/external/LibriSpeech/test-other/3764/168671/3764-168671-0023.flac,bonafide,0,librispeech,bonafide_libri_test-other,libri_3764,3764-168671-0023,libri_3764,16000,
data/external/LibriSpeech/test-other/3764/168671/3764-168671-0024.flac,bonafide,0,librispeech,bonafide_libri_test-other,libri_3764,3764-168671-0024,libri_3764,16000,
data/external/LibriSpeech/test-other/3764/168671/3764-168671-0025.flac,bonafide,0,librispeech,bonafide_libri_test-other,libri_3764,3764-168671-0025,libri_3764,16000,
data/external/LibriSpeech/test-other/3764/168671/3764-168671-0026.flac,bonafide,0,librispeech,bonafide_libri_test-other,libri_3764,3764-168671-0026,libri_3764,16000,
data/external/LibriSpeech/test-other/3764/168671/3764-168671-0027.flac,bonafide,0,librispeech,bonafide_libri_test-other,libri_3764,3764-168671-0027,libri_3764,16000,
data/external/LibriSpeech/test-other/3764/168671/3764-168671-0028.flac,bonafide,0,librispeech,bonafide_libri_test-other,libri_3764,3764-168671-0028,libri_3764,16000,
data/external/LibriSpeech/test-other/3764/168671/3764-168671-0029.flac,bonafide,0,librispeech,bonafide_libri_test-other,libri_3764,3764-168671-0029,libri_3764,16000,
data/external/LibriSpeech/test-other/3764/168671/3764-168671-0030.flac,bonafide,0,librispeech,bonafide_libri_test-other,libri_3764,3764-168671-0030,libri_3764,16000,
data/external/LibriSpeech/test-other/3764/168671/3764-168671-0031.flac,bonafide,0,librispeech,bonafide_libri_test-other,libri_3764,3764-168671-0031,libri_3764,16000,
data/external/LibriSpeech/test-other/3764/168671/3764-168671-0032.flac,bonafide,0,librispeech,bonafide_libri_test-other,libri_3764,3764-168671-0032,libri_3764,16000,
data/external/LibriSpeech/test-other/3764/168671/3764-168671-0033.flac,bonafide,0,librispeech,bonafide_libri_test-other,libri_3764,3764-168671-0033,libri_3764,16000,
data/external/LibriSpeech/test-other/3764/168671/3764-168671-0034.flac,bonafide,0,librispeech,bonafide_libri_test-other,libri_3764,3764-168671-0034,libri_3764,16000,
data/external/LibriSpeech/test-other/3764/168671/3764-168671-0035.flac,bonafide,0,librispeech,bonafide_libri_test-other,libri_3764,3764-168671-0035,libri_3764,16000,
data/external/LibriSpeech/test-other/3764/168671/3764-168671-0036.flac,bonafide,0,librispeech,bonafide_libri_test-other,libri_3764,3764-168671-0036,libri_3764,16000,
data/external/LibriSpeech/test-other/3764/168671/3764-168671-0037.flac,bonafide,0,librispeech,bonafide_libri_test-other,libri_3764,3764-168671-0037,libri_3764,16000,
data/external/LibriSpeech/test-other/3764/168671/3764-168671-0038.flac,bonafide,0,librispeech,bonafide_libri_test-other,libri_3764,3764-168671-0038,libri_3764,16000,
data/external/LibriSpeech/test-other/3764/168671/3764-168671-0039.flac,bonafide,0,librispeech,bonafide_libri_test-other,libri_3764,3764-168671-0039,libri_3764,16000,
data/external/LibriSpeech/test-other/3764/168671/3764-168671-0040.flac,bonafide,0,librispeech,bonafide_libri_test-other,libri_3764,3764-168671-0040,libri_3764,16000,
data/external/LibriSpeech/test-other/3764/168671/3764-168671-0041.flac,bonafide,0,librispeech,bonafide_libri_test-other,libri_3764,3764-168671-0041,libri_3764,16000,
data/external/LibriSpeech/test-other/3764/168671/3764-168671-0042.flac,bonafide,0,librispeech,bonafide_libri_test-other,libri_3764,3764-168671-0042,libri_3764,16000,
data/external/LibriSpeech/test-other/3764/168671/3764-168671-0043.flac,bonafide,0,librispeech,bonafide_libri_test-other,libri_3764,3764-168671-0043,libri_3764,16000,
data/external/LibriSpeech/test-other/3764/168671/3764-168671-0044.flac,bonafide,0,librispeech,bonafide_libri_test-other,libri_3764,3764-168671-0044,libri_3764,16000,
data/external/LibriSpeech/test-other/3764/168671/3764-168671-0045.flac,bonafide,0,librispeech,bonafide_libri_test-other,libri_3764,3764-168671-0045,libri_3764,16000,
data/external/LibriSpeech/test-other/3764/168671/3764-168671-0046.flac,bonafide,0,librispeech,bonafide_libri_test-other,libri_3764,3764-168671-0046,libri_3764,16000,
data/external/LibriSpeech/test-other/3764/168671/3764-168671-0047.flac,bonafide,0,librispeech,bonafide_libri_test-other,libri_3764,3764-168671-0047,libri_3764,16000,
data/external/LibriSpeech/test-other/3764/168671/3764-168671-0048.flac,bonafide,0,librispeech,bonafide_libri_test-other,libri_3764,3764-168671-0048,libri_3764,16000,
data/external/LibriSpeech/test-other/3764/168671/3764-168671-0049.flac,bonafide,0,librispeech,bonafide_libri_test-other,libri_3764,3764-168671-0049,libri_3764,16000,
data/external/LibriSpeech/test-other/3764/168671/3764-168671-0050.flac,bonafide,0,librispeech,bonafide_libri_test-other,libri_3764,3764-168671-0050,libri_3764,16000,
data/external/LibriSpeech/test-other/3764/168671/3764-168671-0051.flac,bonafide,0,librispeech,bonafide_libri_test-other,libri_3764,3764-168671-0051,libri_3764,16000,
data/external/LibriSpeech/test-other/3764/168671/3764-168671-0052.flac,bonafide,0,librispeech,bonafide_libri_test-other,libri_3764,3764-168671-0052,libri_3764,16000,
data/external/LibriSpeech/test-other/3764/168671/3764-168671-0053.flac,bonafide,0,librispeech,bonafide_libri_test-other,libri_3764,3764-168671-0053,libri_3764,16000,
data/external/LibriSpeech/test-other/3764/168671/3764-168671-0054.flac,bonafide,0,librispeech,bonafide_libri_test-other,libri_3764,3764-168671-0054,libri_3764,16000,
data/external/LibriSpeech/test-other/3997/180294/3997-180294-0000.flac,bonafide,0,librispeech,bonafide_libri_test-other,libri_3997,3997-180294-0000,libri_3997,16000,
data/external/LibriSpeech/test-other/3997/180294/3997-180294-0001.flac,bonafide,0,librispeech,bonafide_libri_test-other,libri_3997,3997-180294-0001,libri_3997,16000,
data/external/LibriSpeech/test-other/3997/180294/3997-180294-0002.flac,bonafide,0,librispeech,bonafide_libri_test-other,libri_3997,3997-180294-0002,libri_3997,16000,
data/external/LibriSpeech/test-other/3997/180294/3997-180294-0003.flac,bonafide,0,librispeech,bonafide_libri_test-other,libri_3997,3997-180294-0003,libri_3997,16000,
data/external/LibriSpeech/test-other/3997/180294/3997-180294-0004.flac,bonafide,0,librispeech,bonafide_libri_test-other,libri_3997,3997-180294-0004,libri_3997,16000,
data/external/LibriSpeech/test-other/3997/180294/3997-180294-0005.flac,bonafide,0,librispeech,bonafide_libri_test-other,libri_3997,3997-180294-0005,libri_3997,16000,
data/external/LibriSpeech/test-other/3997/180294/3997-180294-0006.flac,bonafide,0,librispeech,bonafide_libri_test-other,libri_3997,3997-180294-0006,libri_3997,16000,
data/external/LibriSpeech/test-other/3997/180294/3997-180294-0007.flac,bonafide,0,librispeech,bonafide_libri_test-other,libri_3997,3997-180294-0007,libri_3997,16000,
data/external/LibriSpeech/test-other/3997/180294/3997-180294-0008.flac,bonafide,0,librispeech,bonafide_libri_test-other,libri_3997,3997-180294-0008,libri_3997,16000,
data/external/LibriSpeech/test-other/3997/180294/3997-180294-0009.flac,bonafide,0,librispeech,bonafide_libri_test-other,libri_3997,3997-180294-0009,libri_3997,16000,
data/external/LibriSpeech/test-other/3997/180294/3997-180294-0010.flac,bonafide,0,librispeech,bonafide_libri_test-other,libri_3997,3997-180294-0010,libri_3997,16000,
data/external/LibriSpeech/test-other/3997/180294/3997-180294-0011.flac,bonafide,0,librispeech,bonafide_libri_test-other,libri_3997,3997-180294-0011,libri_3997,16000,
data/external/LibriSpeech/test-other/3997/180294/3997-180294-0012.flac,bonafide,0,librispeech,bonafide_libri_test-other,libri_3997,3997-180294-0012,libri_3997,16000,
data/external/LibriSpeech/test-other/3997/180294/3997-180294-0013.flac,bonafide,0,librispeech,bonafide_libri_test-other,libri_3997,3997-180294-0013,libri_3997,16000,
data/external/LibriSpeech/test-other/3997/180294/3997-180294-0014.flac,bonafide,0,librispeech,bonafide_libri_test-other,libri_3997,3997-180294-0014,libri_3997,16000,
data/external/LibriSpeech/test-other/3997/180294/3997-180294-0015.flac,bonafide,0,librispeech,bonafide_libri_test-other,libri_3997,3997-180294-0015,libri_3997,16000,
data/external/LibriSpeech/test-other/3997/180294/3997-180294-0016.flac,bonafide,0,librispeech,bonafide_libri_test-other,libri_3997,3997-180294-0016,libri_3997,16000,
data/external/LibriSpeech/test-other/3997/180294/3997-180294-0017.flac,bonafide,0,librispeech,bonafide_libri_test-other,libri_3997,3997-180294-0017,libri_3997,16000,
data/external/LibriSpeech/test-other/3997/180294/3997-180294-0018.flac,bonafide,0,librispeech,bonafide_libri_test-other,libri_3997,3997-180294-0018,libri_3997,16000,
data/external/LibriSpeech/test-other/3997/180294/3997-180294-0019.flac,bonafide,0,librispeech,bonafide_libri_test-other,libri_3997,3997-180294-0019,libri_3997,16000,
data/external/LibriSpeech/test-other/3997/180294/3997-180294-0020.flac,bonafide,0,librispeech,bonafide_libri_test-other,libri_3997,3997-180294-0020,libri_3997,16000,
data/external/LibriSpeech/test-other/3997/180294/3997-180294-0021.flac,bonafide,0,librispeech,bonafide_libri_test-other,libri_3997,3997-180294-0021,libri_3997,16000,
data/external/LibriSpeech/test-other/3997/180294/3997-180294-0022.flac,bonafide,0,librispeech,bonafide_libri_test-other,libri_3997,3997-180294-0022,libri_3997,16000,
data/external/LibriSpeech/test-other/3997/180294/3997-180294-0023.flac,bonafide,0,librispeech,bonafide_libri_test-other,libri_3997,3997-180294-0023,libri_3997,16000,
data/external/LibriSpeech/test-other/3997/180294/3997-180294-0024.flac,bonafide,0,librispeech,bonafide_libri_test-other,libri_3997,3997-180294-0024,libri_3997,16000,
data/external/LibriSpeech/test-other/3997/180294/3997-180294-0025.flac,bonafide,0,librispeech,bonafide_libri_test-other,libri_3997,3997-180294-0025,libri_3997,16000,
data/external/LibriSpeech/test-other/3997/180294/3997-180294-0026.flac,bonafide,0,librispeech,bonafide_libri_test-other,libri_3997,3997-180294-0026,libri_3997,16000,
data/external/LibriSpeech/test-other/3997/180294/3997-180294-0027.flac,bonafide,0,librispeech,bonafide_libri_test-other,libri_3997,3997-180294-0027,libri_3997,16000,
data/external/LibriSpeech/test-other/3997/180294/3997-180294-0028.flac,bonafide,0,librispeech,bonafide_libri_test-other,libri_3997,3997-180294-0028,libri_3997,16000,
data/external/LibriSpeech/test-other/3997/180294/3997-180294-0029.flac,bonafide,0,librispeech,bonafide_libri_test-other,libri_3997,3997-180294-0029,libri_3997,16000,
data/external/LibriSpeech/test-other/3997/180294/3997-180294-0030.flac,bonafide,0,librispeech,bonafide_libri_test-other,libri_3997,3997-180294-0030,libri_3997,16000,
data/external/LibriSpeech/test-other/3997/180294/3997-180294-0031.flac,bonafide,0,librispeech,bonafide_libri_test-other,libri_3997,3997-180294-0031,libri_3997,16000,
data/external/LibriSpeech/test-other/3997/180294/3997-180294-0032.flac,bonafide,0,librispeech,bonafide_libri_test-other,libri_3997,3997-180294-0032,libri_3997,16000,
data/external/LibriSpeech/test-other/3997/180294/3997-180294-0033.flac,bonafide,0,librispeech,bonafide_libri_test-other,libri_3997,3997-180294-0033,libri_3997,16000,
data/external/LibriSpeech/test-other/3997/180297/3997-180297-0000.flac,bonafide,0,librispeech,bonafide_libri_test-other,libri_3997,3997-180297-0000,libri_3997,16000,
data/external/LibriSpeech/test-other/3997/180297/3997-180297-0001.flac,bonafide,0,librispeech,bonafide_libri_test-other,libri_3997,3997-180297-0001,libri_3997,16000,
data/external/LibriSpeech/test-other/3997/180297/3997-180297-0002.flac,bonafide,0,librispeech,bonafide_libri_test-other,libri_3997,3997-180297-0002,libri_3997,16000,
data/external/LibriSpeech/test-other/3997/180297/3997-180297-0003.flac,bonafide,0,librispeech,bonafide_libri_test-other,libri_3997,3997-180297-0003,libri_3997,16000,
data/external/LibriSpeech/test-other/3997/180297/3997-180297-0004.flac,bonafide,0,librispeech,bonafide_libri_test-other,libri_3997,3997-180297-0004,libri_3997,16000,
data/external/LibriSpeech/test-other/3997/180297/3997-180297-0005.flac,bonafide,0,librispeech,bonafide_libri_test-other,libri_3997,3997-180297-0005,libri_3997,16000,
data/external/LibriSpeech/test-other/3997/180297/3997-180297-0006.flac,bonafide,0,librispeech,bonafide_libri_test-other,libri_3997,3997-180297-0006,libri_3997,16000,
data/external/LibriSpeech/test-other/3997/180297/3997-180297-0007.flac,bonafide,0,librispeech,bonafide_libri_test-other,libri_3997,3997-180297-0007,libri_3997,16000,
data/external/LibriSpeech/test-other/3997/180297/3997-180297-0008.flac,bonafide,0,librispeech,bonafide_libri_test-other,libri_3997,3997-180297-0008,libri_3997,16000,
data/external/LibriSpeech/test-other/3997/180297/3997-180297-0009.flac,bonafide,0,librispeech,bonafide_libri_test-other,libri_3997,3997-180297-0009,libri_3997,16000,
data/external/LibriSpeech/test-other/3997/180297/3997-180297-0010.flac,bonafide,0,librispeech,bonafide_libri_test-other,libri_3997,3997-180297-0010,libri_3997,16000,
data/external/LibriSpeech/test-other/3997/180297/3997-180297-0011.flac,bonafide,0,librispeech,bonafide_libri_test-other,libri_3997,3997-180297-0011,libri_3997,16000,
data/external/LibriSpeech/test-other/3997/180297/3997-180297-0012.flac,bonafide,0,librispeech,bonafide_libri_test-other,libri_3997,3997-180297-0012,libri_3997,16000,
data/external/LibriSpeech/test-other/3997/180297/3997-180297-0013.flac,bonafide,0,librispeech,bonafide_libri_test-other,libri_3997,3997-180297-0013,libri_3997,16000,
data/external/LibriSpeech/test-other/3997/180297/3997-180297-0014.flac,bonafide,0,librispeech,bonafide_libri_test-other,libri_3997,3997-180297-0014,libri_3997,16000,
data/external/LibriSpeech/test-other/3997/180297/3997-180297-0015.flac,bonafide,0,librispeech,bonafide_libri_test-other,libri_3997,3997-180297-0015,libri_3997,16000,
data/external/LibriSpeech/test-other/3997/180297/3997-180297-0016.flac,bonafide,0,librispeech,bonafide_libri_test-other,libri_3997,3997-180297-0016,libri_3997,16000,
data/external/LibriSpeech/test-other/3997/180297/3997-180297-0017.flac,bonafide,0,librispeech,bonafide_libri_test-other,libri_3997,3997-180297-0017,libri_3997,16000,
data/external/LibriSpeech/test-other/3997/180297/3997-180297-0018.flac,bonafide,0,librispeech,bonafide_libri_test-other,libri_3997,3997-180297-0018,libri_3997,16000,
data/external/LibriSpeech/test-other/3997/180297/3997-180297-0019.flac,bonafide,0,librispeech,bonafide_libri_test-other,libri_3997,3997-180297-0019,libri_3997,16000,
data/external/LibriSpeech/test-other/3997/180297/3997-180297-0020.flac,bonafide,0,librispeech,bonafide_libri_test-other,libri_3997,3997-180297-0020,libri_3997,16000,
data/external/LibriSpeech/test-other/3997/180297/3997-180297-0021.flac,bonafide,0,librispeech,bonafide_libri_test-other,libri_3997,3997-180297-0021,libri_3997,16000,
data/external/LibriSpeech/test-other/3997/180297/3997-180297-0022.flac,bonafide,0,librispeech,bonafide_libri_test-other,libri_3997,3997-180297-0022,libri_3997,16000,
data/external/LibriSpeech/test-other/3997/180297/3997-180297-0023.flac,bonafide,0,librispeech,bonafide_libri_test-other,libri_3997,3997-180297-0023,libri_3997,16000,
data/external/LibriSpeech/test-other/3997/180297/3997-180297-0024.flac,bonafide,0,librispeech,bonafide_libri_test-other,libri_3997,3997-180297-0024,libri_3997,16000,
data/external/LibriSpeech/test-other/3997/180297/3997-180297-0025.flac,bonafide,0,librispeech,bonafide_libri_test-other,libri_3997,3997-180297-0025,libri_3997,16000,
data/external/LibriSpeech/test-other/3997/180297/3997-180297-0026.flac,bonafide,0,librispeech,bonafide_libri_test-other,libri_3997,3997-180297-0026,libri_3997,16000,
data/external/LibriSpeech/test-other/3997/180297/3997-180297-0027.flac,bonafide,0,librispeech,bonafide_libri_test-other,libri_3997,3997-180297-0027,libri_3997,16000,
data/external/LibriSpeech/test-other/3997/180297/3997-180297-0028.flac,bonafide,0,librispeech,bonafide_libri_test-other,libri_3997,3997-180297-0028,libri_3997,16000,
data/external/LibriSpeech/test-other/3997/180297/3997-180297-0029.flac,bonafide,0,librispeech,bonafide_libri_test-other,libri_3997,3997-180297-0029,libri_3997,16000,
data/external/LibriSpeech/test-other/3997/180297/3997-180297-0030.flac,bonafide,0,librispeech,bonafide_libri_test-other,libri_3997,3997-180297-0030,libri_3997,16000,
data/external/LibriSpeech/test-other/3997/180297/3997-180297-0031.flac,bonafide,0,librispeech,bonafide_libri_test-other,libri_3997,3997-180297-0031,libri_3997,16000,
data/external/LibriSpeech/test-other/3997/182399/3997-182399-0000.flac,bonafide,0,librispeech,bonafide_libri_test-other,libri_3997,3997-182399-0000,libri_3997,16000,
data/external/LibriSpeech/test-other/3997/182399/3997-182399-0001.flac,bonafide,0,librispeech,bonafide_libri_test-other,libri_3997,3997-182399-0001,libri_3997,16000,
data/external/LibriSpeech/test-other/3997/182399/3997-182399-0002.flac,bonafide,0,librispeech,bonafide_libri_test-other,libri_3997,3997-182399-0002,libri_3997,16000,
data/external/LibriSpeech/test-other/3997/182399/3997-182399-0003.flac,bonafide,0,librispeech,bonafide_libri_test-other,libri_3997,3997-182399-0003,libri_3997,16000,
data/external/LibriSpeech/test-other/3997/182399/3997-182399-0004.flac,bonafide,0,librispeech,bonafide_libri_test-other,libri_3997,3997-182399-0004,libri_3997,16000,
data/external/LibriSpeech/test-other/3997/182399/3997-182399-0005.flac,bonafide,0,librispeech,bonafide_libri_test-other,libri_3997,3997-182399-0005,libri_3997,16000,
data/external/LibriSpeech/test-other/3997/182399/3997-182399-0006.flac,bonafide,0,librispeech,bonafide_libri_test-other,libri_3997,3997-182399-0006,libri_3997,16000,
data/external/LibriSpeech/test-other/3997/182399/3997-182399-0007.flac,bonafide,0,librispeech,bonafide_libri_test-other,libri_3997,3997-182399-0007,libri_3997,16000,
data/external/LibriSpeech/test-other/3997/182399/3997-182399-0008.flac,bonafide,0,librispeech,bonafide_libri_test-other,libri_3997,3997-182399-0008,libri_3997,16000,
data/external/LibriSpeech/test-other/3997/182399/3997-182399-0009.flac,bonafide,0,librispeech,bonafide_libri_test-other,libri_3997,3997-182399-0009,libri_3997,16000,
data/external/LibriSpeech/test-other/3997/182399/3997-182399-0010.flac,bonafide,0,librispeech,bonafide_libri_test-other,libri_3997,3997-182399-0010,libri_3997,16000,
data/external/LibriSpeech/test-other/3997/182399/3997-182399-0011.flac,bonafide,0,librispeech,bonafide_libri_test-other,libri_3997,3997-182399-0011,libri_3997,16000,
data/external/LibriSpeech/test-other/3997/182399/3997-182399-0012.flac,bonafide,0,librispeech,bonafide_libri_test-other,libri_3997,3997-182399-0012,libri_3997,16000,
data/external/LibriSpeech/test-other/3997/182399/3997-182399-0013.flac,bonafide,0,librispeech,bonafide_libri_test-other,libri_3997,3997-182399-0013,libri_3997,16000,
data/external/LibriSpeech/test-other/3997/182399/3997-182399-0014.flac,bonafide,0,librispeech,bonafide_libri_test-other,libri_3997,3997-182399-0014,libri_3997,16000,
data/external/LibriSpeech/test-other/3997/182399/3997-182399-0015.flac,bonafide,0,librispeech,bonafide_libri_test-other,libri_3997,3997-182399-0015,libri_3997,16000,
data/external/LibriSpeech/test-other/3997/182399/3997-182399-0016.flac,bonafide,0,librispeech,bonafide_libri_test-other,libri_3997,3997-182399-0016,libri_3997,16000,
data/external/LibriSpeech/test-other/3997/182399/3997-182399-0017.flac,bonafide,0,librispeech,bonafide_libri_test-other,libri_3997,3997-182399-0017,libri_3997,16000,
data/external/LibriSpeech/test-other/3997/182399/3997-182399-0018.flac,bonafide,0,librispeech,bonafide_libri_test-other,libri_3997,3997-182399-0018,libri_3997,16000,
data/external/LibriSpeech/test-other/3997/182399/3997-182399-0019.flac,bonafide,0,librispeech,bonafide_libri_test-other,libri_3997,3997-182399-0019,libri_3997,16000,
data/external/LibriSpeech/test-other/3997/182399/3997-182399-0020.flac,bonafide,0,librispeech,bonafide_libri_test-other,libri_3997,3997-182399-0020,libri_3997,16000,
data/external/LibriSpeech/test-other/4198/12259/4198-12259-0000.flac,bonafide,0,librispeech,bonafide_libri_test-other,libri_4198,4198-12259-0000,libri_4198,16000,
data/external/LibriSpeech/test-other/4198/12259/4198-12259-0001.flac,bonafide,0,librispeech,bonafide_libri_test-other,libri_4198,4198-12259-0001,libri_4198,16000,
data/external/LibriSpeech/test-other/4198/12259/4198-12259-0002.flac,bonafide,0,librispeech,bonafide_libri_test-other,libri_4198,4198-12259-0002,libri_4198,16000,
data/external/LibriSpeech/test-other/4198/12259/4198-12259-0003.flac,bonafide,0,librispeech,bonafide_libri_test-other,libri_4198,4198-12259-0003,libri_4198,16000,
data/external/LibriSpeech/test-other/4198/12259/4198-12259-0004.flac,bonafide,0,librispeech,bonafide_libri_test-other,libri_4198,4198-12259-0004,libri_4198,16000,
data/external/LibriSpeech/test-other/4198/12259/4198-12259-0005.flac,bonafide,0,librispeech,bonafide_libri_test-other,libri_4198,4198-12259-0005,libri_4198,16000,
data/external/LibriSpeech/test-other/4198/12259/4198-12259-0006.flac,bonafide,0,librispeech,bonafide_libri_test-other,libri_4198,4198-12259-0006,libri_4198,16000,
data/external/LibriSpeech/test-other/4198/12259/4198-12259-0007.flac,bonafide,0,librispeech,bonafide_libri_test-other,libri_4198,4198-12259-0007,libri_4198,16000,
data/external/LibriSpeech/test-other/4198/12259/4198-12259-0008.flac,bonafide,0,librispeech,bonafide_libri_test-other,libri_4198,4198-12259-0008,libri_4198,16000,
data/external/LibriSpeech/test-other/4198/12259/4198-12259-0009.flac,bonafide,0,librispeech,bonafide_libri_test-other,libri_4198,4198-12259-0009,libri_4198,16000,
data/external/LibriSpeech/test-other/4198/12259/4198-12259-0010.flac,bonafide,0,librispeech,bonafide_libri_test-other,libri_4198,4198-12259-0010,libri_4198,16000,
data/external/LibriSpeech/test-other/4198/12259/4198-12259-0011.flac,bonafide,0,librispeech,bonafide_libri_test-other,libri_4198,4198-12259-0011,libri_4198,16000,
data/external/LibriSpeech/test-other/4198/12259/4198-12259-0012.flac,bonafide,0,librispeech,bonafide_libri_test-other,libri_4198,4198-12259-0012,libri_4198,16000,
data/external/LibriSpeech/test-other/4198/12259/4198-12259-0013.flac,bonafide,0,librispeech,bonafide_libri_test-other,libri_4198,4198-12259-0013,libri_4198,16000,
data/external/LibriSpeech/test-other/4198/12259/4198-12259-0014.flac,bonafide,0,librispeech,bonafide_libri_test-other,libri_4198,4198-12259-0014,libri_4198,16000,
data/external/LibriSpeech/test-other/4198/12259/4198-12259-0015.flac,bonafide,0,librispeech,bonafide_libri_test-other,libri_4198,4198-12259-0015,libri_4198,16000,
data/external/LibriSpeech/test-other/4198/12259/4198-12259-0016.flac,bonafide,0,librispeech,bonafide_libri_test-other,libri_4198,4198-12259-0016,libri_4198,16000,
data/external/LibriSpeech/test-other/4198/12259/4198-12259-0017.flac,bonafide,0,librispeech,bonafide_libri_test-other,libri_4198,4198-12259-0017,libri_4198,16000,
data/external/LibriSpeech/test-other/4198/12259/4198-12259-0018.flac,bonafide,0,librispeech,bonafide_libri_test-other,libri_4198,4198-12259-0018,libri_4198,16000,
data/external/LibriSpeech/test-other/4198/12259/4198-12259-0019.flac,bonafide,0,librispeech,bonafide_libri_test-other,libri_4198,4198-12259-0019,libri_4198,16000,
data/external/LibriSpeech/test-other/4198/12259/4198-12259-0020.flac,bonafide,0,librispeech,bonafide_libri_test-other,libri_4198,4198-12259-0020,libri_4198,16000,
data/external/LibriSpeech/test-other/4198/12259/4198-12259-0021.flac,bonafide,0,librispeech,bonafide_libri_test-other,libri_4198,4198-12259-0021,libri_4198,16000,
data/external/LibriSpeech/test-other/4198/12259/4198-12259-0022.flac,bonafide,0,librispeech,bonafide_libri_test-other,libri_4198,4198-12259-0022,libri_4198,16000,
data/external/LibriSpeech/test-other/4198/12259/4198-12259-0023.flac,bonafide,0,librispeech,bonafide_libri_test-other,libri_4198,4198-12259-0023,libri_4198,16000,
data/external/LibriSpeech/test-other/4198/12259/4198-12259-0024.flac,bonafide,0,librispeech,bonafide_libri_test-other,libri_4198,4198-12259-0024,libri_4198,16000,
data/external/LibriSpeech/test-other/4198/12259/4198-12259-0025.flac,bonafide,0,librispeech,bonafide_libri_test-other,libri_4198,4198-12259-0025,libri_4198,16000,
data/external/LibriSpeech/test-other/4198/12259/4198-12259-0026.flac,bonafide,0,librispeech,bonafide_libri_test-other,libri_4198,4198-12259-0026,libri_4198,16000,
data/external/LibriSpeech/test-other/4198/12259/4198-12259-0027.flac,bonafide,0,librispeech,bonafide_libri_test-other,libri_4198,4198-12259-0027,libri_4198,16000,
data/external/LibriSpeech/test-other/4198/12259/4198-12259-0028.flac,bonafide,0,librispeech,bonafide_libri_test-other,libri_4198,4198-12259-0028,libri_4198,16000,
data/external/LibriSpeech/test-other/4198/12259/4198-12259-0029.flac,bonafide,0,librispeech,bonafide_libri_test-other,libri_4198,4198-12259-0029,libri_4198,16000,
data/external/LibriSpeech/test-other/4198/12259/4198-12259-0030.flac,bonafide,0,librispeech,bonafide_libri_test-other,libri_4198,4198-12259-0030,libri_4198,16000,
data/external/LibriSpeech/test-other/4198/12259/4198-12259-0031.flac,bonafide,0,librispeech,bonafide_libri_test-other,libri_4198,4198-12259-0031,libri_4198,16000,
data/external/LibriSpeech/test-other/4198/12259/4198-12259-0032.flac,bonafide,0,librispeech,bonafide_libri_test-other,libri_4198,4198-12259-0032,libri_4198,16000,
data/external/LibriSpeech/test-other/4198/12259/4198-12259-0033.flac,bonafide,0,librispeech,bonafide_libri_test-other,libri_4198,4198-12259-0033,libri_4198,16000,
data/external/LibriSpeech/test-other/4198/12259/4198-12259-0034.flac,bonafide,0,librispeech,bonafide_libri_test-other,libri_4198,4198-12259-0034,libri_4198,16000,
data/external/LibriSpeech/test-other/4198/12259/4198-12259-0035.flac,bonafide,0,librispeech,bonafide_libri_test-other,libri_4198,4198-12259-0035,libri_4198,16000,
data/external/LibriSpeech/test-other/4198/12259/4198-12259-0036.flac,bonafide,0,librispeech,bonafide_libri_test-other,libri_4198,4198-12259-0036,libri_4198,16000,
data/external/LibriSpeech/test-other/4198/12259/4198-12259-0037.flac,bonafide,0,librispeech,bonafide_libri_test-other,libri_4198,4198-12259-0037,libri_4198,16000,
data/external/LibriSpeech/test-other/4198/12259/4198-12259-0038.flac,bonafide,0,librispeech,bonafide_libri_test-other,libri_4198,4198-12259-0038,libri_4198,16000,
data/external/LibriSpeech/test-other/4198/12259/4198-12259-0039.flac,bonafide,0,librispeech,bonafide_libri_test-other,libri_4198,4198-12259-0039,libri_4198,16000,
data/external/LibriSpeech/test-other/4198/12259/4198-12259-0040.flac,bonafide,0,librispeech,bonafide_libri_test-other,libri_4198,4198-12259-0040,libri_4198,16000,
data/external/LibriSpeech/test-other/4198/12259/4198-12259-0041.flac,bonafide,0,librispeech,bonafide_libri_test-other,libri_4198,4198-12259-0041,libri_4198,16000,
data/external/LibriSpeech/test-other/4198/12259/4198-12259-0042.flac,bonafide,0,librispeech,bonafide_libri_test-other,libri_4198,4198-12259-0042,libri_4198,16000,
data/external/LibriSpeech/test-other/4198/12259/4198-12259-0043.flac,bonafide,0,librispeech,bonafide_libri_test-other,libri_4198,4198-12259-0043,libri_4198,16000,
data/external/LibriSpeech/test-other/4198/12281/4198-12281-0000.flac,bonafide,0,librispeech,bonafide_libri_test-other,libri_4198,4198-12281-0000,libri_4198,16000,
data/external/LibriSpeech/test-other/4198/12281/4198-12281-0001.flac,bonafide,0,librispeech,bonafide_libri_test-other,libri_4198,4198-12281-0001,libri_4198,16000,
data/external/LibriSpeech/test-other/4198/12281/4198-12281-0002.flac,bonafide,0,librispeech,bonafide_libri_test-other,libri_4198,4198-12281-0002,libri_4198,16000,
data/external/LibriSpeech/test-other/4198/12281/4198-12281-0003.flac,bonafide,0,librispeech,bonafide_libri_test-other,libri_4198,4198-12281-0003,libri_4198,16000,
data/external/LibriSpeech/test-other/4198/12281/4198-12281-0004.flac,bonafide,0,librispeech,bonafide_libri_test-other,libri_4198,4198-12281-0004,libri_4198,16000,
data/external/LibriSpeech/test-other/4198/12281/4198-12281-0005.flac,bonafide,0,librispeech,bonafide_libri_test-other,libri_4198,4198-12281-0005,libri_4198,16000,
data/external/LibriSpeech/test-other/4198/12281/4198-12281-0006.flac,bonafide,0,librispeech,bonafide_libri_test-other,libri_4198,4198-12281-0006,libri_4198,16000,
data/external/LibriSpeech/test-other/4198/12281/4198-12281-0007.flac,bonafide,0,librispeech,bonafide_libri_test-other,libri_4198,4198-12281-0007,libri_4198,16000,
data/external/LibriSpeech/test-other/4198/12281/4198-12281-0008.flac,bonafide,0,librispeech,bonafide_libri_test-other,libri_4198,4198-12281-0008,libri_4198,16000,
data/external/LibriSpeech/test-other/4198/12281/4198-12281-0009.flac,bonafide,0,librispeech,bonafide_libri_test-other,libri_4198,4198-12281-0009,libri_4198,16000,
data/external/LibriSpeech/test-other/4198/12281/4198-12281-0010.flac,bonafide,0,librispeech,bonafide_libri_test-other,libri_4198,4198-12281-0010,libri_4198,16000,
data/external/LibriSpeech/test-other/4198/12281/4198-12281-0011.flac,bonafide,0,librispeech,bonafide_libri_test-other,libri_4198,4198-12281-0011,libri_4198,16000,
data/external/LibriSpeech/test-other/4198/12281/4198-12281-0012.flac,bonafide,0,librispeech,bonafide_libri_test-other,libri_4198,4198-12281-0012,libri_4198,16000,
data/external/LibriSpeech/test-other/4198/12281/4198-12281-0013.flac,bonafide,0,librispeech,bonafide_libri_test-other,libri_4198,4198-12281-0013,libri_4198,16000,
data/external/LibriSpeech/test-other/4198/12281/4198-12281-0014.flac,bonafide,0,librispeech,bonafide_libri_test-other,libri_4198,4198-12281-0014,libri_4198,16000,
data/external/LibriSpeech/test-other/4198/12281/4198-12281-0015.flac,bonafide,0,librispeech,bonafide_libri_test-other,libri_4198,4198-12281-0015,libri_4198,16000,
data/external/LibriSpeech/test-other/4198/61336/4198-61336-0000.flac,bonafide,0,librispeech,bonafide_libri_test-other,libri_4198,4198-61336-0000,libri_4198,16000,
data/external/LibriSpeech/test-other/4198/61336/4198-61336-0001.flac,bonafide,0,librispeech,bonafide_libri_test-other,libri_4198,4198-61336-0001,libri_4198,16000,
data/external/LibriSpeech/test-other/4198/61336/4198-61336-0002.flac,bonafide,0,librispeech,bonafide_libri_test-other,libri_4198,4198-61336-0002,libri_4198,16000,
data/external/LibriSpeech/test-other/4198/61336/4198-61336-0003.flac,bonafide,0,librispeech,bonafide_libri_test-other,libri_4198,4198-61336-0003,libri_4198,16000,
data/external/LibriSpeech/test-other/4198/61336/4198-61336-0004.flac,bonafide,0,librispeech,bonafide_libri_test-other,libri_4198,4198-61336-0004,libri_4198,16000,
data/external/LibriSpeech/test-other/4198/61336/4198-61336-0005.flac,bonafide,0,librispeech,bonafide_libri_test-other,libri_4198,4198-61336-0005,libri_4198,16000,
data/external/LibriSpeech/test-other/4198/61336/4198-61336-0006.flac,bonafide,0,librispeech,bonafide_libri_test-other,libri_4198,4198-61336-0006,libri_4198,16000,
data/external/LibriSpeech/test-other/4198/61336/4198-61336-0007.flac,bonafide,0,librispeech,bonafide_libri_test-other,libri_4198,4198-61336-0007,libri_4198,16000,
data/external/LibriSpeech/test-other/4198/61336/4198-61336-0008.flac,bonafide,0,librispeech,bonafide_libri_test-other,libri_4198,4198-61336-0008,libri_4198,16000,
data/external/LibriSpeech/test-other/4198/61336/4198-61336-0009.flac,bonafide,0,librispeech,bonafide_libri_test-other,libri_4198,4198-61336-0009,libri_4198,16000,
data/external/LibriSpeech/test-other/4198/61336/4198-61336-0010.flac,bonafide,0,librispeech,bonafide_libri_test-other,libri_4198,4198-61336-0010,libri_4198,16000,
data/external/LibriSpeech/test-other/4198/61336/4198-61336-0011.flac,bonafide,0,librispeech,bonafide_libri_test-other,libri_4198,4198-61336-0011,libri_4198,16000,
data/external/LibriSpeech/test-other/4198/61336/4198-61336-0012.flac,bonafide,0,librispeech,bonafide_libri_test-other,libri_4198,4198-61336-0012,libri_4198,16000,
data/external/LibriSpeech/test-other/4198/61336/4198-61336-0013.flac,bonafide,0,librispeech,bonafide_libri_test-other,libri_4198,4198-61336-0013,libri_4198,16000,
data/external/LibriSpeech/test-other/4198/61336/4198-61336-0014.flac,bonafide,0,librispeech,bonafide_libri_test-other,libri_4198,4198-61336-0014,libri_4198,16000,
data/external/LibriSpeech/test-other/4198/61336/4198-61336-0015.flac,bonafide,0,librispeech,bonafide_libri_test-other,libri_4198,4198-61336-0015,libri_4198,16000,
data/external/LibriSpeech/test-other/4198/61336/4198-61336-0016.flac,bonafide,0,librispeech,bonafide_libri_test-other,libri_4198,4198-61336-0016,libri_4198,16000,
data/external/LibriSpeech/test-other/4198/61336/4198-61336-0017.flac,bonafide,0,librispeech,bonafide_libri_test-other,libri_4198,4198-61336-0017,libri_4198,16000,
data/external/LibriSpeech/test-other/4198/61336/4198-61336-0018.flac,bonafide,0,librispeech,bonafide_libri_test-other,libri_4198,4198-61336-0018,libri_4198,16000,
data/external/LibriSpeech/test-other/4198/61336/4198-61336-0019.flac,bonafide,0,librispeech,bonafide_libri_test-other,libri_4198,4198-61336-0019,libri_4198,16000,
data/external/LibriSpeech/test-other/4198/61336/4198-61336-0020.flac,bonafide,0,librispeech,bonafide_libri_test-other,libri_4198,4198-61336-0020,libri_4198,16000,
data/external/LibriSpeech/test-other/4198/61336/4198-61336-0021.flac,bonafide,0,librispeech,bonafide_libri_test-other,libri_4198,4198-61336-0021,libri_4198,16000,
data/external/LibriSpeech/test-other/4198/61336/4198-61336-0022.flac,bonafide,0,librispeech,bonafide_libri_test-other,libri_4198,4198-61336-0022,libri_4198,16000,
data/external/LibriSpeech/test-other/4198/61336/4198-61336-0023.flac,bonafide,0,librispeech,bonafide_libri_test-other,libri_4198,4198-61336-0023,libri_4198,16000,
data/external/LibriSpeech/test-other/4198/61336/4198-61336-0024.flac,bonafide,0,librispeech,bonafide_libri_test-other,libri_4198,4198-61336-0024,libri_4198,16000,
data/external/LibriSpeech/test-other/4198/61336/4198-61336-0025.flac,bonafide,0,librispeech,bonafide_libri_test-other,libri_4198,4198-61336-0025,libri_4198,16000,
data/external/LibriSpeech/test-other/4198/61336/4198-61336-0026.flac,bonafide,0,librispeech,bonafide_libri_test-other,libri_4198,4198-61336-0026,libri_4198,16000,
data/external/LibriSpeech/test-other/4198/61336/4198-61336-0027.flac,bonafide,0,librispeech,bonafide_libri_test-other,libri_4198,4198-61336-0027,libri_4198,16000,
data/external/LibriSpeech/test-other/4198/61336/4198-61336-0028.flac,bonafide,0,librispeech,bonafide_libri_test-other,libri_4198,4198-61336-0028,libri_4198,16000,
data/external/LibriSpeech/test-other/4198/61336/4198-61336-0029.flac,bonafide,0,librispeech,bonafide_libri_test-other,libri_4198,4198-61336-0029,libri_4198,16000,
data/external/LibriSpeech/test-other/4198/61336/4198-61336-0030.flac,bonafide,0,librispeech,bonafide_libri_test-other,libri_4198,4198-61336-0030,libri_4198,16000,
data/external/LibriSpeech/test-other/4294/14317/4294-14317-0000.flac,bonafide,0,librispeech,bonafide_libri_test-other,libri_4294,4294-14317-0000,libri_4294,16000,
data/external/LibriSpeech/test-other/4294/14317/4294-14317-0001.flac,bonafide,0,librispeech,bonafide_libri_test-other,libri_4294,4294-14317-0001,libri_4294,16000,
data/external/LibriSpeech/test-other/4294/14317/4294-14317-0002.flac,bonafide,0,librispeech,bonafide_libri_test-other,libri_4294,4294-14317-0002,libri_4294,16000,
data/external/LibriSpeech/test-other/4294/14317/4294-14317-0003.flac,bonafide,0,librispeech,bonafide_libri_test-other,libri_4294,4294-14317-0003,libri_4294,16000,
data/external/LibriSpeech/test-other/4294/14317/4294-14317-0004.flac,bonafide,0,librispeech,bonafide_libri_test-other,libri_4294,4294-14317-0004,libri_4294,16000,
data/external/LibriSpeech/test-other/4294/14317/4294-14317-0005.flac,bonafide,0,librispeech,bonafide_libri_test-other,libri_4294,4294-14317-0005,libri_4294,16000,
data/external/LibriSpeech/test-other/4294/14317/4294-14317-0006.flac,bonafide,0,librispeech,bonafide_libri_test-other,libri_4294,4294-14317-0006,libri_4294,16000,
data/external/LibriSpeech/test-other/4294/14317/4294-14317-0007.flac,bonafide,0,librispeech,bonafide_libri_test-other,libri_4294,4294-14317-0007,libri_4294,16000,
data/external/LibriSpeech/test-other/4294/14317/4294-14317-0008.flac,bonafide,0,librispeech,bonafide_libri_test-other,libri_4294,4294-14317-0008,libri_4294,16000,
data/external/LibriSpeech/test-other/4294/14317/4294-14317-0009.flac,bonafide,0,librispeech,bonafide_libri_test-other,libri_4294,4294-14317-0009,libri_4294,16000,
data/external/LibriSpeech/test-other/4294/14317/4294-14317-0010.flac,bonafide,0,librispeech,bonafide_libri_test-other,libri_4294,4294-14317-0010,libri_4294,16000,
data/external/LibriSpeech/test-other/4294/14317/4294-14317-0011.flac,bonafide,0,librispeech,bonafide_libri_test-other,libri_4294,4294-14317-0011,libri_4294,16000,
data/external/LibriSpeech/test-other/4294/14317/4294-14317-0012.flac,bonafide,0,librispeech,bonafide_libri_test-other,libri_4294,4294-14317-0012,libri_4294,16000,
data/external/LibriSpeech/test-other/4294/14317/4294-14317-0013.flac,bonafide,0,librispeech,bonafide_libri_test-other,libri_4294,4294-14317-0013,libri_4294,16000,
data/external/LibriSpeech/test-other/4294/14317/4294-14317-0014.flac,bonafide,0,librispeech,bonafide_libri_test-other,libri_4294,4294-14317-0014,libri_4294,16000,
data/external/LibriSpeech/test-other/4294/14317/4294-14317-0015.flac,bonafide,0,librispeech,bonafide_libri_test-other,libri_4294,4294-14317-0015,libri_4294,16000,
data/external/LibriSpeech/test-other/4294/14317/4294-14317-0016.flac,bonafide,0,librispeech,bonafide_libri_test-other,libri_4294,4294-14317-0016,libri_4294,16000,
data/external/LibriSpeech/test-other/4294/14317/4294-14317-0017.flac,bonafide,0,librispeech,bonafide_libri_test-other,libri_4294,4294-14317-0017,libri_4294,16000,
data/external/LibriSpeech/test-other/4294/14317/4294-14317-0018.flac,bonafide,0,librispeech,bonafide_libri_test-other,libri_4294,4294-14317-0018,libri_4294,16000,
data/external/LibriSpeech/test-other/4294/32859/4294-32859-0000.flac,bonafide,0,librispeech,bonafide_libri_test-other,libri_4294,4294-32859-0000,libri_4294,16000,
data/external/LibriSpeech/test-other/4294/32859/4294-32859-0001.flac,bonafide,0,librispeech,bonafide_libri_test-other,libri_4294,4294-32859-0001,libri_4294,16000,
data/external/LibriSpeech/test-other/4294/32859/4294-32859-0002.flac,bonafide,0,librispeech,bonafide_libri_test-other,libri_4294,4294-32859-0002,libri_4294,16000,
data/external/LibriSpeech/test-other/4294/32859/4294-32859-0003.flac,bonafide,0,librispeech,bonafide_libri_test-other,libri_4294,4294-32859-0003,libri_4294,16000,
data/external/LibriSpeech/test-other/4294/32859/4294-32859-0004.flac,bonafide,0,librispeech,bonafide_libri_test-other,libri_4294,4294-32859-0004,libri_4294,16000,
data/external/LibriSpeech/test-other/4294/32859/4294-32859-0005.flac,bonafide,0,librispeech,bonafide_libri_test-other,libri_4294,4294-32859-0005,libri_4294,16000,
data/external/LibriSpeech/test-other/4294/35475/4294-35475-0000.flac,bonafide,0,librispeech,bonafide_libri_test-other,libri_4294,4294-35475-0000,libri_4294,16000,
data/external/LibriSpeech/test-other/4294/35475/4294-35475-0001.flac,bonafide,0,librispeech,bonafide_libri_test-other,libri_4294,4294-35475-0001,libri_4294,16000,
data/external/LibriSpeech/test-other/4294/35475/4294-35475-0002.flac,bonafide,0,librispeech,bonafide_libri_test-other,libri_4294,4294-35475-0002,libri_4294,16000,
data/external/LibriSpeech/test-other/4294/35475/4294-35475-0003.flac,bonafide,0,librispeech,bonafide_libri_test-other,libri_4294,4294-35475-0003,libri_4294,16000,
data/external/LibriSpeech/test-other/4294/35475/4294-35475-0004.flac,bonafide,0,librispeech,bonafide_libri_test-other,libri_4294,4294-35475-0004,libri_4294,16000,
data/external/LibriSpeech/test-other/4294/35475/4294-35475-0005.flac,bonafide,0,librispeech,bonafide_libri_test-other,libri_4294,4294-35475-0005,libri_4294,16000,
data/external/LibriSpeech/test-other/4294/35475/4294-35475-0006.flac,bonafide,0,librispeech,bonafide_libri_test-other,libri_4294,4294-35475-0006,libri_4294,16000,
data/external/LibriSpeech/test-other/4294/35475/4294-35475-0007.flac,bonafide,0,librispeech,bonafide_libri_test-other,libri_4294,4294-35475-0007,libri_4294,16000,
data/external/LibriSpeech/test-other/4294/35475/4294-35475-0008.flac,bonafide,0,librispeech,bonafide_libri_test-other,libri_4294,4294-35475-0008,libri_4294,16000,
data/external/LibriSpeech/test-other/4294/35475/4294-35475-0009.flac,bonafide,0,librispeech,bonafide_libri_test-other,libri_4294,4294-35475-0009,libri_4294,16000,
data/external/LibriSpeech/test-other/4294/35475/4294-35475-0010.flac,bonafide,0,librispeech,bonafide_libri_test-other,libri_4294,4294-35475-0010,libri_4294,16000,
data/external/LibriSpeech/test-other/4294/35475/4294-35475-0011.flac,bonafide,0,librispeech,bonafide_libri_test-other,libri_4294,4294-35475-0011,libri_4294,16000,
data/external/LibriSpeech/test-other/4294/35475/4294-35475-0012.flac,bonafide,0,librispeech,bonafide_libri_test-other,libri_4294,4294-35475-0012,libri_4294,16000,
data/external/LibriSpeech/test-other/4294/35475/4294-35475-0013.flac,bonafide,0,librispeech,bonafide_libri_test-other,libri_4294,4294-35475-0013,libri_4294,16000,
data/external/LibriSpeech/test-other/4294/35475/4294-35475-0014.flac,bonafide,0,librispeech,bonafide_libri_test-other,libri_4294,4294-35475-0014,libri_4294,16000,
data/external/LibriSpeech/test-other/4294/35475/4294-35475-0015.flac,bonafide,0,librispeech,bonafide_libri_test-other,libri_4294,4294-35475-0015,libri_4294,16000,
data/external/LibriSpeech/test-other/4294/35475/4294-35475-0016.flac,bonafide,0,librispeech,bonafide_libri_test-other,libri_4294,4294-35475-0016,libri_4294,16000,
data/external/LibriSpeech/test-other/4294/35475/4294-35475-0017.flac,bonafide,0,librispeech,bonafide_libri_test-other,libri_4294,4294-35475-0017,libri_4294,16000,
data/external/LibriSpeech/test-other/4294/35475/4294-35475-0018.flac,bonafide,0,librispeech,bonafide_libri_test-other,libri_4294,4294-35475-0018,libri_4294,16000,
data/external/LibriSpeech/test-other/4294/35475/4294-35475-0019.flac,bonafide,0,librispeech,bonafide_libri_test-other,libri_4294,4294-35475-0019,libri_4294,16000,
data/external/LibriSpeech/test-other/4294/35475/4294-35475-0020.flac,bonafide,0,librispeech,bonafide_libri_test-other,libri_4294,4294-35475-0020,libri_4294,16000,
data/external/LibriSpeech/test-other/4294/35475/4294-35475-0021.flac,bonafide,0,librispeech,bonafide_libri_test-other,libri_4294,4294-35475-0021,libri_4294,16000,
data/external/LibriSpeech/test-other/4294/35475/4294-35475-0022.flac,bonafide,0,librispeech,bonafide_libri_test-other,libri_4294,4294-35475-0022,libri_4294,16000,
data/external/LibriSpeech/test-other/4294/35475/4294-35475-0023.flac,bonafide,0,librispeech,bonafide_libri_test-other,libri_4294,4294-35475-0023,libri_4294,16000,
data/external/LibriSpeech/test-other/4294/35475/4294-35475-0024.flac,bonafide,0,librispeech,bonafide_libri_test-other,libri_4294,4294-35475-0024,libri_4294,16000,
data/external/LibriSpeech/test-other/4294/35475/4294-35475-0025.flac,bonafide,0,librispeech,bonafide_libri_test-other,libri_4294,4294-35475-0025,libri_4294,16000,
data/external/LibriSpeech/test-other/4294/35475/4294-35475-0026.flac,bonafide,0,librispeech,bonafide_libri_test-other,libri_4294,4294-35475-0026,libri_4294,16000,
data/external/LibriSpeech/test-other/4294/9934/4294-9934-0000.flac,bonafide,0,librispeech,bonafide_libri_test-other,libri_4294,4294-9934-0000,libri_4294,16000,
data/external/LibriSpeech/test-other/4294/9934/4294-9934-0001.flac,bonafide,0,librispeech,bonafide_libri_test-other,libri_4294,4294-9934-0001,libri_4294,16000,
data/external/LibriSpeech/test-other/4294/9934/4294-9934-0002.flac,bonafide,0,librispeech,bonafide_libri_test-other,libri_4294,4294-9934-0002,libri_4294,16000,
data/external/LibriSpeech/test-other/4294/9934/4294-9934-0003.flac,bonafide,0,librispeech,bonafide_libri_test-other,libri_4294,4294-9934-0003,libri_4294,16000,
data/external/LibriSpeech/test-other/4294/9934/4294-9934-0004.flac,bonafide,0,librispeech,bonafide_libri_test-other,libri_4294,4294-9934-0004,libri_4294,16000,
data/external/LibriSpeech/test-other/4294/9934/4294-9934-0005.flac,bonafide,0,librispeech,bonafide_libri_test-other,libri_4294,4294-9934-0005,libri_4294,16000,
data/external/LibriSpeech/test-other/4294/9934/4294-9934-0006.flac,bonafide,0,librispeech,bonafide_libri_test-other,libri_4294,4294-9934-0006,libri_4294,16000,
data/external/LibriSpeech/test-other/4294/9934/4294-9934-0007.flac,bonafide,0,librispeech,bonafide_libri_test-other,libri_4294,4294-9934-0007,libri_4294,16000,
data/external/LibriSpeech/test-other/4294/9934/4294-9934-0008.flac,bonafide,0,librispeech,bonafide_libri_test-other,libri_4294,4294-9934-0008,libri_4294,16000,
data/external/LibriSpeech/test-other/4294/9934/4294-9934-0009.flac,bonafide,0,librispeech,bonafide_libri_test-other,libri_4294,4294-9934-0009,libri_4294,16000,
data/external/LibriSpeech/test-other/4294/9934/4294-9934-0010.flac,bonafide,0,librispeech,bonafide_libri_test-other,libri_4294,4294-9934-0010,libri_4294,16000,
data/external/LibriSpeech/test-other/4294/9934/4294-9934-0011.flac,bonafide,0,librispeech,bonafide_libri_test-other,libri_4294,4294-9934-0011,libri_4294,16000,
data/external/LibriSpeech/test-other/4294/9934/4294-9934-0012.flac,bonafide,0,librispeech,bonafide_libri_test-other,libri_4294,4294-9934-0012,libri_4294,16000,
data/external/LibriSpeech/test-other/4294/9934/4294-9934-0013.flac,bonafide,0,librispeech,bonafide_libri_test-other,libri_4294,4294-9934-0013,libri_4294,16000,
data/external/LibriSpeech/test-other/4294/9934/4294-9934-0014.flac,bonafide,0,librispeech,bonafide_libri_test-other,libri_4294,4294-9934-0014,libri_4294,16000,
data/external/LibriSpeech/test-other/4294/9934/4294-9934-0015.flac,bonafide,0,librispeech,bonafide_libri_test-other,libri_4294,4294-9934-0015,libri_4294,16000,
data/external/LibriSpeech/test-other/4294/9934/4294-9934-0016.flac,bonafide,0,librispeech,bonafide_libri_test-other,libri_4294,4294-9934-0016,libri_4294,16000,
data/external/LibriSpeech/test-other/4294/9934/4294-9934-0017.flac,bonafide,0,librispeech,bonafide_libri_test-other,libri_4294,4294-9934-0017,libri_4294,16000,
data/external/LibriSpeech/test-other/4294/9934/4294-9934-0018.flac,bonafide,0,librispeech,bonafide_libri_test-other,libri_4294,4294-9934-0018,libri_4294,16000,
data/external/LibriSpeech/test-other/4294/9934/4294-9934-0019.flac,bonafide,0,librispeech,bonafide_libri_test-other,libri_4294,4294-9934-0019,libri_4294,16000,
data/external/LibriSpeech/test-other/4294/9934/4294-9934-0020.flac,bonafide,0,librispeech,bonafide_libri_test-other,libri_4294,4294-9934-0020,libri_4294,16000,
data/external/LibriSpeech/test-other/4294/9934/4294-9934-0021.flac,bonafide,0,librispeech,bonafide_libri_test-other,libri_4294,4294-9934-0021,libri_4294,16000,
data/external/LibriSpeech/test-other/4294/9934/4294-9934-0022.flac,bonafide,0,librispeech,bonafide_libri_test-other,libri_4294,4294-9934-0022,libri_4294,16000,
data/external/LibriSpeech/test-other/4294/9934/4294-9934-0023.flac,bonafide,0,librispeech,bonafide_libri_test-other,libri_4294,4294-9934-0023,libri_4294,16000,
data/external/LibriSpeech/test-other/4294/9934/4294-9934-0024.flac,bonafide,0,librispeech,bonafide_libri_test-other,libri_4294,4294-9934-0024,libri_4294,16000,
data/external/LibriSpeech/test-other/4294/9934/4294-9934-0025.flac,bonafide,0,librispeech,bonafide_libri_test-other,libri_4294,4294-9934-0025,libri_4294,16000,
data/external/LibriSpeech/test-other/4294/9934/4294-9934-0026.flac,bonafide,0,librispeech,bonafide_libri_test-other,libri_4294,4294-9934-0026,libri_4294,16000,
data/external/LibriSpeech/test-other/4294/9934/4294-9934-0027.flac,bonafide,0,librispeech,bonafide_libri_test-other,libri_4294,4294-9934-0027,libri_4294,16000,
data/external/LibriSpeech/test-other/4294/9934/4294-9934-0028.flac,bonafide,0,librispeech,bonafide_libri_test-other,libri_4294,4294-9934-0028,libri_4294,16000,
data/external/LibriSpeech/test-other/4294/9934/4294-9934-0029.flac,bonafide,0,librispeech,bonafide_libri_test-other,libri_4294,4294-9934-0029,libri_4294,16000,
data/external/LibriSpeech/test-other/4350/10919/4350-10919-0000.flac,bonafide,0,librispeech,bonafide_libri_test-other,libri_4350,4350-10919-0000,libri_4350,16000,
data/external/LibriSpeech/test-other/4350/10919/4350-10919-0001.flac,bonafide,0,librispeech,bonafide_libri_test-other,libri_4350,4350-10919-0001,libri_4350,16000,
data/external/LibriSpeech/test-other/4350/10919/4350-10919-0002.flac,bonafide,0,librispeech,bonafide_libri_test-other,libri_4350,4350-10919-0002,libri_4350,16000,
data/external/LibriSpeech/test-other/4350/10919/4350-10919-0003.flac,bonafide,0,librispeech,bonafide_libri_test-other,libri_4350,4350-10919-0003,libri_4350,16000,
data/external/LibriSpeech/test-other/4350/10919/4350-10919-0004.flac,bonafide,0,librispeech,bonafide_libri_test-other,libri_4350,4350-10919-0004,libri_4350,16000,
data/external/LibriSpeech/test-other/4350/10919/4350-10919-0005.flac,bonafide,0,librispeech,bonafide_libri_test-other,libri_4350,4350-10919-0005,libri_4350,16000,
data/external/LibriSpeech/test-other/4350/10919/4350-10919-0006.flac,bonafide,0,librispeech,bonafide_libri_test-other,libri_4350,4350-10919-0006,libri_4350,16000,
data/external/LibriSpeech/test-other/4350/10919/4350-10919-0007.flac,bonafide,0,librispeech,bonafide_libri_test-other,libri_4350,4350-10919-0007,libri_4350,16000,
data/external/LibriSpeech/test-other/4350/10919/4350-10919-0008.flac,bonafide,0,librispeech,bonafide_libri_test-other,libri_4350,4350-10919-0008,libri_4350,16000,
data/external/LibriSpeech/test-other/4350/10919/4350-10919-0009.flac,bonafide,0,librispeech,bonafide_libri_test-other,libri_4350,4350-10919-0009,libri_4350,16000,
data/external/LibriSpeech/test-other/4350/10919/4350-10919-0010.flac,bonafide,0,librispeech,bonafide_libri_test-other,libri_4350,4350-10919-0010,libri_4350,16000,
data/external/LibriSpeech/test-other/4350/10919/4350-10919-0011.flac,bonafide,0,librispeech,bonafide_libri_test-other,libri_4350,4350-10919-0011,libri_4350,16000,
data/external/LibriSpeech/test-other/4350/10919/4350-10919-0012.flac,bonafide,0,librispeech,bonafide_libri_test-other,libri_4350,4350-10919-0012,libri_4350,16000,
data/external/LibriSpeech/test-other/4350/10919/4350-10919-0013.flac,bonafide,0,librispeech,bonafide_libri_test-other,libri_4350,4350-10919-0013,libri_4350,16000,
data/external/LibriSpeech/test-other/4350/10919/4350-10919-0014.flac,bonafide,0,librispeech,bonafide_libri_test-other,libri_4350,4350-10919-0014,libri_4350,16000,
data/external/LibriSpeech/test-other/4350/10919/4350-10919-0015.flac,bonafide,0,librispeech,bonafide_libri_test-other,libri_4350,4350-10919-0015,libri_4350,16000,
data/external/LibriSpeech/test-other/4350/10919/4350-10919-0016.flac,bonafide,0,librispeech,bonafide_libri_test-other,libri_4350,4350-10919-0016,libri_4350,16000,
data/external/LibriSpeech/test-other/4350/10919/4350-10919-0017.flac,bonafide,0,librispeech,bonafide_libri_test-other,libri_4350,4350-10919-0017,libri_4350,16000,
data/external/LibriSpeech/test-other/4350/10919/4350-10919-0018.flac,bonafide,0,librispeech,bonafide_libri_test-other,libri_4350,4350-10919-0018,libri_4350,16000,
data/external/LibriSpeech/test-other/4350/10919/4350-10919-0019.flac,bonafide,0,librispeech,bonafide_libri_test-other,libri_4350,4350-10919-0019,libri_4350,16000,
data/external/LibriSpeech/test-other/4350/10919/4350-10919-0020.flac,bonafide,0,librispeech,bonafide_libri_test-other,libri_4350,4350-10919-0020,libri_4350,16000,
data/external/LibriSpeech/test-other/4350/10919/4350-10919-0021.flac,bonafide,0,librispeech,bonafide_libri_test-other,libri_4350,4350-10919-0021,libri_4350,16000,
data/external/LibriSpeech/test-other/4350/10919/4350-10919-0022.flac,bonafide,0,librispeech,bonafide_libri_test-other,libri_4350,4350-10919-0022,libri_4350,16000,
data/external/LibriSpeech/test-other/4350/10919/4350-10919-0023.flac,bonafide,0,librispeech,bonafide_libri_test-other,libri_4350,4350-10919-0023,libri_4350,16000,
data/external/LibriSpeech/test-other/4350/10919/4350-10919-0024.flac,bonafide,0,librispeech,bonafide_libri_test-other,libri_4350,4350-10919-0024,libri_4350,16000,
data/external/LibriSpeech/test-other/4350/10919/4350-10919-0025.flac,bonafide,0,librispeech,bonafide_libri_test-other,libri_4350,4350-10919-0025,libri_4350,16000,
data/external/LibriSpeech/test-other/4350/10919/4350-10919-0026.flac,bonafide,0,librispeech,bonafide_libri_test-other,libri_4350,4350-10919-0026,libri_4350,16000,
data/external/LibriSpeech/test-other/4350/10919/4350-10919-0027.flac,bonafide,0,librispeech,bonafide_libri_test-other,libri_4350,4350-10919-0027,libri_4350,16000,
data/external/LibriSpeech/test-other/4350/10919/4350-10919-0028.flac,bonafide,0,librispeech,bonafide_libri_test-other,libri_4350,4350-10919-0028,libri_4350,16000,
data/external/LibriSpeech/test-other/4350/10919/4350-10919-0029.flac,bonafide,0,librispeech,bonafide_libri_test-other,libri_4350,4350-10919-0029,libri_4350,16000,
data/external/LibriSpeech/test-other/4350/10919/4350-10919-0030.flac,bonafide,0,librispeech,bonafide_libri_test-other,libri_4350,4350-10919-0030,libri_4350,16000,
data/external/LibriSpeech/test-other/4350/10919/4350-10919-0031.flac,bonafide,0,librispeech,bonafide_libri_test-other,libri_4350,4350-10919-0031,libri_4350,16000,
data/external/LibriSpeech/test-other/4350/10919/4350-10919-0032.flac,bonafide,0,librispeech,bonafide_libri_test-other,libri_4350,4350-10919-0032,libri_4350,16000,
data/external/LibriSpeech/test-other/4350/10919/4350-10919-0033.flac,bonafide,0,librispeech,bonafide_libri_test-other,libri_4350,4350-10919-0033,libri_4350,16000,
data/external/LibriSpeech/test-other/4350/9170/4350-9170-0000.flac,bonafide,0,librispeech,bonafide_libri_test-other,libri_4350,4350-9170-0000,libri_4350,16000,
data/external/LibriSpeech/test-other/4350/9170/4350-9170-0001.flac,bonafide,0,librispeech,bonafide_libri_test-other,libri_4350,4350-9170-0001,libri_4350,16000,
data/external/LibriSpeech/test-other/4350/9170/4350-9170-0002.flac,bonafide,0,librispeech,bonafide_libri_test-other,libri_4350,4350-9170-0002,libri_4350,16000,
data/external/LibriSpeech/test-other/4350/9170/4350-9170-0003.flac,bonafide,0,librispeech,bonafide_libri_test-other,libri_4350,4350-9170-0003,libri_4350,16000,
data/external/LibriSpeech/test-other/4350/9170/4350-9170-0004.flac,bonafide,0,librispeech,bonafide_libri_test-other,libri_4350,4350-9170-0004,libri_4350,16000,
data/external/LibriSpeech/test-other/4350/9170/4350-9170-0005.flac,bonafide,0,librispeech,bonafide_libri_test-other,libri_4350,4350-9170-0005,libri_4350,16000,
data/external/LibriSpeech/test-other/4350/9170/4350-9170-0006.flac,bonafide,0,librispeech,bonafide_libri_test-other,libri_4350,4350-9170-0006,libri_4350,16000,
data/external/LibriSpeech/test-other/4350/9170/4350-9170-0007.flac,bonafide,0,librispeech,bonafide_libri_test-other,libri_4350,4350-9170-0007,libri_4350,16000,
data/external/LibriSpeech/test-other/4350/9170/4350-9170-0008.flac,bonafide,0,librispeech,bonafide_libri_test-other,libri_4350,4350-9170-0008,libri_4350,16000,
data/external/LibriSpeech/test-other/4350/9170/4350-9170-0009.flac,bonafide,0,librispeech,bonafide_libri_test-other,libri_4350,4350-9170-0009,libri_4350,16000,
data/external/LibriSpeech/test-other/4350/9170/4350-9170-0010.flac,bonafide,0,librispeech,bonafide_libri_test-other,libri_4350,4350-9170-0010,libri_4350,16000,
data/external/LibriSpeech/test-other/4350/9170/4350-9170-0011.flac,bonafide,0,librispeech,bonafide_libri_test-other,libri_4350,4350-9170-0011,libri_4350,16000,
data/external/LibriSpeech/test-other/4350/9170/4350-9170-0012.flac,bonafide,0,librispeech,bonafide_libri_test-other,libri_4350,4350-9170-0012,libri_4350,16000,
data/external/LibriSpeech/test-other/4350/9170/4350-9170-0013.flac,bonafide,0,librispeech,bonafide_libri_test-other,libri_4350,4350-9170-0013,libri_4350,16000,
data/external/LibriSpeech/test-other/4350/9170/4350-9170-0014.flac,bonafide,0,librispeech,bonafide_libri_test-other,libri_4350,4350-9170-0014,libri_4350,16000,
data/external/LibriSpeech/test-other/4350/9170/4350-9170-0015.flac,bonafide,0,librispeech,bonafide_libri_test-other,libri_4350,4350-9170-0015,libri_4350,16000,
data/external/LibriSpeech/test-other/4350/9170/4350-9170-0016.flac,bonafide,0,librispeech,bonafide_libri_test-other,libri_4350,4350-9170-0016,libri_4350,16000,
data/external/LibriSpeech/test-other/4350/9170/4350-9170-0017.flac,bonafide,0,librispeech,bonafide_libri_test-other,libri_4350,4350-9170-0017,libri_4350,16000,
data/external/LibriSpeech/test-other/4350/9170/4350-9170-0018.flac,bonafide,0,librispeech,bonafide_libri_test-other,libri_4350,4350-9170-0018,libri_4350,16000,
data/external/LibriSpeech/test-other/4350/9170/4350-9170-0019.flac,bonafide,0,librispeech,bonafide_libri_test-other,libri_4350,4350-9170-0019,libri_4350,16000,
data/external/LibriSpeech/test-other/4350/9170/4350-9170-0020.flac,bonafide,0,librispeech,bonafide_libri_test-other,libri_4350,4350-9170-0020,libri_4350,16000,
data/external/LibriSpeech/test-other/4350/9170/4350-9170-0021.flac,bonafide,0,librispeech,bonafide_libri_test-other,libri_4350,4350-9170-0021,libri_4350,16000,
data/external/LibriSpeech/test-other/4350/9170/4350-9170-0022.flac,bonafide,0,librispeech,bonafide_libri_test-other,libri_4350,4350-9170-0022,libri_4350,16000,
data/external/LibriSpeech/test-other/4350/9170/4350-9170-0023.flac,bonafide,0,librispeech,bonafide_libri_test-other,libri_4350,4350-9170-0023,libri_4350,16000,
data/external/LibriSpeech/test-other/4350/9170/4350-9170-0024.flac,bonafide,0,librispeech,bonafide_libri_test-other,libri_4350,4350-9170-0024,libri_4350,16000,
data/external/LibriSpeech/test-other/4350/9170/4350-9170-0025.flac,bonafide,0,librispeech,bonafide_libri_test-other,libri_4350,4350-9170-0025,libri_4350,16000,
data/external/LibriSpeech/test-other/4350/9170/4350-9170-0026.flac,bonafide,0,librispeech,bonafide_libri_test-other,libri_4350,4350-9170-0026,libri_4350,16000,
data/external/LibriSpeech/test-other/4350/9170/4350-9170-0027.flac,bonafide,0,librispeech,bonafide_libri_test-other,libri_4350,4350-9170-0027,libri_4350,16000,
data/external/LibriSpeech/test-other/4350/9170/4350-9170-0028.flac,bonafide,0,librispeech,bonafide_libri_test-other,libri_4350,4350-9170-0028,libri_4350,16000,
data/external/LibriSpeech/test-other/4350/9170/4350-9170-0029.flac,bonafide,0,librispeech,bonafide_libri_test-other,libri_4350,4350-9170-0029,libri_4350,16000,
data/external/LibriSpeech/test-other/4350/9170/4350-9170-0030.flac,bonafide,0,librispeech,bonafide_libri_test-other,libri_4350,4350-9170-0030,libri_4350,16000,
data/external/LibriSpeech/test-other/4350/9170/4350-9170-0031.flac,bonafide,0,librispeech,bonafide_libri_test-other,libri_4350,4350-9170-0031,libri_4350,16000,
data/external/LibriSpeech/test-other/4350/9170/4350-9170-0032.flac,bonafide,0,librispeech,bonafide_libri_test-other,libri_4350,4350-9170-0032,libri_4350,16000,
data/external/LibriSpeech/test-other/4350/9170/4350-9170-0033.flac,bonafide,0,librispeech,bonafide_libri_test-other,libri_4350,4350-9170-0033,libri_4350,16000,
data/external/LibriSpeech/test-other/4350/9170/4350-9170-0034.flac,bonafide,0,librispeech,bonafide_libri_test-other,libri_4350,4350-9170-0034,libri_4350,16000,
data/external/LibriSpeech/test-other/4350/9170/4350-9170-0035.flac,bonafide,0,librispeech,bonafide_libri_test-other,libri_4350,4350-9170-0035,libri_4350,16000,
data/external/LibriSpeech/test-other/4350/9170/4350-9170-0036.flac,bonafide,0,librispeech,bonafide_libri_test-other,libri_4350,4350-9170-0036,libri_4350,16000,
data/external/LibriSpeech/test-other/4350/9170/4350-9170-0037.flac,bonafide,0,librispeech,bonafide_libri_test-other,libri_4350,4350-9170-0037,libri_4350,16000,
data/external/LibriSpeech/test-other/4350/9170/4350-9170-0038.flac,bonafide,0,librispeech,bonafide_libri_test-other,libri_4350,4350-9170-0038,libri_4350,16000,
data/external/LibriSpeech/test-other/4350/9170/4350-9170-0039.flac,bonafide,0,librispeech,bonafide_libri_test-other,libri_4350,4350-9170-0039,libri_4350,16000,
data/external/LibriSpeech/test-other/4350/9170/4350-9170-0040.flac,bonafide,0,librispeech,bonafide_libri_test-other,libri_4350,4350-9170-0040,libri_4350,16000,
data/external/LibriSpeech/test-other/4350/9170/4350-9170-0041.flac,bonafide,0,librispeech,bonafide_libri_test-other,libri_4350,4350-9170-0041,libri_4350,16000,
data/external/LibriSpeech/test-other/4350/9170/4350-9170-0042.flac,bonafide,0,librispeech,bonafide_libri_test-other,libri_4350,4350-9170-0042,libri_4350,16000,
data/external/LibriSpeech/test-other/4350/9170/4350-9170-0043.flac,bonafide,0,librispeech,bonafide_libri_test-other,libri_4350,4350-9170-0043,libri_4350,16000,
data/external/LibriSpeech/test-other/4350/9170/4350-9170-0044.flac,bonafide,0,librispeech,bonafide_libri_test-other,libri_4350,4350-9170-0044,libri_4350,16000,
data/external/LibriSpeech/test-other/4350/9170/4350-9170-0045.flac,bonafide,0,librispeech,bonafide_libri_test-other,libri_4350,4350-9170-0045,libri_4350,16000,
data/external/LibriSpeech/test-other/4350/9170/4350-9170-0046.flac,bonafide,0,librispeech,bonafide_libri_test-other,libri_4350,4350-9170-0046,libri_4350,16000,
data/external/LibriSpeech/test-other/4350/9170/4350-9170-0047.flac,bonafide,0,librispeech,bonafide_libri_test-other,libri_4350,4350-9170-0047,libri_4350,16000,
data/external/LibriSpeech/test-other/4350/9170/4350-9170-0048.flac,bonafide,0,librispeech,bonafide_libri_test-other,libri_4350,4350-9170-0048,libri_4350,16000,
data/external/LibriSpeech/test-other/4350/9170/4350-9170-0049.flac,bonafide,0,librispeech,bonafide_libri_test-other,libri_4350,4350-9170-0049,libri_4350,16000,
data/external/LibriSpeech/test-other/4350/9170/4350-9170-0050.flac,bonafide,0,librispeech,bonafide_libri_test-other,libri_4350,4350-9170-0050,libri_4350,16000,
data/external/LibriSpeech/test-other/4350/9170/4350-9170-0051.flac,bonafide,0,librispeech,bonafide_libri_test-other,libri_4350,4350-9170-0051,libri_4350,16000,
data/external/LibriSpeech/test-other/4350/9170/4350-9170-0052.flac,bonafide,0,librispeech,bonafide_libri_test-other,libri_4350,4350-9170-0052,libri_4350,16000,
data/external/LibriSpeech/test-other/4350/9170/4350-9170-0053.flac,bonafide,0,librispeech,bonafide_libri_test-other,libri_4350,4350-9170-0053,libri_4350,16000,
data/external/LibriSpeech/test-other/4350/9170/4350-9170-0054.flac,bonafide,0,librispeech,bonafide_libri_test-other,libri_4350,4350-9170-0054,libri_4350,16000,
data/external/LibriSpeech/test-other/4350/9170/4350-9170-0055.flac,bonafide,0,librispeech,bonafide_libri_test-other,libri_4350,4350-9170-0055,libri_4350,16000,
data/external/LibriSpeech/test-other/4350/9170/4350-9170-0056.flac,bonafide,0,librispeech,bonafide_libri_test-other,libri_4350,4350-9170-0056,libri_4350,16000,
data/external/LibriSpeech/test-other/4350/9170/4350-9170-0057.flac,bonafide,0,librispeech,bonafide_libri_test-other,libri_4350,4350-9170-0057,libri_4350,16000,
data/external/LibriSpeech/test-other/4350/9170/4350-9170-0058.flac,bonafide,0,librispeech,bonafide_libri_test-other,libri_4350,4350-9170-0058,libri_4350,16000,
data/external/LibriSpeech/test-other/4350/9170/4350-9170-0059.flac,bonafide,0,librispeech,bonafide_libri_test-other,libri_4350,4350-9170-0059,libri_4350,16000,
data/external/LibriSpeech/test-other/4350/9170/4350-9170-0060.flac,bonafide,0,librispeech,bonafide_libri_test-other,libri_4350,4350-9170-0060,libri_4350,16000,
data/external/LibriSpeech/test-other/4852/28311/4852-28311-0000.flac,bonafide,0,librispeech,bonafide_libri_test-other,libri_4852,4852-28311-0000,libri_4852,16000,
data/external/LibriSpeech/test-other/4852/28311/4852-28311-0001.flac,bonafide,0,librispeech,bonafide_libri_test-other,libri_4852,4852-28311-0001,libri_4852,16000,
data/external/LibriSpeech/test-other/4852/28311/4852-28311-0002.flac,bonafide,0,librispeech,bonafide_libri_test-other,libri_4852,4852-28311-0002,libri_4852,16000,
data/external/LibriSpeech/test-other/4852/28311/4852-28311-0003.flac,bonafide,0,librispeech,bonafide_libri_test-other,libri_4852,4852-28311-0003,libri_4852,16000,
data/external/LibriSpeech/test-other/4852/28311/4852-28311-0004.flac,bonafide,0,librispeech,bonafide_libri_test-other,libri_4852,4852-28311-0004,libri_4852,16000,
data/external/LibriSpeech/test-other/4852/28311/4852-28311-0005.flac,bonafide,0,librispeech,bonafide_libri_test-other,libri_4852,4852-28311-0005,libri_4852,16000,
data/external/LibriSpeech/test-other/4852/28311/4852-28311-0006.flac,bonafide,0,librispeech,bonafide_libri_test-other,libri_4852,4852-28311-0006,libri_4852,16000,
data/external/LibriSpeech/test-other/4852/28311/4852-28311-0007.flac,bonafide,0,librispeech,bonafide_libri_test-other,libri_4852,4852-28311-0007,libri_4852,16000,
data/external/LibriSpeech/test-other/4852/28311/4852-28311-0008.flac,bonafide,0,librispeech,bonafide_libri_test-other,libri_4852,4852-28311-0008,libri_4852,16000,
data/external/LibriSpeech/test-other/4852/28311/4852-28311-0009.flac,bonafide,0,librispeech,bonafide_libri_test-other,libri_4852,4852-28311-0009,libri_4852,16000,
data/external/LibriSpeech/test-other/4852/28311/4852-28311-0010.flac,bonafide,0,librispeech,bonafide_libri_test-other,libri_4852,4852-28311-0010,libri_4852,16000,
data/external/LibriSpeech/test-other/4852/28311/4852-28311-0011.flac,bonafide,0,librispeech,bonafide_libri_test-other,libri_4852,4852-28311-0011,libri_4852,16000,
data/external/LibriSpeech/test-other/4852/28311/4852-28311-0012.flac,bonafide,0,librispeech,bonafide_libri_test-other,libri_4852,4852-28311-0012,libri_4852,16000,
data/external/LibriSpeech/test-other/4852/28311/4852-28311-0013.flac,bonafide,0,librispeech,bonafide_libri_test-other,libri_4852,4852-28311-0013,libri_4852,16000,
data/external/LibriSpeech/test-other/4852/28311/4852-28311-0014.flac,bonafide,0,librispeech,bonafide_libri_test-other,libri_4852,4852-28311-0014,libri_4852,16000,
data/external/LibriSpeech/test-other/4852/28311/4852-28311-0015.flac,bonafide,0,librispeech,bonafide_libri_test-other,libri_4852,4852-28311-0015,libri_4852,16000,
data/external/LibriSpeech/test-other/4852/28311/4852-28311-0016.flac,bonafide,0,librispeech,bonafide_libri_test-other,libri_4852,4852-28311-0016,libri_4852,16000,
data/external/LibriSpeech/test-other/4852/28311/4852-28311-0017.flac,bonafide,0,librispeech,bonafide_libri_test-other,libri_4852,4852-28311-0017,libri_4852,16000,
data/external/LibriSpeech/test-other/4852/28311/4852-28311-0018.flac,bonafide,0,librispeech,bonafide_libri_test-other,libri_4852,4852-28311-0018,libri_4852,16000,
data/external/LibriSpeech/test-other/4852/28311/4852-28311-0019.flac,bonafide,0,librispeech,bonafide_libri_test-other,libri_4852,4852-28311-0019,libri_4852,16000,
data/external/LibriSpeech/test-other/4852/28311/4852-28311-0020.flac,bonafide,0,librispeech,bonafide_libri_test-other,libri_4852,4852-28311-0020,libri_4852,16000,
data/external/LibriSpeech/test-other/4852/28311/4852-28311-0021.flac,bonafide,0,librispeech,bonafide_libri_test-other,libri_4852,4852-28311-0021,libri_4852,16000,
data/external/LibriSpeech/test-other/4852/28311/4852-28311-0022.flac,bonafide,0,librispeech,bonafide_libri_test-other,libri_4852,4852-28311-0022,libri_4852,16000,
data/external/LibriSpeech/test-other/4852/28311/4852-28311-0023.flac,bonafide,0,librispeech,bonafide_libri_test-other,libri_4852,4852-28311-0023,libri_4852,16000,
data/external/LibriSpeech/test-other/4852/28311/4852-28311-0024.flac,bonafide,0,librispeech,bonafide_libri_test-other,libri_4852,4852-28311-0024,libri_4852,16000,
data/external/LibriSpeech/test-other/4852/28311/4852-28311-0025.flac,bonafide,0,librispeech,bonafide_libri_test-other,libri_4852,4852-28311-0025,libri_4852,16000,
data/external/LibriSpeech/test-other/4852/28311/4852-28311-0026.flac,bonafide,0,librispeech,bonafide_libri_test-other,libri_4852,4852-28311-0026,libri_4852,16000,
data/external/LibriSpeech/test-other/4852/28312/4852-28312-0000.flac,bonafide,0,librispeech,bonafide_libri_test-other,libri_4852,4852-28312-0000,libri_4852,16000,
data/external/LibriSpeech/test-other/4852/28312/4852-28312-0001.flac,bonafide,0,librispeech,bonafide_libri_test-other,libri_4852,4852-28312-0001,libri_4852,16000,
data/external/LibriSpeech/test-other/4852/28312/4852-28312-0002.flac,bonafide,0,librispeech,bonafide_libri_test-other,libri_4852,4852-28312-0002,libri_4852,16000,
data/external/LibriSpeech/test-other/4852/28312/4852-28312-0003.flac,bonafide,0,librispeech,bonafide_libri_test-other,libri_4852,4852-28312-0003,libri_4852,16000,
data/external/LibriSpeech/test-other/4852/28312/4852-28312-0004.flac,bonafide,0,librispeech,bonafide_libri_test-other,libri_4852,4852-28312-0004,libri_4852,16000,
data/external/LibriSpeech/test-other/4852/28312/4852-28312-0005.flac,bonafide,0,librispeech,bonafide_libri_test-other,libri_4852,4852-28312-0005,libri_4852,16000,
data/external/LibriSpeech/test-other/4852/28312/4852-28312-0006.flac,bonafide,0,librispeech,bonafide_libri_test-other,libri_4852,4852-28312-0006,libri_4852,16000,
data/external/LibriSpeech/test-other/4852/28312/4852-28312-0007.flac,bonafide,0,librispeech,bonafide_libri_test-other,libri_4852,4852-28312-0007,libri_4852,16000,
data/external/LibriSpeech/test-other/4852/28312/4852-28312-0008.flac,bonafide,0,librispeech,bonafide_libri_test-other,libri_4852,4852-28312-0008,libri_4852,16000,
data/external/LibriSpeech/test-other/4852/28312/4852-28312-0009.flac,bonafide,0,librispeech,bonafide_libri_test-other,libri_4852,4852-28312-0009,libri_4852,16000,
data/external/LibriSpeech/test-other/4852/28312/4852-28312-0010.flac,bonafide,0,librispeech,bonafide_libri_test-other,libri_4852,4852-28312-0010,libri_4852,16000,
data/external/LibriSpeech/test-other/4852/28312/4852-28312-0011.flac,bonafide,0,librispeech,bonafide_libri_test-other,libri_4852,4852-28312-0011,libri_4852,16000,
data/external/LibriSpeech/test-other/4852/28312/4852-28312-0012.flac,bonafide,0,librispeech,bonafide_libri_test-other,libri_4852,4852-28312-0012,libri_4852,16000,
data/external/LibriSpeech/test-other/4852/28312/4852-28312-0013.flac,bonafide,0,librispeech,bonafide_libri_test-other,libri_4852,4852-28312-0013,libri_4852,16000,
data/external/LibriSpeech/test-other/4852/28312/4852-28312-0014.flac,bonafide,0,librispeech,bonafide_libri_test-other,libri_4852,4852-28312-0014,libri_4852,16000,
data/external/LibriSpeech/test-other/4852/28312/4852-28312-0015.flac,bonafide,0,librispeech,bonafide_libri_test-other,libri_4852,4852-28312-0015,libri_4852,16000,
data/external/LibriSpeech/test-other/4852/28312/4852-28312-0016.flac,bonafide,0,librispeech,bonafide_libri_test-other,libri_4852,4852-28312-0016,libri_4852,16000,
data/external/LibriSpeech/test-other/4852/28312/4852-28312-0017.flac,bonafide,0,librispeech,bonafide_libri_test-other,libri_4852,4852-28312-0017,libri_4852,16000,
data/external/LibriSpeech/test-other/4852/28312/4852-28312-0018.flac,bonafide,0,librispeech,bonafide_libri_test-other,libri_4852,4852-28312-0018,libri_4852,16000,
data/external/LibriSpeech/test-other/4852/28312/4852-28312-0019.flac,bonafide,0,librispeech,bonafide_libri_test-other,libri_4852,4852-28312-0019,libri_4852,16000,
data/external/LibriSpeech/test-other/4852/28312/4852-28312-0020.flac,bonafide,0,librispeech,bonafide_libri_test-other,libri_4852,4852-28312-0020,libri_4852,16000,
data/external/LibriSpeech/test-other/4852/28312/4852-28312-0021.flac,bonafide,0,librispeech,bonafide_libri_test-other,libri_4852,4852-28312-0021,libri_4852,16000,
data/external/LibriSpeech/test-other/4852/28312/4852-28312-0022.flac,bonafide,0,librispeech,bonafide_libri_test-other,libri_4852,4852-28312-0022,libri_4852,16000,
data/external/LibriSpeech/test-other/4852/28312/4852-28312-0023.flac,bonafide,0,librispeech,bonafide_libri_test-other,libri_4852,4852-28312-0023,libri_4852,16000,
data/external/LibriSpeech/test-other/4852/28312/4852-28312-0024.flac,bonafide,0,librispeech,bonafide_libri_test-other,libri_4852,4852-28312-0024,libri_4852,16000,
data/external/LibriSpeech/test-other/4852/28312/4852-28312-0025.flac,bonafide,0,librispeech,bonafide_libri_test-other,libri_4852,4852-28312-0025,libri_4852,16000,
data/external/LibriSpeech/test-other/4852/28312/4852-28312-0026.flac,bonafide,0,librispeech,bonafide_libri_test-other,libri_4852,4852-28312-0026,libri_4852,16000,
data/external/LibriSpeech/test-other/4852/28312/4852-28312-0027.flac,bonafide,0,librispeech,bonafide_libri_test-other,libri_4852,4852-28312-0027,libri_4852,16000,
data/external/LibriSpeech/test-other/4852/28312/4852-28312-0028.flac,bonafide,0,librispeech,bonafide_libri_test-other,libri_4852,4852-28312-0028,libri_4852,16000,
data/external/LibriSpeech/test-other/4852/28312/4852-28312-0029.flac,bonafide,0,librispeech,bonafide_libri_test-other,libri_4852,4852-28312-0029,libri_4852,16000,
data/external/LibriSpeech/test-other/4852/28312/4852-28312-0030.flac,bonafide,0,librispeech,bonafide_libri_test-other,libri_4852,4852-28312-0030,libri_4852,16000,
data/external/LibriSpeech/test-other/4852/28312/4852-28312-0031.flac,bonafide,0,librispeech,bonafide_libri_test-other,libri_4852,4852-28312-0031,libri_4852,16000,
data/external/LibriSpeech/test-other/4852/28319/4852-28319-0000.flac,bonafide,0,librispeech,bonafide_libri_test-other,libri_4852,4852-28319-0000,libri_4852,16000,
data/external/LibriSpeech/test-other/4852/28319/4852-28319-0001.flac,bonafide,0,librispeech,bonafide_libri_test-other,libri_4852,4852-28319-0001,libri_4852,16000,
data/external/LibriSpeech/test-other/4852/28319/4852-28319-0002.flac,bonafide,0,librispeech,bonafide_libri_test-other,libri_4852,4852-28319-0002,libri_4852,16000,
data/external/LibriSpeech/test-other/4852/28319/4852-28319-0003.flac,bonafide,0,librispeech,bonafide_libri_test-other,libri_4852,4852-28319-0003,libri_4852,16000,
data/external/LibriSpeech/test-other/4852/28319/4852-28319-0004.flac,bonafide,0,librispeech,bonafide_libri_test-other,libri_4852,4852-28319-0004,libri_4852,16000,
data/external/LibriSpeech/test-other/4852/28319/4852-28319-0005.flac,bonafide,0,librispeech,bonafide_libri_test-other,libri_4852,4852-28319-0005,libri_4852,16000,
data/external/LibriSpeech/test-other/4852/28319/4852-28319-0006.flac,bonafide,0,librispeech,bonafide_libri_test-other,libri_4852,4852-28319-0006,libri_4852,16000,
data/external/LibriSpeech/test-other/4852/28319/4852-28319-0007.flac,bonafide,0,librispeech,bonafide_libri_test-other,libri_4852,4852-28319-0007,libri_4852,16000,
data/external/LibriSpeech/test-other/4852/28319/4852-28319-0008.flac,bonafide,0,librispeech,bonafide_libri_test-other,libri_4852,4852-28319-0008,libri_4852,16000,
data/external/LibriSpeech/test-other/4852/28319/4852-28319-0009.flac,bonafide,0,librispeech,bonafide_libri_test-other,libri_4852,4852-28319-0009,libri_4852,16000,
data/external/LibriSpeech/test-other/4852/28319/4852-28319-0010.flac,bonafide,0,librispeech,bonafide_libri_test-other,libri_4852,4852-28319-0010,libri_4852,16000,
data/external/LibriSpeech/test-other/4852/28319/4852-28319-0011.flac,bonafide,0,librispeech,bonafide_libri_test-other,libri_4852,4852-28319-0011,libri_4852,16000,
data/external/LibriSpeech/test-other/4852/28319/4852-28319-0012.flac,bonafide,0,librispeech,bonafide_libri_test-other,libri_4852,4852-28319-0012,libri_4852,16000,
data/external/LibriSpeech/test-other/4852/28319/4852-28319-0013.flac,bonafide,0,librispeech,bonafide_libri_test-other,libri_4852,4852-28319-0013,libri_4852,16000,
data/external/LibriSpeech/test-other/4852/28319/4852-28319-0014.flac,bonafide,0,librispeech,bonafide_libri_test-other,libri_4852,4852-28319-0014,libri_4852,16000,
data/external/LibriSpeech/test-other/4852/28319/4852-28319-0015.flac,bonafide,0,librispeech,bonafide_libri_test-other,libri_4852,4852-28319-0015,libri_4852,16000,
data/external/LibriSpeech/test-other/4852/28319/4852-28319-0016.flac,bonafide,0,librispeech,bonafide_libri_test-other,libri_4852,4852-28319-0016,libri_4852,16000,
data/external/LibriSpeech/test-other/4852/28319/4852-28319-0017.flac,bonafide,0,librispeech,bonafide_libri_test-other,libri_4852,4852-28319-0017,libri_4852,16000,
data/external/LibriSpeech/test-other/4852/28319/4852-28319-0018.flac,bonafide,0,librispeech,bonafide_libri_test-other,libri_4852,4852-28319-0018,libri_4852,16000,
data/external/LibriSpeech/test-other/4852/28319/4852-28319-0019.flac,bonafide,0,librispeech,bonafide_libri_test-other,libri_4852,4852-28319-0019,libri_4852,16000,
data/external/LibriSpeech/test-other/4852/28319/4852-28319-0020.flac,bonafide,0,librispeech,bonafide_libri_test-other,libri_4852,4852-28319-0020,libri_4852,16000,
data/external/LibriSpeech/test-other/4852/28319/4852-28319-0021.flac,bonafide,0,librispeech,bonafide_libri_test-other,libri_4852,4852-28319-0021,libri_4852,16000,
data/external/LibriSpeech/test-other/4852/28319/4852-28319-0022.flac,bonafide,0,librispeech,bonafide_libri_test-other,libri_4852,4852-28319-0022,libri_4852,16000,
data/external/LibriSpeech/test-other/4852/28319/4852-28319-0023.flac,bonafide,0,librispeech,bonafide_libri_test-other,libri_4852,4852-28319-0023,libri_4852,16000,
data/external/LibriSpeech/test-other/4852/28319/4852-28319-0024.flac,bonafide,0,librispeech,bonafide_libri_test-other,libri_4852,4852-28319-0024,libri_4852,16000,
data/external/LibriSpeech/test-other/4852/28319/4852-28319-0025.flac,bonafide,0,librispeech,bonafide_libri_test-other,libri_4852,4852-28319-0025,libri_4852,16000,
data/external/LibriSpeech/test-other/4852/28319/4852-28319-0026.flac,bonafide,0,librispeech,bonafide_libri_test-other,libri_4852,4852-28319-0026,libri_4852,16000,
data/external/LibriSpeech/test-other/4852/28319/4852-28319-0027.flac,bonafide,0,librispeech,bonafide_libri_test-other,libri_4852,4852-28319-0027,libri_4852,16000,
data/external/LibriSpeech/test-other/4852/28330/4852-28330-0000.flac,bonafide,0,librispeech,bonafide_libri_test-other,libri_4852,4852-28330-0000,libri_4852,16000,
data/external/LibriSpeech/test-other/4852/28330/4852-28330-0001.flac,bonafide,0,librispeech,bonafide_libri_test-other,libri_4852,4852-28330-0001,libri_4852,16000,
data/external/LibriSpeech/test-other/4852/28330/4852-28330-0002.flac,bonafide,0,librispeech,bonafide_libri_test-other,libri_4852,4852-28330-0002,libri_4852,16000,
data/external/LibriSpeech/test-other/4852/28330/4852-28330-0003.flac,bonafide,0,librispeech,bonafide_libri_test-other,libri_4852,4852-28330-0003,libri_4852,16000,
data/external/LibriSpeech/test-other/4852/28330/4852-28330-0004.flac,bonafide,0,librispeech,bonafide_libri_test-other,libri_4852,4852-28330-0004,libri_4852,16000,
data/external/LibriSpeech/test-other/4852/28330/4852-28330-0005.flac,bonafide,0,librispeech,bonafide_libri_test-other,libri_4852,4852-28330-0005,libri_4852,16000,
data/external/LibriSpeech/test-other/4852/28330/4852-28330-0006.flac,bonafide,0,librispeech,bonafide_libri_test-other,libri_4852,4852-28330-0006,libri_4852,16000,
data/external/LibriSpeech/test-other/4852/28330/4852-28330-0007.flac,bonafide,0,librispeech,bonafide_libri_test-other,libri_4852,4852-28330-0007,libri_4852,16000,
data/external/LibriSpeech/test-other/4852/28330/4852-28330-0008.flac,bonafide,0,librispeech,bonafide_libri_test-other,libri_4852,4852-28330-0008,libri_4852,16000,
data/external/LibriSpeech/test-other/4852/28330/4852-28330-0009.flac,bonafide,0,librispeech,bonafide_libri_test-other,libri_4852,4852-28330-0009,libri_4852,16000,
data/external/LibriSpeech/test-other/4852/28330/4852-28330-0010.flac,bonafide,0,librispeech,bonafide_libri_test-other,libri_4852,4852-28330-0010,libri_4852,16000,
data/external/LibriSpeech/test-other/4852/28330/4852-28330-0011.flac,bonafide,0,librispeech,bonafide_libri_test-other,libri_4852,4852-28330-0011,libri_4852,16000,
data/external/LibriSpeech/test-other/4852/28330/4852-28330-0012.flac,bonafide,0,librispeech,bonafide_libri_test-other,libri_4852,4852-28330-0012,libri_4852,16000,
data/external/LibriSpeech/test-other/4852/28330/4852-28330-0013.flac,bonafide,0,librispeech,bonafide_libri_test-other,libri_4852,4852-28330-0013,libri_4852,16000,
data/external/LibriSpeech/test-other/4852/28330/4852-28330-0014.flac,bonafide,0,librispeech,bonafide_libri_test-other,libri_4852,4852-28330-0014,libri_4852,16000,
data/external/LibriSpeech/test-other/4852/28330/4852-28330-0015.flac,bonafide,0,librispeech,bonafide_libri_test-other,libri_4852,4852-28330-0015,libri_4852,16000,
data/external/LibriSpeech/test-other/4852/28330/4852-28330-0016.flac,bonafide,0,librispeech,bonafide_libri_test-other,libri_4852,4852-28330-0016,libri_4852,16000,
data/external/LibriSpeech/test-other/4852/28330/4852-28330-0017.flac,bonafide,0,librispeech,bonafide_libri_test-other,libri_4852,4852-28330-0017,libri_4852,16000,
data/external/LibriSpeech/test-other/4852/28330/4852-28330-0018.flac,bonafide,0,librispeech,bonafide_libri_test-other,libri_4852,4852-28330-0018,libri_4852,16000,
data/external/LibriSpeech/test-other/4852/28330/4852-28330-0019.flac,bonafide,0,librispeech,bonafide_libri_test-other,libri_4852,4852-28330-0019,libri_4852,16000,
data/external/LibriSpeech/test-other/4852/28330/4852-28330-0020.flac,bonafide,0,librispeech,bonafide_libri_test-other,libri_4852,4852-28330-0020,libri_4852,16000,
data/external/LibriSpeech/test-other/4852/28330/4852-28330-0021.flac,bonafide,0,librispeech,bonafide_libri_test-other,libri_4852,4852-28330-0021,libri_4852,16000,
data/external/LibriSpeech/test-other/4852/28330/4852-28330-0022.flac,bonafide,0,librispeech,bonafide_libri_test-other,libri_4852,4852-28330-0022,libri_4852,16000,
data/external/LibriSpeech/test-other/4852/28330/4852-28330-0023.flac,bonafide,0,librispeech,bonafide_libri_test-other,libri_4852,4852-28330-0023,libri_4852,16000,
data/external/LibriSpeech/test-other/4852/28330/4852-28330-0024.flac,bonafide,0,librispeech,bonafide_libri_test-other,libri_4852,4852-28330-0024,libri_4852,16000,
data/external/LibriSpeech/test-other/4852/28330/4852-28330-0025.flac,bonafide,0,librispeech,bonafide_libri_test-other,libri_4852,4852-28330-0025,libri_4852,16000,
data/external/LibriSpeech/test-other/533/1066/533-1066-0000.flac,bonafide,0,librispeech,bonafide_libri_test-other,libri_533,533-1066-0000,libri_533,16000,
data/external/LibriSpeech/test-other/533/1066/533-1066-0001.flac,bonafide,0,librispeech,bonafide_libri_test-other,libri_533,533-1066-0001,libri_533,16000,
data/external/LibriSpeech/test-other/533/1066/533-1066-0002.flac,bonafide,0,librispeech,bonafide_libri_test-other,libri_533,533-1066-0002,libri_533,16000,
data/external/LibriSpeech/test-other/533/1066/533-1066-0003.flac,bonafide,0,librispeech,bonafide_libri_test-other,libri_533,533-1066-0003,libri_533,16000,
data/external/LibriSpeech/test-other/533/1066/533-1066-0004.flac,bonafide,0,librispeech,bonafide_libri_test-other,libri_533,533-1066-0004,libri_533,16000,
data/external/LibriSpeech/test-other/533/1066/533-1066-0005.flac,bonafide,0,librispeech,bonafide_libri_test-other,libri_533,533-1066-0005,libri_533,16000,
data/external/LibriSpeech/test-other/533/1066/533-1066-0006.flac,bonafide,0,librispeech,bonafide_libri_test-other,libri_533,533-1066-0006,libri_533,16000,
data/external/LibriSpeech/test-other/533/1066/533-1066-0007.flac,bonafide,0,librispeech,bonafide_libri_test-other,libri_533,533-1066-0007,libri_533,16000,
data/external/LibriSpeech/test-other/533/1066/533-1066-0008.flac,bonafide,0,librispeech,bonafide_libri_test-other,libri_533,533-1066-0008,libri_533,16000,
data/external/LibriSpeech/test-other/533/1066/533-1066-0009.flac,bonafide,0,librispeech,bonafide_libri_test-other,libri_533,533-1066-0009,libri_533,16000,
data/external/LibriSpeech/test-other/533/1066/533-1066-0010.flac,bonafide,0,librispeech,bonafide_libri_test-other,libri_533,533-1066-0010,libri_533,16000,
data/external/LibriSpeech/test-other/533/1066/533-1066-0011.flac,bonafide,0,librispeech,bonafide_libri_test-other,libri_533,533-1066-0011,libri_533,16000,
data/external/LibriSpeech/test-other/533/1066/533-1066-0012.flac,bonafide,0,librispeech,bonafide_libri_test-other,libri_533,533-1066-0012,libri_533,16000,
data/external/LibriSpeech/test-other/533/1066/533-1066-0013.flac,bonafide,0,librispeech,bonafide_libri_test-other,libri_533,533-1066-0013,libri_533,16000,
data/external/LibriSpeech/test-other/533/1066/533-1066-0014.flac,bonafide,0,librispeech,bonafide_libri_test-other,libri_533,533-1066-0014,libri_533,16000,
data/external/LibriSpeech/test-other/533/1066/533-1066-0015.flac,bonafide,0,librispeech,bonafide_libri_test-other,libri_533,533-1066-0015,libri_533,16000,
data/external/LibriSpeech/test-other/533/1066/533-1066-0016.flac,bonafide,0,librispeech,bonafide_libri_test-other,libri_533,533-1066-0016,libri_533,16000,
data/external/LibriSpeech/test-other/533/1066/533-1066-0017.flac,bonafide,0,librispeech,bonafide_libri_test-other,libri_533,533-1066-0017,libri_533,16000,
data/external/LibriSpeech/test-other/533/1066/533-1066-0018.flac,bonafide,0,librispeech,bonafide_libri_test-other,libri_533,533-1066-0018,libri_533,16000,
data/external/LibriSpeech/test-other/533/1066/533-1066-0019.flac,bonafide,0,librispeech,bonafide_libri_test-other,libri_533,533-1066-0019,libri_533,16000,
data/external/LibriSpeech/test-other/533/1066/533-1066-0020.flac,bonafide,0,librispeech,bonafide_libri_test-other,libri_533,533-1066-0020,libri_533,16000,
data/external/LibriSpeech/test-other/533/1066/533-1066-0021.flac,bonafide,0,librispeech,bonafide_libri_test-other,libri_533,533-1066-0021,libri_533,16000,
data/external/LibriSpeech/test-other/533/1066/533-1066-0022.flac,bonafide,0,librispeech,bonafide_libri_test-other,libri_533,533-1066-0022,libri_533,16000,
data/external/LibriSpeech/test-other/533/1066/533-1066-0023.flac,bonafide,0,librispeech,bonafide_libri_test-other,libri_533,533-1066-0023,libri_533,16000,
data/external/LibriSpeech/test-other/533/1066/533-1066-0024.flac,bonafide,0,librispeech,bonafide_libri_test-other,libri_533,533-1066-0024,libri_533,16000,
data/external/LibriSpeech/test-other/533/131556/533-131556-0000.flac,bonafide,0,librispeech,bonafide_libri_test-other,libri_533,533-131556-0000,libri_533,16000,
data/external/LibriSpeech/test-other/533/131556/533-131556-0001.flac,bonafide,0,librispeech,bonafide_libri_test-other,libri_533,533-131556-0001,libri_533,16000,
data/external/LibriSpeech/test-other/533/131556/533-131556-0002.flac,bonafide,0,librispeech,bonafide_libri_test-other,libri_533,533-131556-0002,libri_533,16000,
data/external/LibriSpeech/test-other/533/131556/533-131556-0003.flac,bonafide,0,librispeech,bonafide_libri_test-other,libri_533,533-131556-0003,libri_533,16000,
data/external/LibriSpeech/test-other/533/131556/533-131556-0004.flac,bonafide,0,librispeech,bonafide_libri_test-other,libri_533,533-131556-0004,libri_533,16000,
data/external/LibriSpeech/test-other/533/131556/533-131556-0005.flac,bonafide,0,librispeech,bonafide_libri_test-other,libri_533,533-131556-0005,libri_533,16000,
data/external/LibriSpeech/test-other/533/131556/533-131556-0006.flac,bonafide,0,librispeech,bonafide_libri_test-other,libri_533,533-131556-0006,libri_533,16000,
data/external/LibriSpeech/test-other/533/131556/533-131556-0007.flac,bonafide,0,librispeech,bonafide_libri_test-other,libri_533,533-131556-0007,libri_533,16000,
data/external/LibriSpeech/test-other/533/131556/533-131556-0008.flac,bonafide,0,librispeech,bonafide_libri_test-other,libri_533,533-131556-0008,libri_533,16000,
data/external/LibriSpeech/test-other/533/131556/533-131556-0009.flac,bonafide,0,librispeech,bonafide_libri_test-other,libri_533,533-131556-0009,libri_533,16000,
data/external/LibriSpeech/test-other/533/131556/533-131556-0010.flac,bonafide,0,librispeech,bonafide_libri_test-other,libri_533,533-131556-0010,libri_533,16000,
data/external/LibriSpeech/test-other/533/131556/533-131556-0011.flac,bonafide,0,librispeech,bonafide_libri_test-other,libri_533,533-131556-0011,libri_533,16000,
data/external/LibriSpeech/test-other/533/131556/533-131556-0012.flac,bonafide,0,librispeech,bonafide_libri_test-other,libri_533,533-131556-0012,libri_533,16000,
data/external/LibriSpeech/test-other/533/131556/533-131556-0013.flac,bonafide,0,librispeech,bonafide_libri_test-other,libri_533,533-131556-0013,libri_533,16000,
data/external/LibriSpeech/test-other/533/131556/533-131556-0014.flac,bonafide,0,librispeech,bonafide_libri_test-other,libri_533,533-131556-0014,libri_533,16000,
data/external/LibriSpeech/test-other/533/131556/533-131556-0015.flac,bonafide,0,librispeech,bonafide_libri_test-other,libri_533,533-131556-0015,libri_533,16000,
data/external/LibriSpeech/test-other/533/131556/533-131556-0016.flac,bonafide,0,librispeech,bonafide_libri_test-other,libri_533,533-131556-0016,libri_533,16000,
data/external/LibriSpeech/test-other/533/131556/533-131556-0017.flac,bonafide,0,librispeech,bonafide_libri_test-other,libri_533,533-131556-0017,libri_533,16000,
data/external/LibriSpeech/test-other/533/131556/533-131556-0018.flac,bonafide,0,librispeech,bonafide_libri_test-other,libri_533,533-131556-0018,libri_533,16000,
data/external/LibriSpeech/test-other/533/131556/533-131556-0019.flac,bonafide,0,librispeech,bonafide_libri_test-other,libri_533,533-131556-0019,libri_533,16000,
data/external/LibriSpeech/test-other/533/131556/533-131556-0020.flac,bonafide,0,librispeech,bonafide_libri_test-other,libri_533,533-131556-0020,libri_533,16000,
data/external/LibriSpeech/test-other/533/131556/533-131556-0021.flac,bonafide,0,librispeech,bonafide_libri_test-other,libri_533,533-131556-0021,libri_533,16000,
data/external/LibriSpeech/test-other/533/131556/533-131556-0022.flac,bonafide,0,librispeech,bonafide_libri_test-other,libri_533,533-131556-0022,libri_533,16000,
data/external/LibriSpeech/test-other/533/131556/533-131556-0023.flac,bonafide,0,librispeech,bonafide_libri_test-other,libri_533,533-131556-0023,libri_533,16000,
data/external/LibriSpeech/test-other/533/131556/533-131556-0024.flac,bonafide,0,librispeech,bonafide_libri_test-other,libri_533,533-131556-0024,libri_533,16000,
data/external/LibriSpeech/test-other/533/131556/533-131556-0025.flac,bonafide,0,librispeech,bonafide_libri_test-other,libri_533,533-131556-0025,libri_533,16000,
data/external/LibriSpeech/test-other/533/131562/533-131562-0000.flac,bonafide,0,librispeech,bonafide_libri_test-other,libri_533,533-131562-0000,libri_533,16000,
data/external/LibriSpeech/test-other/533/131562/533-131562-0001.flac,bonafide,0,librispeech,bonafide_libri_test-other,libri_533,533-131562-0001,libri_533,16000,
data/external/LibriSpeech/test-other/533/131562/533-131562-0002.flac,bonafide,0,librispeech,bonafide_libri_test-other,libri_533,533-131562-0002,libri_533,16000,
data/external/LibriSpeech/test-other/533/131562/533-131562-0003.flac,bonafide,0,librispeech,bonafide_libri_test-other,libri_533,533-131562-0003,libri_533,16000,
data/external/LibriSpeech/test-other/533/131562/533-131562-0004.flac,bonafide,0,librispeech,bonafide_libri_test-other,libri_533,533-131562-0004,libri_533,16000,
data/external/LibriSpeech/test-other/533/131562/533-131562-0005.flac,bonafide,0,librispeech,bonafide_libri_test-other,libri_533,533-131562-0005,libri_533,16000,
data/external/LibriSpeech/test-other/533/131562/533-131562-0006.flac,bonafide,0,librispeech,bonafide_libri_test-other,libri_533,533-131562-0006,libri_533,16000,
data/external/LibriSpeech/test-other/533/131562/533-131562-0007.flac,bonafide,0,librispeech,bonafide_libri_test-other,libri_533,533-131562-0007,libri_533,16000,
data/external/LibriSpeech/test-other/533/131562/533-131562-0008.flac,bonafide,0,librispeech,bonafide_libri_test-other,libri_533,533-131562-0008,libri_533,16000,
data/external/LibriSpeech/test-other/533/131562/533-131562-0009.flac,bonafide,0,librispeech,bonafide_libri_test-other,libri_533,533-131562-0009,libri_533,16000,
data/external/LibriSpeech/test-other/533/131562/533-131562-0010.flac,bonafide,0,librispeech,bonafide_libri_test-other,libri_533,533-131562-0010,libri_533,16000,
data/external/LibriSpeech/test-other/533/131562/533-131562-0011.flac,bonafide,0,librispeech,bonafide_libri_test-other,libri_533,533-131562-0011,libri_533,16000,
data/external/LibriSpeech/test-other/533/131562/533-131562-0012.flac,bonafide,0,librispeech,bonafide_libri_test-other,libri_533,533-131562-0012,libri_533,16000,
data/external/LibriSpeech/test-other/533/131562/533-131562-0013.flac,bonafide,0,librispeech,bonafide_libri_test-other,libri_533,533-131562-0013,libri_533,16000,
data/external/LibriSpeech/test-other/533/131562/533-131562-0014.flac,bonafide,0,librispeech,bonafide_libri_test-other,libri_533,533-131562-0014,libri_533,16000,
data/external/LibriSpeech/test-other/533/131562/533-131562-0015.flac,bonafide,0,librispeech,bonafide_libri_test-other,libri_533,533-131562-0015,libri_533,16000,
data/external/LibriSpeech/test-other/533/131562/533-131562-0016.flac,bonafide,0,librispeech,bonafide_libri_test-other,libri_533,533-131562-0016,libri_533,16000,
data/external/LibriSpeech/test-other/533/131564/533-131564-0000.flac,bonafide,0,librispeech,bonafide_libri_test-other,libri_533,533-131564-0000,libri_533,16000,
data/external/LibriSpeech/test-other/533/131564/533-131564-0001.flac,bonafide,0,librispeech,bonafide_libri_test-other,libri_533,533-131564-0001,libri_533,16000,
data/external/LibriSpeech/test-other/533/131564/533-131564-0002.flac,bonafide,0,librispeech,bonafide_libri_test-other,libri_533,533-131564-0002,libri_533,16000,
data/external/LibriSpeech/test-other/533/131564/533-131564-0003.flac,bonafide,0,librispeech,bonafide_libri_test-other,libri_533,533-131564-0003,libri_533,16000,
data/external/LibriSpeech/test-other/533/131564/533-131564-0004.flac,bonafide,0,librispeech,bonafide_libri_test-other,libri_533,533-131564-0004,libri_533,16000,
data/external/LibriSpeech/test-other/533/131564/533-131564-0005.flac,bonafide,0,librispeech,bonafide_libri_test-other,libri_533,533-131564-0005,libri_533,16000,
data/external/LibriSpeech/test-other/533/131564/533-131564-0006.flac,bonafide,0,librispeech,bonafide_libri_test-other,libri_533,533-131564-0006,libri_533,16000,
data/external/LibriSpeech/test-other/533/131564/533-131564-0007.flac,bonafide,0,librispeech,bonafide_libri_test-other,libri_533,533-131564-0007,libri_533,16000,
data/external/LibriSpeech/test-other/533/131564/533-131564-0008.flac,bonafide,0,librispeech,bonafide_libri_test-other,libri_533,533-131564-0008,libri_533,16000,
data/external/LibriSpeech/test-other/533/131564/533-131564-0009.flac,bonafide,0,librispeech,bonafide_libri_test-other,libri_533,533-131564-0009,libri_533,16000,
data/external/LibriSpeech/test-other/533/131564/533-131564-0010.flac,bonafide,0,librispeech,bonafide_libri_test-other,libri_533,533-131564-0010,libri_533,16000,
data/external/LibriSpeech/test-other/533/131564/533-131564-0011.flac,bonafide,0,librispeech,bonafide_libri_test-other,libri_533,533-131564-0011,libri_533,16000,
data/external/LibriSpeech/test-other/533/131564/533-131564-0012.flac,bonafide,0,librispeech,bonafide_libri_test-other,libri_533,533-131564-0012,libri_533,16000,
data/external/LibriSpeech/test-other/533/131564/533-131564-0013.flac,bonafide,0,librispeech,bonafide_libri_test-other,libri_533,533-131564-0013,libri_533,16000,
data/external/LibriSpeech/test-other/533/131564/533-131564-0014.flac,bonafide,0,librispeech,bonafide_libri_test-other,libri_533,533-131564-0014,libri_533,16000,
data/external/LibriSpeech/test-other/533/131564/533-131564-0015.flac,bonafide,0,librispeech,bonafide_libri_test-other,libri_533,533-131564-0015,libri_533,16000,
data/external/LibriSpeech/test-other/533/131564/533-131564-0016.flac,bonafide,0,librispeech,bonafide_libri_test-other,libri_533,533-131564-0016,libri_533,16000,
data/external/LibriSpeech/test-other/533/131564/533-131564-0017.flac,bonafide,0,librispeech,bonafide_libri_test-other,libri_533,533-131564-0017,libri_533,16000,
data/external/LibriSpeech/test-other/533/131564/533-131564-0018.flac,bonafide,0,librispeech,bonafide_libri_test-other,libri_533,533-131564-0018,libri_533,16000,
data/external/LibriSpeech/test-other/533/131564/533-131564-0019.flac,bonafide,0,librispeech,bonafide_libri_test-other,libri_533,533-131564-0019,libri_533,16000,
data/external/LibriSpeech/test-other/533/131564/533-131564-0020.flac,bonafide,0,librispeech,bonafide_libri_test-other,libri_533,533-131564-0020,libri_533,16000,
data/external/LibriSpeech/test-other/533/131564/533-131564-0021.flac,bonafide,0,librispeech,bonafide_libri_test-other,libri_533,533-131564-0021,libri_533,16000,
data/external/LibriSpeech/test-other/533/131564/533-131564-0022.flac,bonafide,0,librispeech,bonafide_libri_test-other,libri_533,533-131564-0022,libri_533,16000,
data/external/LibriSpeech/test-other/533/131564/533-131564-0023.flac,bonafide,0,librispeech,bonafide_libri_test-other,libri_533,533-131564-0023,libri_533,16000,
data/external/LibriSpeech/test-other/533/131564/533-131564-0024.flac,bonafide,0,librispeech,bonafide_libri_test-other,libri_533,533-131564-0024,libri_533,16000,
data/external/LibriSpeech/test-other/533/131564/533-131564-0025.flac,bonafide,0,librispeech,bonafide_libri_test-other,libri_533,533-131564-0025,libri_533,16000,
data/external/LibriSpeech/test-other/533/131564/533-131564-0026.flac,bonafide,0,librispeech,bonafide_libri_test-other,libri_533,533-131564-0026,libri_533,16000,
data/external/LibriSpeech/test-other/533/131564/533-131564-0027.flac,bonafide,0,librispeech,bonafide_libri_test-other,libri_533,533-131564-0027,libri_533,16000,
data/external/LibriSpeech/test-other/5442/32873/5442-32873-0000.flac,bonafide,0,librispeech,bonafide_libri_test-other,libri_5442,5442-32873-0000,libri_5442,16000,
data/external/LibriSpeech/test-other/5442/32873/5442-32873-0001.flac,bonafide,0,librispeech,bonafide_libri_test-other,libri_5442,5442-32873-0001,libri_5442,16000,
data/external/LibriSpeech/test-other/5442/32873/5442-32873-0002.flac,bonafide,0,librispeech,bonafide_libri_test-other,libri_5442,5442-32873-0002,libri_5442,16000,
data/external/LibriSpeech/test-other/5442/32873/5442-32873-0003.flac,bonafide,0,librispeech,bonafide_libri_test-other,libri_5442,5442-32873-0003,libri_5442,16000,
data/external/LibriSpeech/test-other/5442/32873/5442-32873-0004.flac,bonafide,0,librispeech,bonafide_libri_test-other,libri_5442,5442-32873-0004,libri_5442,16000,
data/external/LibriSpeech/test-other/5442/32873/5442-32873-0005.flac,bonafide,0,librispeech,bonafide_libri_test-other,libri_5442,5442-32873-0005,libri_5442,16000,
data/external/LibriSpeech/test-other/5442/32873/5442-32873-0006.flac,bonafide,0,librispeech,bonafide_libri_test-other,libri_5442,5442-32873-0006,libri_5442,16000,
data/external/LibriSpeech/test-other/5442/32873/5442-32873-0007.flac,bonafide,0,librispeech,bonafide_libri_test-other,libri_5442,5442-32873-0007,libri_5442,16000,
data/external/LibriSpeech/test-other/5442/32873/5442-32873-0008.flac,bonafide,0,librispeech,bonafide_libri_test-other,libri_5442,5442-32873-0008,libri_5442,16000,
data/external/LibriSpeech/test-other/5442/32873/5442-32873-0009.flac,bonafide,0,librispeech,bonafide_libri_test-other,libri_5442,5442-32873-0009,libri_5442,16000,
data/external/LibriSpeech/test-other/5442/32873/5442-32873-0010.flac,bonafide,0,librispeech,bonafide_libri_test-other,libri_5442,5442-32873-0010,libri_5442,16000,
data/external/LibriSpeech/test-other/5442/32873/5442-32873-0011.flac,bonafide,0,librispeech,bonafide_libri_test-other,libri_5442,5442-32873-0011,libri_5442,16000,
data/external/LibriSpeech/test-other/5442/32873/5442-32873-0012.flac,bonafide,0,librispeech,bonafide_libri_test-other,libri_5442,5442-32873-0012,libri_5442,16000,
data/external/LibriSpeech/test-other/5442/32873/5442-32873-0013.flac,bonafide,0,librispeech,bonafide_libri_test-other,libri_5442,5442-32873-0013,libri_5442,16000,
data/external/LibriSpeech/test-other/5442/32873/5442-32873-0014.flac,bonafide,0,librispeech,bonafide_libri_test-other,libri_5442,5442-32873-0014,libri_5442,16000,
data/external/LibriSpeech/test-other/5442/32873/5442-32873-0015.flac,bonafide,0,librispeech,bonafide_libri_test-other,libri_5442,5442-32873-0015,libri_5442,16000,
data/external/LibriSpeech/test-other/5442/32873/5442-32873-0016.flac,bonafide,0,librispeech,bonafide_libri_test-other,libri_5442,5442-32873-0016,libri_5442,16000,
data/external/LibriSpeech/test-other/5442/32873/5442-32873-0017.flac,bonafide,0,librispeech,bonafide_libri_test-other,libri_5442,5442-32873-0017,libri_5442,16000,
data/external/LibriSpeech/test-other/5442/32873/5442-32873-0018.flac,bonafide,0,librispeech,bonafide_libri_test-other,libri_5442,5442-32873-0018,libri_5442,16000,
data/external/LibriSpeech/test-other/5442/32873/5442-32873-0019.flac,bonafide,0,librispeech,bonafide_libri_test-other,libri_5442,5442-32873-0019,libri_5442,16000,
data/external/LibriSpeech/test-other/5442/41168/5442-41168-0000.flac,bonafide,0,librispeech,bonafide_libri_test-other,libri_5442,5442-41168-0000,libri_5442,16000,
data/external/LibriSpeech/test-other/5442/41168/5442-41168-0001.flac,bonafide,0,librispeech,bonafide_libri_test-other,libri_5442,5442-41168-0001,libri_5442,16000,
data/external/LibriSpeech/test-other/5442/41168/5442-41168-0002.flac,bonafide,0,librispeech,bonafide_libri_test-other,libri_5442,5442-41168-0002,libri_5442,16000,
data/external/LibriSpeech/test-other/5442/41168/5442-41168-0003.flac,bonafide,0,librispeech,bonafide_libri_test-other,libri_5442,5442-41168-0003,libri_5442,16000,
data/external/LibriSpeech/test-other/5442/41168/5442-41168-0004.flac,bonafide,0,librispeech,bonafide_libri_test-other,libri_5442,5442-41168-0004,libri_5442,16000,
data/external/LibriSpeech/test-other/5442/41168/5442-41168-0005.flac,bonafide,0,librispeech,bonafide_libri_test-other,libri_5442,5442-41168-0005,libri_5442,16000,
data/external/LibriSpeech/test-other/5442/41168/5442-41168-0006.flac,bonafide,0,librispeech,bonafide_libri_test-other,libri_5442,5442-41168-0006,libri_5442,16000,
data/external/LibriSpeech/test-other/5442/41168/5442-41168-0007.flac,bonafide,0,librispeech,bonafide_libri_test-other,libri_5442,5442-41168-0007,libri_5442,16000,
data/external/LibriSpeech/test-other/5442/41168/5442-41168-0008.flac,bonafide,0,librispeech,bonafide_libri_test-other,libri_5442,5442-41168-0008,libri_5442,16000,
data/external/LibriSpeech/test-other/5442/41168/5442-41168-0009.flac,bonafide,0,librispeech,bonafide_libri_test-other,libri_5442,5442-41168-0009,libri_5442,16000,
data/external/LibriSpeech/test-other/5442/41168/5442-41168-0010.flac,bonafide,0,librispeech,bonafide_libri_test-other,libri_5442,5442-41168-0010,libri_5442,16000,
data/external/LibriSpeech/test-other/5442/41168/5442-41168-0011.flac,bonafide,0,librispeech,bonafide_libri_test-other,libri_5442,5442-41168-0011,libri_5442,16000,
data/external/LibriSpeech/test-other/5442/41168/5442-41168-0012.flac,bonafide,0,librispeech,bonafide_libri_test-other,libri_5442,5442-41168-0012,libri_5442,16000,
data/external/LibriSpeech/test-other/5442/41168/5442-41168-0013.flac,bonafide,0,librispeech,bonafide_libri_test-other,libri_5442,5442-41168-0013,libri_5442,16000,
data/external/LibriSpeech/test-other/5442/41168/5442-41168-0014.flac,bonafide,0,librispeech,bonafide_libri_test-other,libri_5442,5442-41168-0014,libri_5442,16000,
data/external/LibriSpeech/test-other/5442/41168/5442-41168-0015.flac,bonafide,0,librispeech,bonafide_libri_test-other,libri_5442,5442-41168-0015,libri_5442,16000,
data/external/LibriSpeech/test-other/5442/41168/5442-41168-0016.flac,bonafide,0,librispeech,bonafide_libri_test-other,libri_5442,5442-41168-0016,libri_5442,16000,
data/external/LibriSpeech/test-other/5442/41168/5442-41168-0017.flac,bonafide,0,librispeech,bonafide_libri_test-other,libri_5442,5442-41168-0017,libri_5442,16000,
data/external/LibriSpeech/test-other/5442/41168/5442-41168-0018.flac,bonafide,0,librispeech,bonafide_libri_test-other,libri_5442,5442-41168-0018,libri_5442,16000,
data/external/LibriSpeech/test-other/5442/41168/5442-41168-0019.flac,bonafide,0,librispeech,bonafide_libri_test-other,libri_5442,5442-41168-0019,libri_5442,16000,
data/external/LibriSpeech/test-other/5442/41168/5442-41168-0020.flac,bonafide,0,librispeech,bonafide_libri_test-other,libri_5442,5442-41168-0020,libri_5442,16000,
data/external/LibriSpeech/test-other/5442/41168/5442-41168-0021.flac,bonafide,0,librispeech,bonafide_libri_test-other,libri_5442,5442-41168-0021,libri_5442,16000,
data/external/LibriSpeech/test-other/5442/41168/5442-41168-0022.flac,bonafide,0,librispeech,bonafide_libri_test-other,libri_5442,5442-41168-0022,libri_5442,16000,
data/external/LibriSpeech/test-other/5442/41168/5442-41168-0023.flac,bonafide,0,librispeech,bonafide_libri_test-other,libri_5442,5442-41168-0023,libri_5442,16000,
data/external/LibriSpeech/test-other/5442/41168/5442-41168-0024.flac,bonafide,0,librispeech,bonafide_libri_test-other,libri_5442,5442-41168-0024,libri_5442,16000,
data/external/LibriSpeech/test-other/5442/41168/5442-41168-0025.flac,bonafide,0,librispeech,bonafide_libri_test-other,libri_5442,5442-41168-0025,libri_5442,16000,
data/external/LibriSpeech/test-other/5442/41168/5442-41168-0026.flac,bonafide,0,librispeech,bonafide_libri_test-other,libri_5442,5442-41168-0026,libri_5442,16000,
data/external/LibriSpeech/test-other/5442/41168/5442-41168-0027.flac,bonafide,0,librispeech,bonafide_libri_test-other,libri_5442,5442-41168-0027,libri_5442,16000,
data/external/LibriSpeech/test-other/5442/41169/5442-41169-0000.flac,bonafide,0,librispeech,bonafide_libri_test-other,libri_5442,5442-41169-0000,libri_5442,16000,
data/external/LibriSpeech/test-other/5442/41169/5442-41169-0001.flac,bonafide,0,librispeech,bonafide_libri_test-other,libri_5442,5442-41169-0001,libri_5442,16000,
data/external/LibriSpeech/test-other/5442/41169/5442-41169-0002.flac,bonafide,0,librispeech,bonafide_libri_test-other,libri_5442,5442-41169-0002,libri_5442,16000,
data/external/LibriSpeech/test-other/5442/41169/5442-41169-0003.flac,bonafide,0,librispeech,bonafide_libri_test-other,libri_5442,5442-41169-0003,libri_5442,16000,
data/external/LibriSpeech/test-other/5442/41169/5442-41169-0004.flac,bonafide,0,librispeech,bonafide_libri_test-other,libri_5442,5442-41169-0004,libri_5442,16000,
data/external/LibriSpeech/test-other/5442/41169/5442-41169-0005.flac,bonafide,0,librispeech,bonafide_libri_test-other,libri_5442,5442-41169-0005,libri_5442,16000,
data/external/LibriSpeech/test-other/5442/41169/5442-41169-0006.flac,bonafide,0,librispeech,bonafide_libri_test-other,libri_5442,5442-41169-0006,libri_5442,16000,
data/external/LibriSpeech/test-other/5442/41169/5442-41169-0007.flac,bonafide,0,librispeech,bonafide_libri_test-other,libri_5442,5442-41169-0007,libri_5442,16000,
data/external/LibriSpeech/test-other/5442/41169/5442-41169-0008.flac,bonafide,0,librispeech,bonafide_libri_test-other,libri_5442,5442-41169-0008,libri_5442,16000,
data/external/LibriSpeech/test-other/5442/41169/5442-41169-0009.flac,bonafide,0,librispeech,bonafide_libri_test-other,libri_5442,5442-41169-0009,libri_5442,16000,
data/external/LibriSpeech/test-other/5442/41169/5442-41169-0010.flac,bonafide,0,librispeech,bonafide_libri_test-other,libri_5442,5442-41169-0010,libri_5442,16000,
data/external/LibriSpeech/test-other/5442/41169/5442-41169-0011.flac,bonafide,0,librispeech,bonafide_libri_test-other,libri_5442,5442-41169-0011,libri_5442,16000,
data/external/LibriSpeech/test-other/5442/41169/5442-41169-0012.flac,bonafide,0,librispeech,bonafide_libri_test-other,libri_5442,5442-41169-0012,libri_5442,16000,
data/external/LibriSpeech/test-other/5442/41169/5442-41169-0013.flac,bonafide,0,librispeech,bonafide_libri_test-other,libri_5442,5442-41169-0013,libri_5442,16000,
data/external/LibriSpeech/test-other/5442/41169/5442-41169-0014.flac,bonafide,0,librispeech,bonafide_libri_test-other,libri_5442,5442-41169-0014,libri_5442,16000,
data/external/LibriSpeech/test-other/5442/41169/5442-41169-0015.flac,bonafide,0,librispeech,bonafide_libri_test-other,libri_5442,5442-41169-0015,libri_5442,16000,
data/external/LibriSpeech/test-other/5442/41169/5442-41169-0016.flac,bonafide,0,librispeech,bonafide_libri_test-other,libri_5442,5442-41169-0016,libri_5442,16000,
data/external/LibriSpeech/test-other/5442/41169/5442-41169-0017.flac,bonafide,0,librispeech,bonafide_libri_test-other,libri_5442,5442-41169-0017,libri_5442,16000,
data/external/LibriSpeech/test-other/5442/41169/5442-41169-0018.flac,bonafide,0,librispeech,bonafide_libri_test-other,libri_5442,5442-41169-0018,libri_5442,16000,
data/external/LibriSpeech/test-other/5442/41169/5442-41169-0019.flac,bonafide,0,librispeech,bonafide_libri_test-other,libri_5442,5442-41169-0019,libri_5442,16000,
data/external/LibriSpeech/test-other/5442/41169/5442-41169-0020.flac,bonafide,0,librispeech,bonafide_libri_test-other,libri_5442,5442-41169-0020,libri_5442,16000,
data/external/LibriSpeech/test-other/5442/41169/5442-41169-0021.flac,bonafide,0,librispeech,bonafide_libri_test-other,libri_5442,5442-41169-0021,libri_5442,16000,
data/external/LibriSpeech/test-other/5442/41169/5442-41169-0022.flac,bonafide,0,librispeech,bonafide_libri_test-other,libri_5442,5442-41169-0022,libri_5442,16000,
data/external/LibriSpeech/test-other/5442/41169/5442-41169-0023.flac,bonafide,0,librispeech,bonafide_libri_test-other,libri_5442,5442-41169-0023,libri_5442,16000,
data/external/LibriSpeech/test-other/5442/41169/5442-41169-0024.flac,bonafide,0,librispeech,bonafide_libri_test-other,libri_5442,5442-41169-0024,libri_5442,16000,
data/external/LibriSpeech/test-other/5442/41169/5442-41169-0025.flac,bonafide,0,librispeech,bonafide_libri_test-other,libri_5442,5442-41169-0025,libri_5442,16000,
data/external/LibriSpeech/test-other/5442/41169/5442-41169-0026.flac,bonafide,0,librispeech,bonafide_libri_test-other,libri_5442,5442-41169-0026,libri_5442,16000,
data/external/LibriSpeech/test-other/5442/41169/5442-41169-0027.flac,bonafide,0,librispeech,bonafide_libri_test-other,libri_5442,5442-41169-0027,libri_5442,16000,
data/external/LibriSpeech/test-other/5442/41169/5442-41169-0028.flac,bonafide,0,librispeech,bonafide_libri_test-other,libri_5442,5442-41169-0028,libri_5442,16000,
data/external/LibriSpeech/test-other/5442/41169/5442-41169-0029.flac,bonafide,0,librispeech,bonafide_libri_test-other,libri_5442,5442-41169-0029,libri_5442,16000,
data/external/LibriSpeech/test-other/5442/41169/5442-41169-0030.flac,bonafide,0,librispeech,bonafide_libri_test-other,libri_5442,5442-41169-0030,libri_5442,16000,
data/external/LibriSpeech/test-other/5442/41169/5442-41169-0031.flac,bonafide,0,librispeech,bonafide_libri_test-other,libri_5442,5442-41169-0031,libri_5442,16000,
data/external/LibriSpeech/test-other/5484/24317/5484-24317-0000.flac,bonafide,0,librispeech,bonafide_libri_test-other,libri_5484,5484-24317-0000,libri_5484,16000,
data/external/LibriSpeech/test-other/5484/24317/5484-24317-0001.flac,bonafide,0,librispeech,bonafide_libri_test-other,libri_5484,5484-24317-0001,libri_5484,16000,
data/external/LibriSpeech/test-other/5484/24317/5484-24317-0002.flac,bonafide,0,librispeech,bonafide_libri_test-other,libri_5484,5484-24317-0002,libri_5484,16000,
data/external/LibriSpeech/test-other/5484/24317/5484-24317-0003.flac,bonafide,0,librispeech,bonafide_libri_test-other,libri_5484,5484-24317-0003,libri_5484,16000,
data/external/LibriSpeech/test-other/5484/24317/5484-24317-0004.flac,bonafide,0,librispeech,bonafide_libri_test-other,libri_5484,5484-24317-0004,libri_5484,16000,
data/external/LibriSpeech/test-other/5484/24317/5484-24317-0005.flac,bonafide,0,librispeech,bonafide_libri_test-other,libri_5484,5484-24317-0005,libri_5484,16000,
data/external/LibriSpeech/test-other/5484/24317/5484-24317-0006.flac,bonafide,0,librispeech,bonafide_libri_test-other,libri_5484,5484-24317-0006,libri_5484,16000,
data/external/LibriSpeech/test-other/5484/24317/5484-24317-0007.flac,bonafide,0,librispeech,bonafide_libri_test-other,libri_5484,5484-24317-0007,libri_5484,16000,
data/external/LibriSpeech/test-other/5484/24317/5484-24317-0008.flac,bonafide,0,librispeech,bonafide_libri_test-other,libri_5484,5484-24317-0008,libri_5484,16000,
data/external/LibriSpeech/test-other/5484/24317/5484-24317-0009.flac,bonafide,0,librispeech,bonafide_libri_test-other,libri_5484,5484-24317-0009,libri_5484,16000,
data/external/LibriSpeech/test-other/5484/24317/5484-24317-0010.flac,bonafide,0,librispeech,bonafide_libri_test-other,libri_5484,5484-24317-0010,libri_5484,16000,
data/external/LibriSpeech/test-other/5484/24317/5484-24317-0011.flac,bonafide,0,librispeech,bonafide_libri_test-other,libri_5484,5484-24317-0011,libri_5484,16000,
data/external/LibriSpeech/test-other/5484/24317/5484-24317-0012.flac,bonafide,0,librispeech,bonafide_libri_test-other,libri_5484,5484-24317-0012,libri_5484,16000,
data/external/LibriSpeech/test-other/5484/24317/5484-24317-0013.flac,bonafide,0,librispeech,bonafide_libri_test-other,libri_5484,5484-24317-0013,libri_5484,16000,
data/external/LibriSpeech/test-other/5484/24317/5484-24317-0014.flac,bonafide,0,librispeech,bonafide_libri_test-other,libri_5484,5484-24317-0014,libri_5484,16000,
data/external/LibriSpeech/test-other/5484/24317/5484-24317-0015.flac,bonafide,0,librispeech,bonafide_libri_test-other,libri_5484,5484-24317-0015,libri_5484,16000,
data/external/LibriSpeech/test-other/5484/24317/5484-24317-0016.flac,bonafide,0,librispeech,bonafide_libri_test-other,libri_5484,5484-24317-0016,libri_5484,16000,
data/external/LibriSpeech/test-other/5484/24317/5484-24317-0017.flac,bonafide,0,librispeech,bonafide_libri_test-other,libri_5484,5484-24317-0017,libri_5484,16000,
data/external/LibriSpeech/test-other/5484/24317/5484-24317-0018.flac,bonafide,0,librispeech,bonafide_libri_test-other,libri_5484,5484-24317-0018,libri_5484,16000,
data/external/LibriSpeech/test-other/5484/24317/5484-24317-0019.flac,bonafide,0,librispeech,bonafide_libri_test-other,libri_5484,5484-24317-0019,libri_5484,16000,
data/external/LibriSpeech/test-other/5484/24317/5484-24317-0020.flac,bonafide,0,librispeech,bonafide_libri_test-other,libri_5484,5484-24317-0020,libri_5484,16000,
data/external/LibriSpeech/test-other/5484/24317/5484-24317-0021.flac,bonafide,0,librispeech,bonafide_libri_test-other,libri_5484,5484-24317-0021,libri_5484,16000,
data/external/LibriSpeech/test-other/5484/24317/5484-24317-0022.flac,bonafide,0,librispeech,bonafide_libri_test-other,libri_5484,5484-24317-0022,libri_5484,16000,
data/external/LibriSpeech/test-other/5484/24317/5484-24317-0023.flac,bonafide,0,librispeech,bonafide_libri_test-other,libri_5484,5484-24317-0023,libri_5484,16000,
data/external/LibriSpeech/test-other/5484/24317/5484-24317-0024.flac,bonafide,0,librispeech,bonafide_libri_test-other,libri_5484,5484-24317-0024,libri_5484,16000,
data/external/LibriSpeech/test-other/5484/24317/5484-24317-0025.flac,bonafide,0,librispeech,bonafide_libri_test-other,libri_5484,5484-24317-0025,libri_5484,16000,
data/external/LibriSpeech/test-other/5484/24317/5484-24317-0026.flac,bonafide,0,librispeech,bonafide_libri_test-other,libri_5484,5484-24317-0026,libri_5484,16000,
data/external/LibriSpeech/test-other/5484/24317/5484-24317-0027.flac,bonafide,0,librispeech,bonafide_libri_test-other,libri_5484,5484-24317-0027,libri_5484,16000,
data/external/LibriSpeech/test-other/5484/24317/5484-24317-0028.flac,bonafide,0,librispeech,bonafide_libri_test-other,libri_5484,5484-24317-0028,libri_5484,16000,
data/external/LibriSpeech/test-other/5484/24317/5484-24317-0029.flac,bonafide,0,librispeech,bonafide_libri_test-other,libri_5484,5484-24317-0029,libri_5484,16000,
data/external/LibriSpeech/test-other/5484/24317/5484-24317-0030.flac,bonafide,0,librispeech,bonafide_libri_test-other,libri_5484,5484-24317-0030,libri_5484,16000,
data/external/LibriSpeech/test-other/5484/24317/5484-24317-0031.flac,bonafide,0,librispeech,bonafide_libri_test-other,libri_5484,5484-24317-0031,libri_5484,16000,
data/external/LibriSpeech/test-other/5484/24317/5484-24317-0032.flac,bonafide,0,librispeech,bonafide_libri_test-other,libri_5484,5484-24317-0032,libri_5484,16000,
data/external/LibriSpeech/test-other/5484/24317/5484-24317-0033.flac,bonafide,0,librispeech,bonafide_libri_test-other,libri_5484,5484-24317-0033,libri_5484,16000,
data/external/LibriSpeech/test-other/5484/24318/5484-24318-0000.flac,bonafide,0,librispeech,bonafide_libri_test-other,libri_5484,5484-24318-0000,libri_5484,16000,
data/external/LibriSpeech/test-other/5484/24318/5484-24318-0001.flac,bonafide,0,librispeech,bonafide_libri_test-other,libri_5484,5484-24318-0001,libri_5484,16000,
data/external/LibriSpeech/test-other/5484/24318/5484-24318-0002.flac,bonafide,0,librispeech,bonafide_libri_test-other,libri_5484,5484-24318-0002,libri_5484,16000,
data/external/LibriSpeech/test-other/5484/24318/5484-24318-0003.flac,bonafide,0,librispeech,bonafide_libri_test-other,libri_5484,5484-24318-0003,libri_5484,16000,
data/external/LibriSpeech/test-other/5484/24318/5484-24318-0004.flac,bonafide,0,librispeech,bonafide_libri_test-other,libri_5484,5484-24318-0004,libri_5484,16000,
data/external/LibriSpeech/test-other/5484/24318/5484-24318-0005.flac,bonafide,0,librispeech,bonafide_libri_test-other,libri_5484,5484-24318-0005,libri_5484,16000,
data/external/LibriSpeech/test-other/5484/24318/5484-24318-0006.flac,bonafide,0,librispeech,bonafide_libri_test-other,libri_5484,5484-24318-0006,libri_5484,16000,
data/external/LibriSpeech/test-other/5484/24318/5484-24318-0007.flac,bonafide,0,librispeech,bonafide_libri_test-other,libri_5484,5484-24318-0007,libri_5484,16000,
data/external/LibriSpeech/test-other/5484/24318/5484-24318-0008.flac,bonafide,0,librispeech,bonafide_libri_test-other,libri_5484,5484-24318-0008,libri_5484,16000,
data/external/LibriSpeech/test-other/5484/24318/5484-24318-0009.flac,bonafide,0,librispeech,bonafide_libri_test-other,libri_5484,5484-24318-0009,libri_5484,16000,
data/external/LibriSpeech/test-other/5484/24318/5484-24318-0010.flac,bonafide,0,librispeech,bonafide_libri_test-other,libri_5484,5484-24318-0010,libri_5484,16000,
data/external/LibriSpeech/test-other/5484/24318/5484-24318-0011.flac,bonafide,0,librispeech,bonafide_libri_test-other,libri_5484,5484-24318-0011,libri_5484,16000,
data/external/LibriSpeech/test-other/5484/24318/5484-24318-0012.flac,bonafide,0,librispeech,bonafide_libri_test-other,libri_5484,5484-24318-0012,libri_5484,16000,
data/external/LibriSpeech/test-other/5484/24318/5484-24318-0013.flac,bonafide,0,librispeech,bonafide_libri_test-other,libri_5484,5484-24318-0013,libri_5484,16000,
data/external/LibriSpeech/test-other/5484/24318/5484-24318-0014.flac,bonafide,0,librispeech,bonafide_libri_test-other,libri_5484,5484-24318-0014,libri_5484,16000,
data/external/LibriSpeech/test-other/5484/24318/5484-24318-0015.flac,bonafide,0,librispeech,bonafide_libri_test-other,libri_5484,5484-24318-0015,libri_5484,16000,
data/external/LibriSpeech/test-other/5484/24318/5484-24318-0016.flac,bonafide,0,librispeech,bonafide_libri_test-other,libri_5484,5484-24318-0016,libri_5484,16000,
data/external/LibriSpeech/test-other/5484/24318/5484-24318-0017.flac,bonafide,0,librispeech,bonafide_libri_test-other,libri_5484,5484-24318-0017,libri_5484,16000,
data/external/LibriSpeech/test-other/5484/24318/5484-24318-0018.flac,bonafide,0,librispeech,bonafide_libri_test-other,libri_5484,5484-24318-0018,libri_5484,16000,
data/external/LibriSpeech/test-other/5484/24318/5484-24318-0019.flac,bonafide,0,librispeech,bonafide_libri_test-other,libri_5484,5484-24318-0019,libri_5484,16000,
data/external/LibriSpeech/test-other/5484/24318/5484-24318-0020.flac,bonafide,0,librispeech,bonafide_libri_test-other,libri_5484,5484-24318-0020,libri_5484,16000,
data/external/LibriSpeech/test-other/5484/24318/5484-24318-0021.flac,bonafide,0,librispeech,bonafide_libri_test-other,libri_5484,5484-24318-0021,libri_5484,16000,
data/external/LibriSpeech/test-other/5484/24318/5484-24318-0022.flac,bonafide,0,librispeech,bonafide_libri_test-other,libri_5484,5484-24318-0022,libri_5484,16000,
data/external/LibriSpeech/test-other/5484/24318/5484-24318-0023.flac,bonafide,0,librispeech,bonafide_libri_test-other,libri_5484,5484-24318-0023,libri_5484,16000,
data/external/LibriSpeech/test-other/5484/24318/5484-24318-0024.flac,bonafide,0,librispeech,bonafide_libri_test-other,libri_5484,5484-24318-0024,libri_5484,16000,
data/external/LibriSpeech/test-other/5484/24318/5484-24318-0025.flac,bonafide,0,librispeech,bonafide_libri_test-other,libri_5484,5484-24318-0025,libri_5484,16000,
data/external/LibriSpeech/test-other/5484/24318/5484-24318-0026.flac,bonafide,0,librispeech,bonafide_libri_test-other,libri_5484,5484-24318-0026,libri_5484,16000,
data/external/LibriSpeech/test-other/5484/24318/5484-24318-0027.flac,bonafide,0,librispeech,bonafide_libri_test-other,libri_5484,5484-24318-0027,libri_5484,16000,
data/external/LibriSpeech/test-other/5484/24318/5484-24318-0028.flac,bonafide,0,librispeech,bonafide_libri_test-other,libri_5484,5484-24318-0028,libri_5484,16000,
data/external/LibriSpeech/test-other/5484/24318/5484-24318-0029.flac,bonafide,0,librispeech,bonafide_libri_test-other,libri_5484,5484-24318-0029,libri_5484,16000,
data/external/LibriSpeech/test-other/5484/24318/5484-24318-0030.flac,bonafide,0,librispeech,bonafide_libri_test-other,libri_5484,5484-24318-0030,libri_5484,16000,
data/external/LibriSpeech/test-other/5484/24318/5484-24318-0031.flac,bonafide,0,librispeech,bonafide_libri_test-other,libri_5484,5484-24318-0031,libri_5484,16000,
data/external/LibriSpeech/test-other/5484/24318/5484-24318-0032.flac,bonafide,0,librispeech,bonafide_libri_test-other,libri_5484,5484-24318-0032,libri_5484,16000,
data/external/LibriSpeech/test-other/5484/24318/5484-24318-0033.flac,bonafide,0,librispeech,bonafide_libri_test-other,libri_5484,5484-24318-0033,libri_5484,16000,
data/external/LibriSpeech/test-other/5484/24318/5484-24318-0034.flac,bonafide,0,librispeech,bonafide_libri_test-other,libri_5484,5484-24318-0034,libri_5484,16000,
data/external/LibriSpeech/test-other/5484/24318/5484-24318-0035.flac,bonafide,0,librispeech,bonafide_libri_test-other,libri_5484,5484-24318-0035,libri_5484,16000,
data/external/LibriSpeech/test-other/5484/24318/5484-24318-0036.flac,bonafide,0,librispeech,bonafide_libri_test-other,libri_5484,5484-24318-0036,libri_5484,16000,
data/external/LibriSpeech/test-other/5484/24318/5484-24318-0037.flac,bonafide,0,librispeech,bonafide_libri_test-other,libri_5484,5484-24318-0037,libri_5484,16000,
data/external/LibriSpeech/test-other/5764/299665/5764-299665-0000.flac,bonafide,0,librispeech,bonafide_libri_test-other,libri_5764,5764-299665-0000,libri_5764,16000,
data/external/LibriSpeech/test-other/5764/299665/5764-299665-0001.flac,bonafide,0,librispeech,bonafide_libri_test-other,libri_5764,5764-299665-0001,libri_5764,16000,
data/external/LibriSpeech/test-other/5764/299665/5764-299665-0002.flac,bonafide,0,librispeech,bonafide_libri_test-other,libri_5764,5764-299665-0002,libri_5764,16000,
data/external/LibriSpeech/test-other/5764/299665/5764-299665-0003.flac,bonafide,0,librispeech,bonafide_libri_test-other,libri_5764,5764-299665-0003,libri_5764,16000,
data/external/LibriSpeech/test-other/5764/299665/5764-299665-0004.flac,bonafide,0,librispeech,bonafide_libri_test-other,libri_5764,5764-299665-0004,libri_5764,16000,
data/external/LibriSpeech/test-other/5764/299665/5764-299665-0005.flac,bonafide,0,librispeech,bonafide_libri_test-other,libri_5764,5764-299665-0005,libri_5764,16000,
data/external/LibriSpeech/test-other/5764/299665/5764-299665-0006.flac,bonafide,0,librispeech,bonafide_libri_test-other,libri_5764,5764-299665-0006,libri_5764,16000,
data/external/LibriSpeech/test-other/5764/299665/5764-299665-0007.flac,bonafide,0,librispeech,bonafide_libri_test-other,libri_5764,5764-299665-0007,libri_5764,16000,
data/external/LibriSpeech/test-other/5764/299665/5764-299665-0008.flac,bonafide,0,librispeech,bonafide_libri_test-other,libri_5764,5764-299665-0008,libri_5764,16000,
data/external/LibriSpeech/test-other/5764/299665/5764-299665-0009.flac,bonafide,0,librispeech,bonafide_libri_test-other,libri_5764,5764-299665-0009,libri_5764,16000,
data/external/LibriSpeech/test-other/5764/299665/5764-299665-0010.flac,bonafide,0,librispeech,bonafide_libri_test-other,libri_5764,5764-299665-0010,libri_5764,16000,
data/external/LibriSpeech/test-other/5764/299665/5764-299665-0011.flac,bonafide,0,librispeech,bonafide_libri_test-other,libri_5764,5764-299665-0011,libri_5764,16000,
data/external/LibriSpeech/test-other/5764/299665/5764-299665-0012.flac,bonafide,0,librispeech,bonafide_libri_test-other,libri_5764,5764-299665-0012,libri_5764,16000,
data/external/LibriSpeech/test-other/5764/299665/5764-299665-0013.flac,bonafide,0,librispeech,bonafide_libri_test-other,libri_5764,5764-299665-0013,libri_5764,16000,
data/external/LibriSpeech/test-other/5764/299665/5764-299665-0014.flac,bonafide,0,librispeech,bonafide_libri_test-other,libri_5764,5764-299665-0014,libri_5764,16000,
data/external/LibriSpeech/test-other/5764/299665/5764-299665-0015.flac,bonafide,0,librispeech,bonafide_libri_test-other,libri_5764,5764-299665-0015,libri_5764,16000,
data/external/LibriSpeech/test-other/5764/299665/5764-299665-0016.flac,bonafide,0,librispeech,bonafide_libri_test-other,libri_5764,5764-299665-0016,libri_5764,16000,
data/external/LibriSpeech/test-other/5764/299665/5764-299665-0017.flac,bonafide,0,librispeech,bonafide_libri_test-other,libri_5764,5764-299665-0017,libri_5764,16000,
data/external/LibriSpeech/test-other/5764/299665/5764-299665-0018.flac,bonafide,0,librispeech,bonafide_libri_test-other,libri_5764,5764-299665-0018,libri_5764,16000,
data/external/LibriSpeech/test-other/5764/299665/5764-299665-0019.flac,bonafide,0,librispeech,bonafide_libri_test-other,libri_5764,5764-299665-0019,libri_5764,16000,
data/external/LibriSpeech/test-other/5764/299665/5764-299665-0020.flac,bonafide,0,librispeech,bonafide_libri_test-other,libri_5764,5764-299665-0020,libri_5764,16000,
data/external/LibriSpeech/test-other/5764/299665/5764-299665-0021.flac,bonafide,0,librispeech,bonafide_libri_test-other,libri_5764,5764-299665-0021,libri_5764,16000,
data/external/LibriSpeech/test-other/5764/299665/5764-299665-0022.flac,bonafide,0,librispeech,bonafide_libri_test-other,libri_5764,5764-299665-0022,libri_5764,16000,
data/external/LibriSpeech/test-other/5764/299665/5764-299665-0023.flac,bonafide,0,librispeech,bonafide_libri_test-other,libri_5764,5764-299665-0023,libri_5764,16000,
data/external/LibriSpeech/test-other/5764/299665/5764-299665-0024.flac,bonafide,0,librispeech,bonafide_libri_test-other,libri_5764,5764-299665-0024,libri_5764,16000,
data/external/LibriSpeech/test-other/5764/299665/5764-299665-0025.flac,bonafide,0,librispeech,bonafide_libri_test-other,libri_5764,5764-299665-0025,libri_5764,16000,
data/external/LibriSpeech/test-other/5764/299665/5764-299665-0026.flac,bonafide,0,librispeech,bonafide_libri_test-other,libri_5764,5764-299665-0026,libri_5764,16000,
data/external/LibriSpeech/test-other/5764/299665/5764-299665-0027.flac,bonafide,0,librispeech,bonafide_libri_test-other,libri_5764,5764-299665-0027,libri_5764,16000,
data/external/LibriSpeech/test-other/5764/299665/5764-299665-0028.flac,bonafide,0,librispeech,bonafide_libri_test-other,libri_5764,5764-299665-0028,libri_5764,16000,
data/external/LibriSpeech/test-other/5764/299665/5764-299665-0029.flac,bonafide,0,librispeech,bonafide_libri_test-other,libri_5764,5764-299665-0029,libri_5764,16000,
data/external/LibriSpeech/test-other/5764/299665/5764-299665-0030.flac,bonafide,0,librispeech,bonafide_libri_test-other,libri_5764,5764-299665-0030,libri_5764,16000,
data/external/LibriSpeech/test-other/5764/299665/5764-299665-0031.flac,bonafide,0,librispeech,bonafide_libri_test-other,libri_5764,5764-299665-0031,libri_5764,16000,
data/external/LibriSpeech/test-other/5764/299665/5764-299665-0032.flac,bonafide,0,librispeech,bonafide_libri_test-other,libri_5764,5764-299665-0032,libri_5764,16000,
data/external/LibriSpeech/test-other/5764/299665/5764-299665-0033.flac,bonafide,0,librispeech,bonafide_libri_test-other,libri_5764,5764-299665-0033,libri_5764,16000,
data/external/LibriSpeech/test-other/5764/299665/5764-299665-0034.flac,bonafide,0,librispeech,bonafide_libri_test-other,libri_5764,5764-299665-0034,libri_5764,16000,
data/external/LibriSpeech/test-other/5764/299665/5764-299665-0035.flac,bonafide,0,librispeech,bonafide_libri_test-other,libri_5764,5764-299665-0035,libri_5764,16000,
data/external/LibriSpeech/test-other/5764/299665/5764-299665-0036.flac,bonafide,0,librispeech,bonafide_libri_test-other,libri_5764,5764-299665-0036,libri_5764,16000,
data/external/LibriSpeech/test-other/5764/299665/5764-299665-0037.flac,bonafide,0,librispeech,bonafide_libri_test-other,libri_5764,5764-299665-0037,libri_5764,16000,
data/external/LibriSpeech/test-other/5764/299665/5764-299665-0038.flac,bonafide,0,librispeech,bonafide_libri_test-other,libri_5764,5764-299665-0038,libri_5764,16000,
data/external/LibriSpeech/test-other/5764/299665/5764-299665-0039.flac,bonafide,0,librispeech,bonafide_libri_test-other,libri_5764,5764-299665-0039,libri_5764,16000,
data/external/LibriSpeech/test-other/5764/299665/5764-299665-0040.flac,bonafide,0,librispeech,bonafide_libri_test-other,libri_5764,5764-299665-0040,libri_5764,16000,
data/external/LibriSpeech/test-other/5764/299665/5764-299665-0041.flac,bonafide,0,librispeech,bonafide_libri_test-other,libri_5764,5764-299665-0041,libri_5764,16000,
data/external/LibriSpeech/test-other/5764/299665/5764-299665-0042.flac,bonafide,0,librispeech,bonafide_libri_test-other,libri_5764,5764-299665-0042,libri_5764,16000,
data/external/LibriSpeech/test-other/5764/299665/5764-299665-0043.flac,bonafide,0,librispeech,bonafide_libri_test-other,libri_5764,5764-299665-0043,libri_5764,16000,
data/external/LibriSpeech/test-other/5764/299665/5764-299665-0044.flac,bonafide,0,librispeech,bonafide_libri_test-other,libri_5764,5764-299665-0044,libri_5764,16000,
data/external/LibriSpeech/test-other/5764/299665/5764-299665-0045.flac,bonafide,0,librispeech,bonafide_libri_test-other,libri_5764,5764-299665-0045,libri_5764,16000,
data/external/LibriSpeech/test-other/5764/299665/5764-299665-0046.flac,bonafide,0,librispeech,bonafide_libri_test-other,libri_5764,5764-299665-0046,libri_5764,16000,
data/external/LibriSpeech/test-other/5764/299665/5764-299665-0047.flac,bonafide,0,librispeech,bonafide_libri_test-other,libri_5764,5764-299665-0047,libri_5764,16000,
data/external/LibriSpeech/test-other/5764/299665/5764-299665-0048.flac,bonafide,0,librispeech,bonafide_libri_test-other,libri_5764,5764-299665-0048,libri_5764,16000,
data/external/LibriSpeech/test-other/5764/299665/5764-299665-0049.flac,bonafide,0,librispeech,bonafide_libri_test-other,libri_5764,5764-299665-0049,libri_5764,16000,
data/external/LibriSpeech/test-other/5764/299665/5764-299665-0050.flac,bonafide,0,librispeech,bonafide_libri_test-other,libri_5764,5764-299665-0050,libri_5764,16000,
data/external/LibriSpeech/test-other/5764/299665/5764-299665-0051.flac,bonafide,0,librispeech,bonafide_libri_test-other,libri_5764,5764-299665-0051,libri_5764,16000,
data/external/LibriSpeech/test-other/5764/299665/5764-299665-0052.flac,bonafide,0,librispeech,bonafide_libri_test-other,libri_5764,5764-299665-0052,libri_5764,16000,
data/external/LibriSpeech/test-other/5764/299665/5764-299665-0053.flac,bonafide,0,librispeech,bonafide_libri_test-other,libri_5764,5764-299665-0053,libri_5764,16000,
data/external/LibriSpeech/test-other/5764/299665/5764-299665-0054.flac,bonafide,0,librispeech,bonafide_libri_test-other,libri_5764,5764-299665-0054,libri_5764,16000,
data/external/LibriSpeech/test-other/5764/299665/5764-299665-0055.flac,bonafide,0,librispeech,bonafide_libri_test-other,libri_5764,5764-299665-0055,libri_5764,16000,
data/external/LibriSpeech/test-other/5764/299665/5764-299665-0056.flac,bonafide,0,librispeech,bonafide_libri_test-other,libri_5764,5764-299665-0056,libri_5764,16000,
data/external/LibriSpeech/test-other/5764/299665/5764-299665-0057.flac,bonafide,0,librispeech,bonafide_libri_test-other,libri_5764,5764-299665-0057,libri_5764,16000,
data/external/LibriSpeech/test-other/5764/299665/5764-299665-0058.flac,bonafide,0,librispeech,bonafide_libri_test-other,libri_5764,5764-299665-0058,libri_5764,16000,
data/external/LibriSpeech/test-other/5764/299665/5764-299665-0059.flac,bonafide,0,librispeech,bonafide_libri_test-other,libri_5764,5764-299665-0059,libri_5764,16000,
data/external/LibriSpeech/test-other/5764/299665/5764-299665-0060.flac,bonafide,0,librispeech,bonafide_libri_test-other,libri_5764,5764-299665-0060,libri_5764,16000,
data/external/LibriSpeech/test-other/5764/299665/5764-299665-0061.flac,bonafide,0,librispeech,bonafide_libri_test-other,libri_5764,5764-299665-0061,libri_5764,16000,
data/external/LibriSpeech/test-other/5764/299665/5764-299665-0062.flac,bonafide,0,librispeech,bonafide_libri_test-other,libri_5764,5764-299665-0062,libri_5764,16000,
data/external/LibriSpeech/test-other/5764/299665/5764-299665-0063.flac,bonafide,0,librispeech,bonafide_libri_test-other,libri_5764,5764-299665-0063,libri_5764,16000,
data/external/LibriSpeech/test-other/5764/299665/5764-299665-0064.flac,bonafide,0,librispeech,bonafide_libri_test-other,libri_5764,5764-299665-0064,libri_5764,16000,
data/external/LibriSpeech/test-other/5764/299665/5764-299665-0065.flac,bonafide,0,librispeech,bonafide_libri_test-other,libri_5764,5764-299665-0065,libri_5764,16000,
data/external/LibriSpeech/test-other/5764/299665/5764-299665-0066.flac,bonafide,0,librispeech,bonafide_libri_test-other,libri_5764,5764-299665-0066,libri_5764,16000,
data/external/LibriSpeech/test-other/5764/299665/5764-299665-0067.flac,bonafide,0,librispeech,bonafide_libri_test-other,libri_5764,5764-299665-0067,libri_5764,16000,
data/external/LibriSpeech/test-other/5764/299665/5764-299665-0068.flac,bonafide,0,librispeech,bonafide_libri_test-other,libri_5764,5764-299665-0068,libri_5764,16000,
data/external/LibriSpeech/test-other/5764/299665/5764-299665-0069.flac,bonafide,0,librispeech,bonafide_libri_test-other,libri_5764,5764-299665-0069,libri_5764,16000,
data/external/LibriSpeech/test-other/5764/299665/5764-299665-0070.flac,bonafide,0,librispeech,bonafide_libri_test-other,libri_5764,5764-299665-0070,libri_5764,16000,
data/external/LibriSpeech/test-other/5764/299665/5764-299665-0071.flac,bonafide,0,librispeech,bonafide_libri_test-other,libri_5764,5764-299665-0071,libri_5764,16000,
data/external/LibriSpeech/test-other/5764/299665/5764-299665-0072.flac,bonafide,0,librispeech,bonafide_libri_test-other,libri_5764,5764-299665-0072,libri_5764,16000,
data/external/LibriSpeech/test-other/5764/299665/5764-299665-0073.flac,bonafide,0,librispeech,bonafide_libri_test-other,libri_5764,5764-299665-0073,libri_5764,16000,
data/external/LibriSpeech/test-other/5764/299665/5764-299665-0074.flac,bonafide,0,librispeech,bonafide_libri_test-other,libri_5764,5764-299665-0074,libri_5764,16000,
data/external/LibriSpeech/test-other/5764/299665/5764-299665-0075.flac,bonafide,0,librispeech,bonafide_libri_test-other,libri_5764,5764-299665-0075,libri_5764,16000,
data/external/LibriSpeech/test-other/5764/299665/5764-299665-0076.flac,bonafide,0,librispeech,bonafide_libri_test-other,libri_5764,5764-299665-0076,libri_5764,16000,
data/external/LibriSpeech/test-other/5764/299665/5764-299665-0077.flac,bonafide,0,librispeech,bonafide_libri_test-other,libri_5764,5764-299665-0077,libri_5764,16000,
data/external/LibriSpeech/test-other/5764/299665/5764-299665-0078.flac,bonafide,0,librispeech,bonafide_libri_test-other,libri_5764,5764-299665-0078,libri_5764,16000,
data/external/LibriSpeech/test-other/5764/299665/5764-299665-0079.flac,bonafide,0,librispeech,bonafide_libri_test-other,libri_5764,5764-299665-0079,libri_5764,16000,
data/external/LibriSpeech/test-other/5764/299665/5764-299665-0080.flac,bonafide,0,librispeech,bonafide_libri_test-other,libri_5764,5764-299665-0080,libri_5764,16000,
data/external/LibriSpeech/test-other/5764/299665/5764-299665-0081.flac,bonafide,0,librispeech,bonafide_libri_test-other,libri_5764,5764-299665-0081,libri_5764,16000,
data/external/LibriSpeech/test-other/5764/299665/5764-299665-0082.flac,bonafide,0,librispeech,bonafide_libri_test-other,libri_5764,5764-299665-0082,libri_5764,16000,
data/external/LibriSpeech/test-other/5764/299665/5764-299665-0083.flac,bonafide,0,librispeech,bonafide_libri_test-other,libri_5764,5764-299665-0083,libri_5764,16000,
data/external/LibriSpeech/test-other/5764/299665/5764-299665-0084.flac,bonafide,0,librispeech,bonafide_libri_test-other,libri_5764,5764-299665-0084,libri_5764,16000,
data/external/LibriSpeech/test-other/5764/299665/5764-299665-0085.flac,bonafide,0,librispeech,bonafide_libri_test-other,libri_5764,5764-299665-0085,libri_5764,16000,
data/external/LibriSpeech/test-other/5764/299665/5764-299665-0086.flac,bonafide,0,librispeech,bonafide_libri_test-other,libri_5764,5764-299665-0086,libri_5764,16000,
data/external/LibriSpeech/test-other/5764/299665/5764-299665-0087.flac,bonafide,0,librispeech,bonafide_libri_test-other,libri_5764,5764-299665-0087,libri_5764,16000,
data/external/LibriSpeech/test-other/5764/299665/5764-299665-0088.flac,bonafide,0,librispeech,bonafide_libri_test-other,libri_5764,5764-299665-0088,libri_5764,16000,
data/external/LibriSpeech/test-other/5764/299665/5764-299665-0089.flac,bonafide,0,librispeech,bonafide_libri_test-other,libri_5764,5764-299665-0089,libri_5764,16000,
data/external/LibriSpeech/test-other/5764/299665/5764-299665-0090.flac,bonafide,0,librispeech,bonafide_libri_test-other,libri_5764,5764-299665-0090,libri_5764,16000,
data/external/LibriSpeech/test-other/5764/299665/5764-299665-0091.flac,bonafide,0,librispeech,bonafide_libri_test-other,libri_5764,5764-299665-0091,libri_5764,16000,
data/external/LibriSpeech/test-other/5764/299665/5764-299665-0092.flac,bonafide,0,librispeech,bonafide_libri_test-other,libri_5764,5764-299665-0092,libri_5764,16000,
data/external/LibriSpeech/test-other/5764/299665/5764-299665-0093.flac,bonafide,0,librispeech,bonafide_libri_test-other,libri_5764,5764-299665-0093,libri_5764,16000,
data/external/LibriSpeech/test-other/5764/299665/5764-299665-0094.flac,bonafide,0,librispeech,bonafide_libri_test-other,libri_5764,5764-299665-0094,libri_5764,16000,
data/external/LibriSpeech/test-other/5764/299665/5764-299665-0095.flac,bonafide,0,librispeech,bonafide_libri_test-other,libri_5764,5764-299665-0095,libri_5764,16000,
data/external/LibriSpeech/test-other/5764/299665/5764-299665-0096.flac,bonafide,0,librispeech,bonafide_libri_test-other,libri_5764,5764-299665-0096,libri_5764,16000,
data/external/LibriSpeech/test-other/5764/299665/5764-299665-0097.flac,bonafide,0,librispeech,bonafide_libri_test-other,libri_5764,5764-299665-0097,libri_5764,16000,
data/external/LibriSpeech/test-other/6070/63485/6070-63485-0000.flac,bonafide,0,librispeech,bonafide_libri_test-other,libri_6070,6070-63485-0000,libri_6070,16000,
data/external/LibriSpeech/test-other/6070/63485/6070-63485-0001.flac,bonafide,0,librispeech,bonafide_libri_test-other,libri_6070,6070-63485-0001,libri_6070,16000,
data/external/LibriSpeech/test-other/6070/63485/6070-63485-0002.flac,bonafide,0,librispeech,bonafide_libri_test-other,libri_6070,6070-63485-0002,libri_6070,16000,
data/external/LibriSpeech/test-other/6070/63485/6070-63485-0003.flac,bonafide,0,librispeech,bonafide_libri_test-other,libri_6070,6070-63485-0003,libri_6070,16000,
data/external/LibriSpeech/test-other/6070/63485/6070-63485-0004.flac,bonafide,0,librispeech,bonafide_libri_test-other,libri_6070,6070-63485-0004,libri_6070,16000,
data/external/LibriSpeech/test-other/6070/63485/6070-63485-0005.flac,bonafide,0,librispeech,bonafide_libri_test-other,libri_6070,6070-63485-0005,libri_6070,16000,
data/external/LibriSpeech/test-other/6070/63485/6070-63485-0006.flac,bonafide,0,librispeech,bonafide_libri_test-other,libri_6070,6070-63485-0006,libri_6070,16000,
data/external/LibriSpeech/test-other/6070/63485/6070-63485-0007.flac,bonafide,0,librispeech,bonafide_libri_test-other,libri_6070,6070-63485-0007,libri_6070,16000,
data/external/LibriSpeech/test-other/6070/63485/6070-63485-0008.flac,bonafide,0,librispeech,bonafide_libri_test-other,libri_6070,6070-63485-0008,libri_6070,16000,
data/external/LibriSpeech/test-other/6070/63485/6070-63485-0009.flac,bonafide,0,librispeech,bonafide_libri_test-other,libri_6070,6070-63485-0009,libri_6070,16000,
data/external/LibriSpeech/test-other/6070/63485/6070-63485-0010.flac,bonafide,0,librispeech,bonafide_libri_test-other,libri_6070,6070-63485-0010,libri_6070,16000,
data/external/LibriSpeech/test-other/6070/63485/6070-63485-0011.flac,bonafide,0,librispeech,bonafide_libri_test-other,libri_6070,6070-63485-0011,libri_6070,16000,
data/external/LibriSpeech/test-other/6070/63485/6070-63485-0012.flac,bonafide,0,librispeech,bonafide_libri_test-other,libri_6070,6070-63485-0012,libri_6070,16000,
data/external/LibriSpeech/test-other/6070/63485/6070-63485-0013.flac,bonafide,0,librispeech,bonafide_libri_test-other,libri_6070,6070-63485-0013,libri_6070,16000,
data/external/LibriSpeech/test-other/6070/63485/6070-63485-0014.flac,bonafide,0,librispeech,bonafide_libri_test-other,libri_6070,6070-63485-0014,libri_6070,16000,
data/external/LibriSpeech/test-other/6070/63485/6070-63485-0015.flac,bonafide,0,librispeech,bonafide_libri_test-other,libri_6070,6070-63485-0015,libri_6070,16000,
data/external/LibriSpeech/test-other/6070/63485/6070-63485-0016.flac,bonafide,0,librispeech,bonafide_libri_test-other,libri_6070,6070-63485-0016,libri_6070,16000,
data/external/LibriSpeech/test-other/6070/63485/6070-63485-0017.flac,bonafide,0,librispeech,bonafide_libri_test-other,libri_6070,6070-63485-0017,libri_6070,16000,
data/external/LibriSpeech/test-other/6070/63485/6070-63485-0018.flac,bonafide,0,librispeech,bonafide_libri_test-other,libri_6070,6070-63485-0018,libri_6070,16000,
data/external/LibriSpeech/test-other/6070/86744/6070-86744-0000.flac,bonafide,0,librispeech,bonafide_libri_test-other,libri_6070,6070-86744-0000,libri_6070,16000,
data/external/LibriSpeech/test-other/6070/86744/6070-86744-0001.flac,bonafide,0,librispeech,bonafide_libri_test-other,libri_6070,6070-86744-0001,libri_6070,16000,
data/external/LibriSpeech/test-other/6070/86744/6070-86744-0002.flac,bonafide,0,librispeech,bonafide_libri_test-other,libri_6070,6070-86744-0002,libri_6070,16000,
data/external/LibriSpeech/test-other/6070/86744/6070-86744-0003.flac,bonafide,0,librispeech,bonafide_libri_test-other,libri_6070,6070-86744-0003,libri_6070,16000,
data/external/LibriSpeech/test-other/6070/86744/6070-86744-0004.flac,bonafide,0,librispeech,bonafide_libri_test-other,libri_6070,6070-86744-0004,libri_6070,16000,
data/external/LibriSpeech/test-other/6070/86744/6070-86744-0005.flac,bonafide,0,librispeech,bonafide_libri_test-other,libri_6070,6070-86744-0005,libri_6070,16000,
data/external/LibriSpeech/test-other/6070/86744/6070-86744-0006.flac,bonafide,0,librispeech,bonafide_libri_test-other,libri_6070,6070-86744-0006,libri_6070,16000,
data/external/LibriSpeech/test-other/6070/86744/6070-86744-0007.flac,bonafide,0,librispeech,bonafide_libri_test-other,libri_6070,6070-86744-0007,libri_6070,16000,
data/external/LibriSpeech/test-other/6070/86744/6070-86744-0008.flac,bonafide,0,librispeech,bonafide_libri_test-other,libri_6070,6070-86744-0008,libri_6070,16000,
data/external/LibriSpeech/test-other/6070/86744/6070-86744-0009.flac,bonafide,0,librispeech,bonafide_libri_test-other,libri_6070,6070-86744-0009,libri_6070,16000,
data/external/LibriSpeech/test-other/6070/86744/6070-86744-0010.flac,bonafide,0,librispeech,bonafide_libri_test-other,libri_6070,6070-86744-0010,libri_6070,16000,
data/external/LibriSpeech/test-other/6070/86744/6070-86744-0011.flac,bonafide,0,librispeech,bonafide_libri_test-other,libri_6070,6070-86744-0011,libri_6070,16000,
data/external/LibriSpeech/test-other/6070/86744/6070-86744-0012.flac,bonafide,0,librispeech,bonafide_libri_test-other,libri_6070,6070-86744-0012,libri_6070,16000,
data/external/LibriSpeech/test-other/6070/86744/6070-86744-0013.flac,bonafide,0,librispeech,bonafide_libri_test-other,libri_6070,6070-86744-0013,libri_6070,16000,
data/external/LibriSpeech/test-other/6070/86744/6070-86744-0014.flac,bonafide,0,librispeech,bonafide_libri_test-other,libri_6070,6070-86744-0014,libri_6070,16000,
data/external/LibriSpeech/test-other/6070/86744/6070-86744-0015.flac,bonafide,0,librispeech,bonafide_libri_test-other,libri_6070,6070-86744-0015,libri_6070,16000,
data/external/LibriSpeech/test-other/6070/86744/6070-86744-0016.flac,bonafide,0,librispeech,bonafide_libri_test-other,libri_6070,6070-86744-0016,libri_6070,16000,
data/external/LibriSpeech/test-other/6070/86744/6070-86744-0017.flac,bonafide,0,librispeech,bonafide_libri_test-other,libri_6070,6070-86744-0017,libri_6070,16000,
data/external/LibriSpeech/test-other/6070/86744/6070-86744-0018.flac,bonafide,0,librispeech,bonafide_libri_test-other,libri_6070,6070-86744-0018,libri_6070,16000,
data/external/LibriSpeech/test-other/6070/86744/6070-86744-0019.flac,bonafide,0,librispeech,bonafide_libri_test-other,libri_6070,6070-86744-0019,libri_6070,16000,
data/external/LibriSpeech/test-other/6070/86744/6070-86744-0020.flac,bonafide,0,librispeech,bonafide_libri_test-other,libri_6070,6070-86744-0020,libri_6070,16000,
data/external/LibriSpeech/test-other/6070/86744/6070-86744-0021.flac,bonafide,0,librispeech,bonafide_libri_test-other,libri_6070,6070-86744-0021,libri_6070,16000,
data/external/LibriSpeech/test-other/6070/86744/6070-86744-0022.flac,bonafide,0,librispeech,bonafide_libri_test-other,libri_6070,6070-86744-0022,libri_6070,16000,
data/external/LibriSpeech/test-other/6070/86744/6070-86744-0023.flac,bonafide,0,librispeech,bonafide_libri_test-other,libri_6070,6070-86744-0023,libri_6070,16000,
data/external/LibriSpeech/test-other/6070/86744/6070-86744-0024.flac,bonafide,0,librispeech,bonafide_libri_test-other,libri_6070,6070-86744-0024,libri_6070,16000,
data/external/LibriSpeech/test-other/6070/86744/6070-86744-0025.flac,bonafide,0,librispeech,bonafide_libri_test-other,libri_6070,6070-86744-0025,libri_6070,16000,
data/external/LibriSpeech/test-other/6070/86744/6070-86744-0026.flac,bonafide,0,librispeech,bonafide_libri_test-other,libri_6070,6070-86744-0026,libri_6070,16000,
data/external/LibriSpeech/test-other/6070/86744/6070-86744-0027.flac,bonafide,0,librispeech,bonafide_libri_test-other,libri_6070,6070-86744-0027,libri_6070,16000,
data/external/LibriSpeech/test-other/6070/86744/6070-86744-0028.flac,bonafide,0,librispeech,bonafide_libri_test-other,libri_6070,6070-86744-0028,libri_6070,16000,
data/external/LibriSpeech/test-other/6070/86744/6070-86744-0029.flac,bonafide,0,librispeech,bonafide_libri_test-other,libri_6070,6070-86744-0029,libri_6070,16000,
data/external/LibriSpeech/test-other/6070/86745/6070-86745-0000.flac,bonafide,0,librispeech,bonafide_libri_test-other,libri_6070,6070-86745-0000,libri_6070,16000,
data/external/LibriSpeech/test-other/6070/86745/6070-86745-0001.flac,bonafide,0,librispeech,bonafide_libri_test-other,libri_6070,6070-86745-0001,libri_6070,16000,
data/external/LibriSpeech/test-other/6070/86745/6070-86745-0002.flac,bonafide,0,librispeech,bonafide_libri_test-other,libri_6070,6070-86745-0002,libri_6070,16000,
data/external/LibriSpeech/test-other/6070/86745/6070-86745-0003.flac,bonafide,0,librispeech,bonafide_libri_test-other,libri_6070,6070-86745-0003,libri_6070,16000,
data/external/LibriSpeech/test-other/6070/86745/6070-86745-0004.flac,bonafide,0,librispeech,bonafide_libri_test-other,libri_6070,6070-86745-0004,libri_6070,16000,
data/external/LibriSpeech/test-other/6070/86745/6070-86745-0005.flac,bonafide,0,librispeech,bonafide_libri_test-other,libri_6070,6070-86745-0005,libri_6070,16000,
data/external/LibriSpeech/test-other/6070/86745/6070-86745-0006.flac,bonafide,0,librispeech,bonafide_libri_test-other,libri_6070,6070-86745-0006,libri_6070,16000,
data/external/LibriSpeech/test-other/6070/86745/6070-86745-0007.flac,bonafide,0,librispeech,bonafide_libri_test-other,libri_6070,6070-86745-0007,libri_6070,16000,
data/external/LibriSpeech/test-other/6070/86745/6070-86745-0008.flac,bonafide,0,librispeech,bonafide_libri_test-other,libri_6070,6070-86745-0008,libri_6070,16000,
data/external/LibriSpeech/test-other/6070/86745/6070-86745-0009.flac,bonafide,0,librispeech,bonafide_libri_test-other,libri_6070,6070-86745-0009,libri_6070,16000,
data/external/LibriSpeech/test-other/6070/86745/6070-86745-0010.flac,bonafide,0,librispeech,bonafide_libri_test-other,libri_6070,6070-86745-0010,libri_6070,16000,
data/external/LibriSpeech/test-other/6070/86745/6070-86745-0011.flac,bonafide,0,librispeech,bonafide_libri_test-other,libri_6070,6070-86745-0011,libri_6070,16000,
data/external/LibriSpeech/test-other/6070/86745/6070-86745-0012.flac,bonafide,0,librispeech,bonafide_libri_test-other,libri_6070,6070-86745-0012,libri_6070,16000,
data/external/LibriSpeech/test-other/6070/86745/6070-86745-0013.flac,bonafide,0,librispeech,bonafide_libri_test-other,libri_6070,6070-86745-0013,libri_6070,16000,
data/external/LibriSpeech/test-other/6070/86745/6070-86745-0014.flac,bonafide,0,librispeech,bonafide_libri_test-other,libri_6070,6070-86745-0014,libri_6070,16000,
data/external/LibriSpeech/test-other/6070/86745/6070-86745-0015.flac,bonafide,0,librispeech,bonafide_libri_test-other,libri_6070,6070-86745-0015,libri_6070,16000,
data/external/LibriSpeech/test-other/6070/86745/6070-86745-0016.flac,bonafide,0,librispeech,bonafide_libri_test-other,libri_6070,6070-86745-0016,libri_6070,16000,
data/external/LibriSpeech/test-other/6070/86745/6070-86745-0017.flac,bonafide,0,librispeech,bonafide_libri_test-other,libri_6070,6070-86745-0017,libri_6070,16000,
data/external/LibriSpeech/test-other/6070/86745/6070-86745-0018.flac,bonafide,0,librispeech,bonafide_libri_test-other,libri_6070,6070-86745-0018,libri_6070,16000,
data/external/LibriSpeech/test-other/6070/86745/6070-86745-0019.flac,bonafide,0,librispeech,bonafide_libri_test-other,libri_6070,6070-86745-0019,libri_6070,16000,
data/external/LibriSpeech/test-other/6128/63240/6128-63240-0000.flac,bonafide,0,librispeech,bonafide_libri_test-other,libri_6128,6128-63240-0000,libri_6128,16000,
data/external/LibriSpeech/test-other/6128/63240/6128-63240-0001.flac,bonafide,0,librispeech,bonafide_libri_test-other,libri_6128,6128-63240-0001,libri_6128,16000,
data/external/LibriSpeech/test-other/6128/63240/6128-63240-0002.flac,bonafide,0,librispeech,bonafide_libri_test-other,libri_6128,6128-63240-0002,libri_6128,16000,
data/external/LibriSpeech/test-other/6128/63240/6128-63240-0003.flac,bonafide,0,librispeech,bonafide_libri_test-other,libri_6128,6128-63240-0003,libri_6128,16000,
data/external/LibriSpeech/test-other/6128/63240/6128-63240-0004.flac,bonafide,0,librispeech,bonafide_libri_test-other,libri_6128,6128-63240-0004,libri_6128,16000,
data/external/LibriSpeech/test-other/6128/63240/6128-63240-0005.flac,bonafide,0,librispeech,bonafide_libri_test-other,libri_6128,6128-63240-0005,libri_6128,16000,
data/external/LibriSpeech/test-other/6128/63240/6128-63240-0006.flac,bonafide,0,librispeech,bonafide_libri_test-other,libri_6128,6128-63240-0006,libri_6128,16000,
data/external/LibriSpeech/test-other/6128/63240/6128-63240-0007.flac,bonafide,0,librispeech,bonafide_libri_test-other,libri_6128,6128-63240-0007,libri_6128,16000,
data/external/LibriSpeech/test-other/6128/63240/6128-63240-0008.flac,bonafide,0,librispeech,bonafide_libri_test-other,libri_6128,6128-63240-0008,libri_6128,16000,
data/external/LibriSpeech/test-other/6128/63240/6128-63240-0009.flac,bonafide,0,librispeech,bonafide_libri_test-other,libri_6128,6128-63240-0009,libri_6128,16000,
data/external/LibriSpeech/test-other/6128/63240/6128-63240-0010.flac,bonafide,0,librispeech,bonafide_libri_test-other,libri_6128,6128-63240-0010,libri_6128,16000,
data/external/LibriSpeech/test-other/6128/63240/6128-63240-0011.flac,bonafide,0,librispeech,bonafide_libri_test-other,libri_6128,6128-63240-0011,libri_6128,16000,
data/external/LibriSpeech/test-other/6128/63240/6128-63240-0012.flac,bonafide,0,librispeech,bonafide_libri_test-other,libri_6128,6128-63240-0012,libri_6128,16000,
data/external/LibriSpeech/test-other/6128/63240/6128-63240-0013.flac,bonafide,0,librispeech,bonafide_libri_test-other,libri_6128,6128-63240-0013,libri_6128,16000,
data/external/LibriSpeech/test-other/6128/63240/6128-63240-0014.flac,bonafide,0,librispeech,bonafide_libri_test-other,libri_6128,6128-63240-0014,libri_6128,16000,
data/external/LibriSpeech/test-other/6128/63240/6128-63240-0015.flac,bonafide,0,librispeech,bonafide_libri_test-other,libri_6128,6128-63240-0015,libri_6128,16000,
data/external/LibriSpeech/test-other/6128/63240/6128-63240-0016.flac,bonafide,0,librispeech,bonafide_libri_test-other,libri_6128,6128-63240-0016,libri_6128,16000,
data/external/LibriSpeech/test-other/6128/63240/6128-63240-0017.flac,bonafide,0,librispeech,bonafide_libri_test-other,libri_6128,6128-63240-0017,libri_6128,16000,
data/external/LibriSpeech/test-other/6128/63240/6128-63240-0018.flac,bonafide,0,librispeech,bonafide_libri_test-other,libri_6128,6128-63240-0018,libri_6128,16000,
data/external/LibriSpeech/test-other/6128/63240/6128-63240-0019.flac,bonafide,0,librispeech,bonafide_libri_test-other,libri_6128,6128-63240-0019,libri_6128,16000,
data/external/LibriSpeech/test-other/6128/63240/6128-63240-0020.flac,bonafide,0,librispeech,bonafide_libri_test-other,libri_6128,6128-63240-0020,libri_6128,16000,
data/external/LibriSpeech/test-other/6128/63240/6128-63240-0021.flac,bonafide,0,librispeech,bonafide_libri_test-other,libri_6128,6128-63240-0021,libri_6128,16000,
data/external/LibriSpeech/test-other/6128/63240/6128-63240-0022.flac,bonafide,0,librispeech,bonafide_libri_test-other,libri_6128,6128-63240-0022,libri_6128,16000,
data/external/LibriSpeech/test-other/6128/63240/6128-63240-0023.flac,bonafide,0,librispeech,bonafide_libri_test-other,libri_6128,6128-63240-0023,libri_6128,16000,
data/external/LibriSpeech/test-other/6128/63240/6128-63240-0024.flac,bonafide,0,librispeech,bonafide_libri_test-other,libri_6128,6128-63240-0024,libri_6128,16000,
data/external/LibriSpeech/test-other/6128/63240/6128-63240-0025.flac,bonafide,0,librispeech,bonafide_libri_test-other,libri_6128,6128-63240-0025,libri_6128,16000,
data/external/LibriSpeech/test-other/6128/63240/6128-63240-0026.flac,bonafide,0,librispeech,bonafide_libri_test-other,libri_6128,6128-63240-0026,libri_6128,16000,
data/external/LibriSpeech/test-other/6128/63240/6128-63240-0027.flac,bonafide,0,librispeech,bonafide_libri_test-other,libri_6128,6128-63240-0027,libri_6128,16000,
data/external/LibriSpeech/test-other/6128/63241/6128-63241-0000.flac,bonafide,0,librispeech,bonafide_libri_test-other,libri_6128,6128-63241-0000,libri_6128,16000,
data/external/LibriSpeech/test-other/6128/63241/6128-63241-0001.flac,bonafide,0,librispeech,bonafide_libri_test-other,libri_6128,6128-63241-0001,libri_6128,16000,
data/external/LibriSpeech/test-other/6128/63241/6128-63241-0002.flac,bonafide,0,librispeech,bonafide_libri_test-other,libri_6128,6128-63241-0002,libri_6128,16000,
data/external/LibriSpeech/test-other/6128/63241/6128-63241-0003.flac,bonafide,0,librispeech,bonafide_libri_test-other,libri_6128,6128-63241-0003,libri_6128,16000,
data/external/LibriSpeech/test-other/6128/63241/6128-63241-0004.flac,bonafide,0,librispeech,bonafide_libri_test-other,libri_6128,6128-63241-0004,libri_6128,16000,
data/external/LibriSpeech/test-other/6128/63241/6128-63241-0005.flac,bonafide,0,librispeech,bonafide_libri_test-other,libri_6128,6128-63241-0005,libri_6128,16000,
data/external/LibriSpeech/test-other/6128/63241/6128-63241-0006.flac,bonafide,0,librispeech,bonafide_libri_test-other,libri_6128,6128-63241-0006,libri_6128,16000,
data/external/LibriSpeech/test-other/6128/63241/6128-63241-0007.flac,bonafide,0,librispeech,bonafide_libri_test-other,libri_6128,6128-63241-0007,libri_6128,16000,
data/external/LibriSpeech/test-other/6128/63241/6128-63241-0008.flac,bonafide,0,librispeech,bonafide_libri_test-other,libri_6128,6128-63241-0008,libri_6128,16000,
data/external/LibriSpeech/test-other/6128/63241/6128-63241-0009.flac,bonafide,0,librispeech,bonafide_libri_test-other,libri_6128,6128-63241-0009,libri_6128,16000,
data/external/LibriSpeech/test-other/6128/63241/6128-63241-0010.flac,bonafide,0,librispeech,bonafide_libri_test-other,libri_6128,6128-63241-0010,libri_6128,16000,
data/external/LibriSpeech/test-other/6128/63241/6128-63241-0011.flac,bonafide,0,librispeech,bonafide_libri_test-other,libri_6128,6128-63241-0011,libri_6128,16000,
data/external/LibriSpeech/test-other/6128/63241/6128-63241-0012.flac,bonafide,0,librispeech,bonafide_libri_test-other,libri_6128,6128-63241-0012,libri_6128,16000,
data/external/LibriSpeech/test-other/6128/63241/6128-63241-0013.flac,bonafide,0,librispeech,bonafide_libri_test-other,libri_6128,6128-63241-0013,libri_6128,16000,
data/external/LibriSpeech/test-other/6128/63244/6128-63244-0000.flac,bonafide,0,librispeech,bonafide_libri_test-other,libri_6128,6128-63244-0000,libri_6128,16000,
data/external/LibriSpeech/test-other/6128/63244/6128-63244-0001.flac,bonafide,0,librispeech,bonafide_libri_test-other,libri_6128,6128-63244-0001,libri_6128,16000,
data/external/LibriSpeech/test-other/6128/63244/6128-63244-0002.flac,bonafide,0,librispeech,bonafide_libri_test-other,libri_6128,6128-63244-0002,libri_6128,16000,
data/external/LibriSpeech/test-other/6128/63244/6128-63244-0003.flac,bonafide,0,librispeech,bonafide_libri_test-other,libri_6128,6128-63244-0003,libri_6128,16000,
data/external/LibriSpeech/test-other/6128/63244/6128-63244-0004.flac,bonafide,0,librispeech,bonafide_libri_test-other,libri_6128,6128-63244-0004,libri_6128,16000,
data/external/LibriSpeech/test-other/6128/63244/6128-63244-0005.flac,bonafide,0,librispeech,bonafide_libri_test-other,libri_6128,6128-63244-0005,libri_6128,16000,
data/external/LibriSpeech/test-other/6128/63244/6128-63244-0006.flac,bonafide,0,librispeech,bonafide_libri_test-other,libri_6128,6128-63244-0006,libri_6128,16000,
data/external/LibriSpeech/test-other/6128/63244/6128-63244-0007.flac,bonafide,0,librispeech,bonafide_libri_test-other,libri_6128,6128-63244-0007,libri_6128,16000,
data/external/LibriSpeech/test-other/6128/63244/6128-63244-0008.flac,bonafide,0,librispeech,bonafide_libri_test-other,libri_6128,6128-63244-0008,libri_6128,16000,
data/external/LibriSpeech/test-other/6128/63244/6128-63244-0009.flac,bonafide,0,librispeech,bonafide_libri_test-other,libri_6128,6128-63244-0009,libri_6128,16000,
data/external/LibriSpeech/test-other/6128/63244/6128-63244-0010.flac,bonafide,0,librispeech,bonafide_libri_test-other,libri_6128,6128-63244-0010,libri_6128,16000,
data/external/LibriSpeech/test-other/6128/63244/6128-63244-0011.flac,bonafide,0,librispeech,bonafide_libri_test-other,libri_6128,6128-63244-0011,libri_6128,16000,
data/external/LibriSpeech/test-other/6128/63244/6128-63244-0012.flac,bonafide,0,librispeech,bonafide_libri_test-other,libri_6128,6128-63244-0012,libri_6128,16000,
data/external/LibriSpeech/test-other/6128/63244/6128-63244-0013.flac,bonafide,0,librispeech,bonafide_libri_test-other,libri_6128,6128-63244-0013,libri_6128,16000,
data/external/LibriSpeech/test-other/6128/63244/6128-63244-0014.flac,bonafide,0,librispeech,bonafide_libri_test-other,libri_6128,6128-63244-0014,libri_6128,16000,
data/external/LibriSpeech/test-other/6128/63244/6128-63244-0015.flac,bonafide,0,librispeech,bonafide_libri_test-other,libri_6128,6128-63244-0015,libri_6128,16000,
data/external/LibriSpeech/test-other/6128/63244/6128-63244-0016.flac,bonafide,0,librispeech,bonafide_libri_test-other,libri_6128,6128-63244-0016,libri_6128,16000,
data/external/LibriSpeech/test-other/6128/63244/6128-63244-0017.flac,bonafide,0,librispeech,bonafide_libri_test-other,libri_6128,6128-63244-0017,libri_6128,16000,
data/external/LibriSpeech/test-other/6128/63244/6128-63244-0018.flac,bonafide,0,librispeech,bonafide_libri_test-other,libri_6128,6128-63244-0018,libri_6128,16000,
data/external/LibriSpeech/test-other/6128/63244/6128-63244-0019.flac,bonafide,0,librispeech,bonafide_libri_test-other,libri_6128,6128-63244-0019,libri_6128,16000,
data/external/LibriSpeech/test-other/6128/63244/6128-63244-0020.flac,bonafide,0,librispeech,bonafide_libri_test-other,libri_6128,6128-63244-0020,libri_6128,16000,
data/external/LibriSpeech/test-other/6128/63244/6128-63244-0021.flac,bonafide,0,librispeech,bonafide_libri_test-other,libri_6128,6128-63244-0021,libri_6128,16000,
data/external/LibriSpeech/test-other/6128/63244/6128-63244-0022.flac,bonafide,0,librispeech,bonafide_libri_test-other,libri_6128,6128-63244-0022,libri_6128,16000,
data/external/LibriSpeech/test-other/6128/63244/6128-63244-0023.flac,bonafide,0,librispeech,bonafide_libri_test-other,libri_6128,6128-63244-0023,libri_6128,16000,
data/external/LibriSpeech/test-other/6128/63244/6128-63244-0024.flac,bonafide,0,librispeech,bonafide_libri_test-other,libri_6128,6128-63244-0024,libri_6128,16000,
data/external/LibriSpeech/test-other/6128/63244/6128-63244-0025.flac,bonafide,0,librispeech,bonafide_libri_test-other,libri_6128,6128-63244-0025,libri_6128,16000,
data/external/LibriSpeech/test-other/6432/63722/6432-63722-0000.flac,bonafide,0,librispeech,bonafide_libri_test-other,libri_6432,6432-63722-0000,libri_6432,16000,
data/external/LibriSpeech/test-other/6432/63722/6432-63722-0001.flac,bonafide,0,librispeech,bonafide_libri_test-other,libri_6432,6432-63722-0001,libri_6432,16000,
data/external/LibriSpeech/test-other/6432/63722/6432-63722-0002.flac,bonafide,0,librispeech,bonafide_libri_test-other,libri_6432,6432-63722-0002,libri_6432,16000,
data/external/LibriSpeech/test-other/6432/63722/6432-63722-0003.flac,bonafide,0,librispeech,bonafide_libri_test-other,libri_6432,6432-63722-0003,libri_6432,16000,
data/external/LibriSpeech/test-other/6432/63722/6432-63722-0004.flac,bonafide,0,librispeech,bonafide_libri_test-other,libri_6432,6432-63722-0004,libri_6432,16000,
data/external/LibriSpeech/test-other/6432/63722/6432-63722-0005.flac,bonafide,0,librispeech,bonafide_libri_test-other,libri_6432,6432-63722-0005,libri_6432,16000,
data/external/LibriSpeech/test-other/6432/63722/6432-63722-0006.flac,bonafide,0,librispeech,bonafide_libri_test-other,libri_6432,6432-63722-0006,libri_6432,16000,
data/external/LibriSpeech/test-other/6432/63722/6432-63722-0007.flac,bonafide,0,librispeech,bonafide_libri_test-other,libri_6432,6432-63722-0007,libri_6432,16000,
data/external/LibriSpeech/test-other/6432/63722/6432-63722-0008.flac,bonafide,0,librispeech,bonafide_libri_test-other,libri_6432,6432-63722-0008,libri_6432,16000,
data/external/LibriSpeech/test-other/6432/63722/6432-63722-0009.flac,bonafide,0,librispeech,bonafide_libri_test-other,libri_6432,6432-63722-0009,libri_6432,16000,
data/external/LibriSpeech/test-other/6432/63722/6432-63722-0010.flac,bonafide,0,librispeech,bonafide_libri_test-other,libri_6432,6432-63722-0010,libri_6432,16000,
data/external/LibriSpeech/test-other/6432/63722/6432-63722-0011.flac,bonafide,0,librispeech,bonafide_libri_test-other,libri_6432,6432-63722-0011,libri_6432,16000,
data/external/LibriSpeech/test-other/6432/63722/6432-63722-0012.flac,bonafide,0,librispeech,bonafide_libri_test-other,libri_6432,6432-63722-0012,libri_6432,16000,
data/external/LibriSpeech/test-other/6432/63722/6432-63722-0013.flac,bonafide,0,librispeech,bonafide_libri_test-other,libri_6432,6432-63722-0013,libri_6432,16000,
data/external/LibriSpeech/test-other/6432/63722/6432-63722-0014.flac,bonafide,0,librispeech,bonafide_libri_test-other,libri_6432,6432-63722-0014,libri_6432,16000,
data/external/LibriSpeech/test-other/6432/63722/6432-63722-0015.flac,bonafide,0,librispeech,bonafide_libri_test-other,libri_6432,6432-63722-0015,libri_6432,16000,
data/external/LibriSpeech/test-other/6432/63722/6432-63722-0016.flac,bonafide,0,librispeech,bonafide_libri_test-other,libri_6432,6432-63722-0016,libri_6432,16000,
data/external/LibriSpeech/test-other/6432/63722/6432-63722-0017.flac,bonafide,0,librispeech,bonafide_libri_test-other,libri_6432,6432-63722-0017,libri_6432,16000,
data/external/LibriSpeech/test-other/6432/63722/6432-63722-0018.flac,bonafide,0,librispeech,bonafide_libri_test-other,libri_6432,6432-63722-0018,libri_6432,16000,
data/external/LibriSpeech/test-other/6432/63722/6432-63722-0019.flac,bonafide,0,librispeech,bonafide_libri_test-other,libri_6432,6432-63722-0019,libri_6432,16000,
data/external/LibriSpeech/test-other/6432/63722/6432-63722-0020.flac,bonafide,0,librispeech,bonafide_libri_test-other,libri_6432,6432-63722-0020,libri_6432,16000,
data/external/LibriSpeech/test-other/6432/63722/6432-63722-0021.flac,bonafide,0,librispeech,bonafide_libri_test-other,libri_6432,6432-63722-0021,libri_6432,16000,
data/external/LibriSpeech/test-other/6432/63722/6432-63722-0022.flac,bonafide,0,librispeech,bonafide_libri_test-other,libri_6432,6432-63722-0022,libri_6432,16000,
data/external/LibriSpeech/test-other/6432/63722/6432-63722-0023.flac,bonafide,0,librispeech,bonafide_libri_test-other,libri_6432,6432-63722-0023,libri_6432,16000,
data/external/LibriSpeech/test-other/6432/63722/6432-63722-0024.flac,bonafide,0,librispeech,bonafide_libri_test-other,libri_6432,6432-63722-0024,libri_6432,16000,
data/external/LibriSpeech/test-other/6432/63722/6432-63722-0025.flac,bonafide,0,librispeech,bonafide_libri_test-other,libri_6432,6432-63722-0025,libri_6432,16000,
data/external/LibriSpeech/test-other/6432/63722/6432-63722-0026.flac,bonafide,0,librispeech,bonafide_libri_test-other,libri_6432,6432-63722-0026,libri_6432,16000,
data/external/LibriSpeech/test-other/6432/63722/6432-63722-0027.flac,bonafide,0,librispeech,bonafide_libri_test-other,libri_6432,6432-63722-0027,libri_6432,16000,
data/external/LibriSpeech/test-other/6432/63722/6432-63722-0028.flac,bonafide,0,librispeech,bonafide_libri_test-other,libri_6432,6432-63722-0028,libri_6432,16000,
data/external/LibriSpeech/test-other/6432/63722/6432-63722-0029.flac,bonafide,0,librispeech,bonafide_libri_test-other,libri_6432,6432-63722-0029,libri_6432,16000,
data/external/LibriSpeech/test-other/6432/63722/6432-63722-0030.flac,bonafide,0,librispeech,bonafide_libri_test-other,libri_6432,6432-63722-0030,libri_6432,16000,
data/external/LibriSpeech/test-other/6432/63722/6432-63722-0031.flac,bonafide,0,librispeech,bonafide_libri_test-other,libri_6432,6432-63722-0031,libri_6432,16000,
data/external/LibriSpeech/test-other/6432/63722/6432-63722-0032.flac,bonafide,0,librispeech,bonafide_libri_test-other,libri_6432,6432-63722-0032,libri_6432,16000,
data/external/LibriSpeech/test-other/6432/63722/6432-63722-0033.flac,bonafide,0,librispeech,bonafide_libri_test-other,libri_6432,6432-63722-0033,libri_6432,16000,
data/external/LibriSpeech/test-other/6432/63722/6432-63722-0034.flac,bonafide,0,librispeech,bonafide_libri_test-other,libri_6432,6432-63722-0034,libri_6432,16000,
data/external/LibriSpeech/test-other/6432/63722/6432-63722-0035.flac,bonafide,0,librispeech,bonafide_libri_test-other,libri_6432,6432-63722-0035,libri_6432,16000,
data/external/LibriSpeech/test-other/6432/63722/6432-63722-0036.flac,bonafide,0,librispeech,bonafide_libri_test-other,libri_6432,6432-63722-0036,libri_6432,16000,
data/external/LibriSpeech/test-other/6432/63722/6432-63722-0037.flac,bonafide,0,librispeech,bonafide_libri_test-other,libri_6432,6432-63722-0037,libri_6432,16000,
data/external/LibriSpeech/test-other/6432/63722/6432-63722-0038.flac,bonafide,0,librispeech,bonafide_libri_test-other,libri_6432,6432-63722-0038,libri_6432,16000,
data/external/LibriSpeech/test-other/6432/63722/6432-63722-0039.flac,bonafide,0,librispeech,bonafide_libri_test-other,libri_6432,6432-63722-0039,libri_6432,16000,
data/external/LibriSpeech/test-other/6432/63722/6432-63722-0040.flac,bonafide,0,librispeech,bonafide_libri_test-other,libri_6432,6432-63722-0040,libri_6432,16000,
data/external/LibriSpeech/test-other/6432/63722/6432-63722-0041.flac,bonafide,0,librispeech,bonafide_libri_test-other,libri_6432,6432-63722-0041,libri_6432,16000,
data/external/LibriSpeech/test-other/6432/63722/6432-63722-0042.flac,bonafide,0,librispeech,bonafide_libri_test-other,libri_6432,6432-63722-0042,libri_6432,16000,
data/external/LibriSpeech/test-other/6432/63722/6432-63722-0043.flac,bonafide,0,librispeech,bonafide_libri_test-other,libri_6432,6432-63722-0043,libri_6432,16000,
data/external/LibriSpeech/test-other/6432/63722/6432-63722-0044.flac,bonafide,0,librispeech,bonafide_libri_test-other,libri_6432,6432-63722-0044,libri_6432,16000,
data/external/LibriSpeech/test-other/6432/63722/6432-63722-0045.flac,bonafide,0,librispeech,bonafide_libri_test-other,libri_6432,6432-63722-0045,libri_6432,16000,
data/external/LibriSpeech/test-other/6432/63722/6432-63722-0046.flac,bonafide,0,librispeech,bonafide_libri_test-other,libri_6432,6432-63722-0046,libri_6432,16000,
data/external/LibriSpeech/test-other/6432/63722/6432-63722-0047.flac,bonafide,0,librispeech,bonafide_libri_test-other,libri_6432,6432-63722-0047,libri_6432,16000,
data/external/LibriSpeech/test-other/6432/63722/6432-63722-0048.flac,bonafide,0,librispeech,bonafide_libri_test-other,libri_6432,6432-63722-0048,libri_6432,16000,
data/external/LibriSpeech/test-other/6432/63722/6432-63722-0049.flac,bonafide,0,librispeech,bonafide_libri_test-other,libri_6432,6432-63722-0049,libri_6432,16000,
data/external/LibriSpeech/test-other/6432/63722/6432-63722-0050.flac,bonafide,0,librispeech,bonafide_libri_test-other,libri_6432,6432-63722-0050,libri_6432,16000,
data/external/LibriSpeech/test-other/6432/63722/6432-63722-0051.flac,bonafide,0,librispeech,bonafide_libri_test-other,libri_6432,6432-63722-0051,libri_6432,16000,
data/external/LibriSpeech/test-other/6432/63722/6432-63722-0052.flac,bonafide,0,librispeech,bonafide_libri_test-other,libri_6432,6432-63722-0052,libri_6432,16000,
data/external/LibriSpeech/test-other/6432/63722/6432-63722-0053.flac,bonafide,0,librispeech,bonafide_libri_test-other,libri_6432,6432-63722-0053,libri_6432,16000,
data/external/LibriSpeech/test-other/6432/63722/6432-63722-0054.flac,bonafide,0,librispeech,bonafide_libri_test-other,libri_6432,6432-63722-0054,libri_6432,16000,
data/external/LibriSpeech/test-other/6432/63722/6432-63722-0055.flac,bonafide,0,librispeech,bonafide_libri_test-other,libri_6432,6432-63722-0055,libri_6432,16000,
data/external/LibriSpeech/test-other/6432/63722/6432-63722-0056.flac,bonafide,0,librispeech,bonafide_libri_test-other,libri_6432,6432-63722-0056,libri_6432,16000,
data/external/LibriSpeech/test-other/6432/63722/6432-63722-0057.flac,bonafide,0,librispeech,bonafide_libri_test-other,libri_6432,6432-63722-0057,libri_6432,16000,
data/external/LibriSpeech/test-other/6432/63722/6432-63722-0058.flac,bonafide,0,librispeech,bonafide_libri_test-other,libri_6432,6432-63722-0058,libri_6432,16000,
data/external/LibriSpeech/test-other/6432/63722/6432-63722-0059.flac,bonafide,0,librispeech,bonafide_libri_test-other,libri_6432,6432-63722-0059,libri_6432,16000,
data/external/LibriSpeech/test-other/6432/63723/6432-63723-0000.flac,bonafide,0,librispeech,bonafide_libri_test-other,libri_6432,6432-63723-0000,libri_6432,16000,
data/external/LibriSpeech/test-other/6432/63723/6432-63723-0001.flac,bonafide,0,librispeech,bonafide_libri_test-other,libri_6432,6432-63723-0001,libri_6432,16000,
data/external/LibriSpeech/test-other/6432/63723/6432-63723-0002.flac,bonafide,0,librispeech,bonafide_libri_test-other,libri_6432,6432-63723-0002,libri_6432,16000,
data/external/LibriSpeech/test-other/6432/63723/6432-63723-0003.flac,bonafide,0,librispeech,bonafide_libri_test-other,libri_6432,6432-63723-0003,libri_6432,16000,
data/external/LibriSpeech/test-other/6432/63723/6432-63723-0004.flac,bonafide,0,librispeech,bonafide_libri_test-other,libri_6432,6432-63723-0004,libri_6432,16000,
data/external/LibriSpeech/test-other/6432/63723/6432-63723-0005.flac,bonafide,0,librispeech,bonafide_libri_test-other,libri_6432,6432-63723-0005,libri_6432,16000,
data/external/LibriSpeech/test-other/6432/63723/6432-63723-0006.flac,bonafide,0,librispeech,bonafide_libri_test-other,libri_6432,6432-63723-0006,libri_6432,16000,
data/external/LibriSpeech/test-other/6432/63723/6432-63723-0007.flac,bonafide,0,librispeech,bonafide_libri_test-other,libri_6432,6432-63723-0007,libri_6432,16000,
data/external/LibriSpeech/test-other/6432/63723/6432-63723-0008.flac,bonafide,0,librispeech,bonafide_libri_test-other,libri_6432,6432-63723-0008,libri_6432,16000,
data/external/LibriSpeech/test-other/6432/63723/6432-63723-0009.flac,bonafide,0,librispeech,bonafide_libri_test-other,libri_6432,6432-63723-0009,libri_6432,16000,
data/external/LibriSpeech/test-other/6432/63723/6432-63723-0010.flac,bonafide,0,librispeech,bonafide_libri_test-other,libri_6432,6432-63723-0010,libri_6432,16000,
data/external/LibriSpeech/test-other/6432/63723/6432-63723-0011.flac,bonafide,0,librispeech,bonafide_libri_test-other,libri_6432,6432-63723-0011,libri_6432,16000,
data/external/LibriSpeech/test-other/6432/63723/6432-63723-0012.flac,bonafide,0,librispeech,bonafide_libri_test-other,libri_6432,6432-63723-0012,libri_6432,16000,
data/external/LibriSpeech/test-other/6432/63723/6432-63723-0013.flac,bonafide,0,librispeech,bonafide_libri_test-other,libri_6432,6432-63723-0013,libri_6432,16000,
data/external/LibriSpeech/test-other/6432/63723/6432-63723-0014.flac,bonafide,0,librispeech,bonafide_libri_test-other,libri_6432,6432-63723-0014,libri_6432,16000,
data/external/LibriSpeech/test-other/6432/63723/6432-63723-0015.flac,bonafide,0,librispeech,bonafide_libri_test-other,libri_6432,6432-63723-0015,libri_6432,16000,
data/external/LibriSpeech/test-other/6432/63723/6432-63723-0016.flac,bonafide,0,librispeech,bonafide_libri_test-other,libri_6432,6432-63723-0016,libri_6432,16000,
data/external/LibriSpeech/test-other/6432/63723/6432-63723-0017.flac,bonafide,0,librispeech,bonafide_libri_test-other,libri_6432,6432-63723-0017,libri_6432,16000,
data/external/LibriSpeech/test-other/6432/63723/6432-63723-0018.flac,bonafide,0,librispeech,bonafide_libri_test-other,libri_6432,6432-63723-0018,libri_6432,16000,
data/external/LibriSpeech/test-other/6432/63723/6432-63723-0019.flac,bonafide,0,librispeech,bonafide_libri_test-other,libri_6432,6432-63723-0019,libri_6432,16000,
data/external/LibriSpeech/test-other/6432/63723/6432-63723-0020.flac,bonafide,0,librispeech,bonafide_libri_test-other,libri_6432,6432-63723-0020,libri_6432,16000,
data/external/LibriSpeech/test-other/6432/63723/6432-63723-0021.flac,bonafide,0,librispeech,bonafide_libri_test-other,libri_6432,6432-63723-0021,libri_6432,16000,
data/external/LibriSpeech/test-other/6432/63723/6432-63723-0022.flac,bonafide,0,librispeech,bonafide_libri_test-other,libri_6432,6432-63723-0022,libri_6432,16000,
data/external/LibriSpeech/test-other/6432/63723/6432-63723-0023.flac,bonafide,0,librispeech,bonafide_libri_test-other,libri_6432,6432-63723-0023,libri_6432,16000,
data/external/LibriSpeech/test-other/6432/63723/6432-63723-0024.flac,bonafide,0,librispeech,bonafide_libri_test-other,libri_6432,6432-63723-0024,libri_6432,16000,
data/external/LibriSpeech/test-other/6432/63723/6432-63723-0025.flac,bonafide,0,librispeech,bonafide_libri_test-other,libri_6432,6432-63723-0025,libri_6432,16000,
data/external/LibriSpeech/test-other/6432/63723/6432-63723-0026.flac,bonafide,0,librispeech,bonafide_libri_test-other,libri_6432,6432-63723-0026,libri_6432,16000,
data/external/LibriSpeech/test-other/6432/63723/6432-63723-0027.flac,bonafide,0,librispeech,bonafide_libri_test-other,libri_6432,6432-63723-0027,libri_6432,16000,
data/external/LibriSpeech/test-other/6432/63723/6432-63723-0028.flac,bonafide,0,librispeech,bonafide_libri_test-other,libri_6432,6432-63723-0028,libri_6432,16000,
data/external/LibriSpeech/test-other/6432/63723/6432-63723-0029.flac,bonafide,0,librispeech,bonafide_libri_test-other,libri_6432,6432-63723-0029,libri_6432,16000,
data/external/LibriSpeech/test-other/6432/63723/6432-63723-0030.flac,bonafide,0,librispeech,bonafide_libri_test-other,libri_6432,6432-63723-0030,libri_6432,16000,
data/external/LibriSpeech/test-other/6432/63723/6432-63723-0031.flac,bonafide,0,librispeech,bonafide_libri_test-other,libri_6432,6432-63723-0031,libri_6432,16000,
data/external/LibriSpeech/test-other/6432/63723/6432-63723-0032.flac,bonafide,0,librispeech,bonafide_libri_test-other,libri_6432,6432-63723-0032,libri_6432,16000,
data/external/LibriSpeech/test-other/6432/63723/6432-63723-0033.flac,bonafide,0,librispeech,bonafide_libri_test-other,libri_6432,6432-63723-0033,libri_6432,16000,
data/external/LibriSpeech/test-other/6432/63723/6432-63723-0034.flac,bonafide,0,librispeech,bonafide_libri_test-other,libri_6432,6432-63723-0034,libri_6432,16000,
data/external/LibriSpeech/test-other/6432/63723/6432-63723-0035.flac,bonafide,0,librispeech,bonafide_libri_test-other,libri_6432,6432-63723-0035,libri_6432,16000,
data/external/LibriSpeech/test-other/6432/63723/6432-63723-0036.flac,bonafide,0,librispeech,bonafide_libri_test-other,libri_6432,6432-63723-0036,libri_6432,16000,
data/external/LibriSpeech/test-other/6432/63723/6432-63723-0037.flac,bonafide,0,librispeech,bonafide_libri_test-other,libri_6432,6432-63723-0037,libri_6432,16000,
data/external/LibriSpeech/test-other/6432/63723/6432-63723-0038.flac,bonafide,0,librispeech,bonafide_libri_test-other,libri_6432,6432-63723-0038,libri_6432,16000,
data/external/LibriSpeech/test-other/6432/63723/6432-63723-0039.flac,bonafide,0,librispeech,bonafide_libri_test-other,libri_6432,6432-63723-0039,libri_6432,16000,
data/external/LibriSpeech/test-other/6432/63723/6432-63723-0040.flac,bonafide,0,librispeech,bonafide_libri_test-other,libri_6432,6432-63723-0040,libri_6432,16000,
data/external/LibriSpeech/test-other/6432/63723/6432-63723-0041.flac,bonafide,0,librispeech,bonafide_libri_test-other,libri_6432,6432-63723-0041,libri_6432,16000,
data/external/LibriSpeech/test-other/6432/63723/6432-63723-0042.flac,bonafide,0,librispeech,bonafide_libri_test-other,libri_6432,6432-63723-0042,libri_6432,16000,
data/external/LibriSpeech/test-other/6432/63723/6432-63723-0043.flac,bonafide,0,librispeech,bonafide_libri_test-other,libri_6432,6432-63723-0043,libri_6432,16000,
data/external/LibriSpeech/test-other/6432/63723/6432-63723-0044.flac,bonafide,0,librispeech,bonafide_libri_test-other,libri_6432,6432-63723-0044,libri_6432,16000,
data/external/LibriSpeech/test-other/6432/63723/6432-63723-0045.flac,bonafide,0,librispeech,bonafide_libri_test-other,libri_6432,6432-63723-0045,libri_6432,16000,
data/external/LibriSpeech/test-other/6432/63723/6432-63723-0046.flac,bonafide,0,librispeech,bonafide_libri_test-other,libri_6432,6432-63723-0046,libri_6432,16000,
data/external/LibriSpeech/test-other/6432/63723/6432-63723-0047.flac,bonafide,0,librispeech,bonafide_libri_test-other,libri_6432,6432-63723-0047,libri_6432,16000,
data/external/LibriSpeech/test-other/6432/63723/6432-63723-0048.flac,bonafide,0,librispeech,bonafide_libri_test-other,libri_6432,6432-63723-0048,libri_6432,16000,
data/external/LibriSpeech/test-other/6432/63723/6432-63723-0049.flac,bonafide,0,librispeech,bonafide_libri_test-other,libri_6432,6432-63723-0049,libri_6432,16000,
data/external/LibriSpeech/test-other/6432/63723/6432-63723-0050.flac,bonafide,0,librispeech,bonafide_libri_test-other,libri_6432,6432-63723-0050,libri_6432,16000,
data/external/LibriSpeech/test-other/6432/63723/6432-63723-0051.flac,bonafide,0,librispeech,bonafide_libri_test-other,libri_6432,6432-63723-0051,libri_6432,16000,
data/external/LibriSpeech/test-other/6432/63723/6432-63723-0052.flac,bonafide,0,librispeech,bonafide_libri_test-other,libri_6432,6432-63723-0052,libri_6432,16000,
data/external/LibriSpeech/test-other/6432/63723/6432-63723-0053.flac,bonafide,0,librispeech,bonafide_libri_test-other,libri_6432,6432-63723-0053,libri_6432,16000,
data/external/LibriSpeech/test-other/6432/63723/6432-63723-0054.flac,bonafide,0,librispeech,bonafide_libri_test-other,libri_6432,6432-63723-0054,libri_6432,16000,
data/external/LibriSpeech/test-other/6432/63723/6432-63723-0055.flac,bonafide,0,librispeech,bonafide_libri_test-other,libri_6432,6432-63723-0055,libri_6432,16000,
data/external/LibriSpeech/test-other/6432/63723/6432-63723-0056.flac,bonafide,0,librispeech,bonafide_libri_test-other,libri_6432,6432-63723-0056,libri_6432,16000,
data/external/LibriSpeech/test-other/6432/63723/6432-63723-0057.flac,bonafide,0,librispeech,bonafide_libri_test-other,libri_6432,6432-63723-0057,libri_6432,16000,
data/external/LibriSpeech/test-other/6938/70848/6938-70848-0000.flac,bonafide,0,librispeech,bonafide_libri_test-other,libri_6938,6938-70848-0000,libri_6938,16000,
data/external/LibriSpeech/test-other/6938/70848/6938-70848-0001.flac,bonafide,0,librispeech,bonafide_libri_test-other,libri_6938,6938-70848-0001,libri_6938,16000,
data/external/LibriSpeech/test-other/6938/70848/6938-70848-0002.flac,bonafide,0,librispeech,bonafide_libri_test-other,libri_6938,6938-70848-0002,libri_6938,16000,
data/external/LibriSpeech/test-other/6938/70848/6938-70848-0003.flac,bonafide,0,librispeech,bonafide_libri_test-other,libri_6938,6938-70848-0003,libri_6938,16000,
data/external/LibriSpeech/test-other/6938/70848/6938-70848-0004.flac,bonafide,0,librispeech,bonafide_libri_test-other,libri_6938,6938-70848-0004,libri_6938,16000,
data/external/LibriSpeech/test-other/6938/70848/6938-70848-0005.flac,bonafide,0,librispeech,bonafide_libri_test-other,libri_6938,6938-70848-0005,libri_6938,16000,
data/external/LibriSpeech/test-other/6938/70848/6938-70848-0006.flac,bonafide,0,librispeech,bonafide_libri_test-other,libri_6938,6938-70848-0006,libri_6938,16000,
data/external/LibriSpeech/test-other/6938/70848/6938-70848-0007.flac,bonafide,0,librispeech,bonafide_libri_test-other,libri_6938,6938-70848-0007,libri_6938,16000,
data/external/LibriSpeech/test-other/6938/70848/6938-70848-0008.flac,bonafide,0,librispeech,bonafide_libri_test-other,libri_6938,6938-70848-0008,libri_6938,16000,
data/external/LibriSpeech/test-other/6938/70848/6938-70848-0009.flac,bonafide,0,librispeech,bonafide_libri_test-other,libri_6938,6938-70848-0009,libri_6938,16000,
data/external/LibriSpeech/test-other/6938/70848/6938-70848-0010.flac,bonafide,0,librispeech,bonafide_libri_test-other,libri_6938,6938-70848-0010,libri_6938,16000,
data/external/LibriSpeech/test-other/6938/70848/6938-70848-0011.flac,bonafide,0,librispeech,bonafide_libri_test-other,libri_6938,6938-70848-0011,libri_6938,16000,
data/external/LibriSpeech/test-other/6938/70848/6938-70848-0012.flac,bonafide,0,librispeech,bonafide_libri_test-other,libri_6938,6938-70848-0012,libri_6938,16000,
data/external/LibriSpeech/test-other/6938/70848/6938-70848-0013.flac,bonafide,0,librispeech,bonafide_libri_test-other,libri_6938,6938-70848-0013,libri_6938,16000,
data/external/LibriSpeech/test-other/6938/70848/6938-70848-0014.flac,bonafide,0,librispeech,bonafide_libri_test-other,libri_6938,6938-70848-0014,libri_6938,16000,
data/external/LibriSpeech/test-other/6938/70848/6938-70848-0015.flac,bonafide,0,librispeech,bonafide_libri_test-other,libri_6938,6938-70848-0015,libri_6938,16000,
data/external/LibriSpeech/test-other/6938/70848/6938-70848-0016.flac,bonafide,0,librispeech,bonafide_libri_test-other,libri_6938,6938-70848-0016,libri_6938,16000,
data/external/LibriSpeech/test-other/6938/70848/6938-70848-0017.flac,bonafide,0,librispeech,bonafide_libri_test-other,libri_6938,6938-70848-0017,libri_6938,16000,
data/external/LibriSpeech/test-other/6938/70848/6938-70848-0018.flac,bonafide,0,librispeech,bonafide_libri_test-other,libri_6938,6938-70848-0018,libri_6938,16000,
data/external/LibriSpeech/test-other/6938/70848/6938-70848-0019.flac,bonafide,0,librispeech,bonafide_libri_test-other,libri_6938,6938-70848-0019,libri_6938,16000,
data/external/LibriSpeech/test-other/6938/70848/6938-70848-0020.flac,bonafide,0,librispeech,bonafide_libri_test-other,libri_6938,6938-70848-0020,libri_6938,16000,
data/external/LibriSpeech/test-other/6938/70848/6938-70848-0021.flac,bonafide,0,librispeech,bonafide_libri_test-other,libri_6938,6938-70848-0021,libri_6938,16000,
data/external/LibriSpeech/test-other/6938/70848/6938-70848-0022.flac,bonafide,0,librispeech,bonafide_libri_test-other,libri_6938,6938-70848-0022,libri_6938,16000,
data/external/LibriSpeech/test-other/6938/70848/6938-70848-0023.flac,bonafide,0,librispeech,bonafide_libri_test-other,libri_6938,6938-70848-0023,libri_6938,16000,
data/external/LibriSpeech/test-other/6938/70848/6938-70848-0024.flac,bonafide,0,librispeech,bonafide_libri_test-other,libri_6938,6938-70848-0024,libri_6938,16000,
data/external/LibriSpeech/test-other/6938/70848/6938-70848-0025.flac,bonafide,0,librispeech,bonafide_libri_test-other,libri_6938,6938-70848-0025,libri_6938,16000,
data/external/LibriSpeech/test-other/6938/70848/6938-70848-0026.flac,bonafide,0,librispeech,bonafide_libri_test-other,libri_6938,6938-70848-0026,libri_6938,16000,
data/external/LibriSpeech/test-other/6938/70848/6938-70848-0027.flac,bonafide,0,librispeech,bonafide_libri_test-other,libri_6938,6938-70848-0027,libri_6938,16000,
data/external/LibriSpeech/test-other/6938/70848/6938-70848-0028.flac,bonafide,0,librispeech,bonafide_libri_test-other,libri_6938,6938-70848-0028,libri_6938,16000,
data/external/LibriSpeech/test-other/6938/70848/6938-70848-0029.flac,bonafide,0,librispeech,bonafide_libri_test-other,libri_6938,6938-70848-0029,libri_6938,16000,
data/external/LibriSpeech/test-other/6938/70848/6938-70848-0030.flac,bonafide,0,librispeech,bonafide_libri_test-other,libri_6938,6938-70848-0030,libri_6938,16000,
data/external/LibriSpeech/test-other/7018/75788/7018-75788-0000.flac,bonafide,0,librispeech,bonafide_libri_test-other,libri_7018,7018-75788-0000,libri_7018,16000,
data/external/LibriSpeech/test-other/7018/75788/7018-75788-0001.flac,bonafide,0,librispeech,bonafide_libri_test-other,libri_7018,7018-75788-0001,libri_7018,16000,
data/external/LibriSpeech/test-other/7018/75788/7018-75788-0002.flac,bonafide,0,librispeech,bonafide_libri_test-other,libri_7018,7018-75788-0002,libri_7018,16000,
data/external/LibriSpeech/test-other/7018/75788/7018-75788-0003.flac,bonafide,0,librispeech,bonafide_libri_test-other,libri_7018,7018-75788-0003,libri_7018,16000,
data/external/LibriSpeech/test-other/7018/75788/7018-75788-0004.flac,bonafide,0,librispeech,bonafide_libri_test-other,libri_7018,7018-75788-0004,libri_7018,16000,
data/external/LibriSpeech/test-other/7018/75788/7018-75788-0005.flac,bonafide,0,librispeech,bonafide_libri_test-other,libri_7018,7018-75788-0005,libri_7018,16000,
data/external/LibriSpeech/test-other/7018/75788/7018-75788-0006.flac,bonafide,0,librispeech,bonafide_libri_test-other,libri_7018,7018-75788-0006,libri_7018,16000,
data/external/LibriSpeech/test-other/7018/75788/7018-75788-0007.flac,bonafide,0,librispeech,bonafide_libri_test-other,libri_7018,7018-75788-0007,libri_7018,16000,
data/external/LibriSpeech/test-other/7018/75788/7018-75788-0008.flac,bonafide,0,librispeech,bonafide_libri_test-other,libri_7018,7018-75788-0008,libri_7018,16000,
data/external/LibriSpeech/test-other/7018/75788/7018-75788-0009.flac,bonafide,0,librispeech,bonafide_libri_test-other,libri_7018,7018-75788-0009,libri_7018,16000,
data/external/LibriSpeech/test-other/7018/75788/7018-75788-0010.flac,bonafide,0,librispeech,bonafide_libri_test-other,libri_7018,7018-75788-0010,libri_7018,16000,
data/external/LibriSpeech/test-other/7018/75788/7018-75788-0011.flac,bonafide,0,librispeech,bonafide_libri_test-other,libri_7018,7018-75788-0011,libri_7018,16000,
data/external/LibriSpeech/test-other/7018/75788/7018-75788-0012.flac,bonafide,0,librispeech,bonafide_libri_test-other,libri_7018,7018-75788-0012,libri_7018,16000,
data/external/LibriSpeech/test-other/7018/75788/7018-75788-0013.flac,bonafide,0,librispeech,bonafide_libri_test-other,libri_7018,7018-75788-0013,libri_7018,16000,
data/external/LibriSpeech/test-other/7018/75788/7018-75788-0014.flac,bonafide,0,librispeech,bonafide_libri_test-other,libri_7018,7018-75788-0014,libri_7018,16000,
data/external/LibriSpeech/test-other/7018/75788/7018-75788-0015.flac,bonafide,0,librispeech,bonafide_libri_test-other,libri_7018,7018-75788-0015,libri_7018,16000,
data/external/LibriSpeech/test-other/7018/75788/7018-75788-0016.flac,bonafide,0,librispeech,bonafide_libri_test-other,libri_7018,7018-75788-0016,libri_7018,16000,
data/external/LibriSpeech/test-other/7018/75788/7018-75788-0017.flac,bonafide,0,librispeech,bonafide_libri_test-other,libri_7018,7018-75788-0017,libri_7018,16000,
data/external/LibriSpeech/test-other/7018/75788/7018-75788-0018.flac,bonafide,0,librispeech,bonafide_libri_test-other,libri_7018,7018-75788-0018,libri_7018,16000,
data/external/LibriSpeech/test-other/7018/75788/7018-75788-0019.flac,bonafide,0,librispeech,bonafide_libri_test-other,libri_7018,7018-75788-0019,libri_7018,16000,
data/external/LibriSpeech/test-other/7018/75789/7018-75789-0000.flac,bonafide,0,librispeech,bonafide_libri_test-other,libri_7018,7018-75789-0000,libri_7018,16000,
data/external/LibriSpeech/test-other/7018/75789/7018-75789-0001.flac,bonafide,0,librispeech,bonafide_libri_test-other,libri_7018,7018-75789-0001,libri_7018,16000,
data/external/LibriSpeech/test-other/7018/75789/7018-75789-0002.flac,bonafide,0,librispeech,bonafide_libri_test-other,libri_7018,7018-75789-0002,libri_7018,16000,
data/external/LibriSpeech/test-other/7018/75789/7018-75789-0003.flac,bonafide,0,librispeech,bonafide_libri_test-other,libri_7018,7018-75789-0003,libri_7018,16000,
data/external/LibriSpeech/test-other/7018/75789/7018-75789-0004.flac,bonafide,0,librispeech,bonafide_libri_test-other,libri_7018,7018-75789-0004,libri_7018,16000,
data/external/LibriSpeech/test-other/7018/75789/7018-75789-0005.flac,bonafide,0,librispeech,bonafide_libri_test-other,libri_7018,7018-75789-0005,libri_7018,16000,
data/external/LibriSpeech/test-other/7018/75789/7018-75789-0006.flac,bonafide,0,librispeech,bonafide_libri_test-other,libri_7018,7018-75789-0006,libri_7018,16000,
data/external/LibriSpeech/test-other/7018/75789/7018-75789-0007.flac,bonafide,0,librispeech,bonafide_libri_test-other,libri_7018,7018-75789-0007,libri_7018,16000,
data/external/LibriSpeech/test-other/7018/75789/7018-75789-0008.flac,bonafide,0,librispeech,bonafide_libri_test-other,libri_7018,7018-75789-0008,libri_7018,16000,
data/external/LibriSpeech/test-other/7018/75789/7018-75789-0009.flac,bonafide,0,librispeech,bonafide_libri_test-other,libri_7018,7018-75789-0009,libri_7018,16000,
data/external/LibriSpeech/test-other/7018/75789/7018-75789-0010.flac,bonafide,0,librispeech,bonafide_libri_test-other,libri_7018,7018-75789-0010,libri_7018,16000,
data/external/LibriSpeech/test-other/7018/75789/7018-75789-0011.flac,bonafide,0,librispeech,bonafide_libri_test-other,libri_7018,7018-75789-0011,libri_7018,16000,
data/external/LibriSpeech/test-other/7018/75789/7018-75789-0012.flac,bonafide,0,librispeech,bonafide_libri_test-other,libri_7018,7018-75789-0012,libri_7018,16000,
data/external/LibriSpeech/test-other/7018/75789/7018-75789-0013.flac,bonafide,0,librispeech,bonafide_libri_test-other,libri_7018,7018-75789-0013,libri_7018,16000,
data/external/LibriSpeech/test-other/7018/75789/7018-75789-0014.flac,bonafide,0,librispeech,bonafide_libri_test-other,libri_7018,7018-75789-0014,libri_7018,16000,
data/external/LibriSpeech/test-other/7018/75789/7018-75789-0015.flac,bonafide,0,librispeech,bonafide_libri_test-other,libri_7018,7018-75789-0015,libri_7018,16000,
data/external/LibriSpeech/test-other/7018/75789/7018-75789-0016.flac,bonafide,0,librispeech,bonafide_libri_test-other,libri_7018,7018-75789-0016,libri_7018,16000,
data/external/LibriSpeech/test-other/7018/75789/7018-75789-0017.flac,bonafide,0,librispeech,bonafide_libri_test-other,libri_7018,7018-75789-0017,libri_7018,16000,
data/external/LibriSpeech/test-other/7018/75789/7018-75789-0018.flac,bonafide,0,librispeech,bonafide_libri_test-other,libri_7018,7018-75789-0018,libri_7018,16000,
data/external/LibriSpeech/test-other/7018/75789/7018-75789-0019.flac,bonafide,0,librispeech,bonafide_libri_test-other,libri_7018,7018-75789-0019,libri_7018,16000,
data/external/LibriSpeech/test-other/7018/75789/7018-75789-0020.flac,bonafide,0,librispeech,bonafide_libri_test-other,libri_7018,7018-75789-0020,libri_7018,16000,
data/external/LibriSpeech/test-other/7018/75789/7018-75789-0021.flac,bonafide,0,librispeech,bonafide_libri_test-other,libri_7018,7018-75789-0021,libri_7018,16000,
data/external/LibriSpeech/test-other/7018/75789/7018-75789-0022.flac,bonafide,0,librispeech,bonafide_libri_test-other,libri_7018,7018-75789-0022,libri_7018,16000,
data/external/LibriSpeech/test-other/7018/75789/7018-75789-0023.flac,bonafide,0,librispeech,bonafide_libri_test-other,libri_7018,7018-75789-0023,libri_7018,16000,
data/external/LibriSpeech/test-other/7018/75789/7018-75789-0024.flac,bonafide,0,librispeech,bonafide_libri_test-other,libri_7018,7018-75789-0024,libri_7018,16000,
data/external/LibriSpeech/test-other/7018/75789/7018-75789-0025.flac,bonafide,0,librispeech,bonafide_libri_test-other,libri_7018,7018-75789-0025,libri_7018,16000,
data/external/LibriSpeech/test-other/7018/75789/7018-75789-0026.flac,bonafide,0,librispeech,bonafide_libri_test-other,libri_7018,7018-75789-0026,libri_7018,16000,
data/external/LibriSpeech/test-other/7018/75789/7018-75789-0027.flac,bonafide,0,librispeech,bonafide_libri_test-other,libri_7018,7018-75789-0027,libri_7018,16000,
data/external/LibriSpeech/test-other/7018/75789/7018-75789-0028.flac,bonafide,0,librispeech,bonafide_libri_test-other,libri_7018,7018-75789-0028,libri_7018,16000,
data/external/LibriSpeech/test-other/7018/75789/7018-75789-0029.flac,bonafide,0,librispeech,bonafide_libri_test-other,libri_7018,7018-75789-0029,libri_7018,16000,
data/external/LibriSpeech/test-other/7018/75789/7018-75789-0030.flac,bonafide,0,librispeech,bonafide_libri_test-other,libri_7018,7018-75789-0030,libri_7018,16000,
data/external/LibriSpeech/test-other/7018/75789/7018-75789-0031.flac,bonafide,0,librispeech,bonafide_libri_test-other,libri_7018,7018-75789-0031,libri_7018,16000,
data/external/LibriSpeech/test-other/7105/2330/7105-2330-0000.flac,bonafide,0,librispeech,bonafide_libri_test-other,libri_7105,7105-2330-0000,libri_7105,16000,
data/external/LibriSpeech/test-other/7105/2330/7105-2330-0001.flac,bonafide,0,librispeech,bonafide_libri_test-other,libri_7105,7105-2330-0001,libri_7105,16000,
data/external/LibriSpeech/test-other/7105/2330/7105-2330-0002.flac,bonafide,0,librispeech,bonafide_libri_test-other,libri_7105,7105-2330-0002,libri_7105,16000,
data/external/LibriSpeech/test-other/7105/2330/7105-2330-0003.flac,bonafide,0,librispeech,bonafide_libri_test-other,libri_7105,7105-2330-0003,libri_7105,16000,
data/external/LibriSpeech/test-other/7105/2330/7105-2330-0004.flac,bonafide,0,librispeech,bonafide_libri_test-other,libri_7105,7105-2330-0004,libri_7105,16000,
data/external/LibriSpeech/test-other/7105/2330/7105-2330-0005.flac,bonafide,0,librispeech,bonafide_libri_test-other,libri_7105,7105-2330-0005,libri_7105,16000,
data/external/LibriSpeech/test-other/7105/2330/7105-2330-0006.flac,bonafide,0,librispeech,bonafide_libri_test-other,libri_7105,7105-2330-0006,libri_7105,16000,
data/external/LibriSpeech/test-other/7105/2330/7105-2330-0007.flac,bonafide,0,librispeech,bonafide_libri_test-other,libri_7105,7105-2330-0007,libri_7105,16000,
data/external/LibriSpeech/test-other/7105/2330/7105-2330-0008.flac,bonafide,0,librispeech,bonafide_libri_test-other,libri_7105,7105-2330-0008,libri_7105,16000,
data/external/LibriSpeech/test-other/7105/2330/7105-2330-0009.flac,bonafide,0,librispeech,bonafide_libri_test-other,libri_7105,7105-2330-0009,libri_7105,16000,
data/external/LibriSpeech/test-other/7105/2330/7105-2330-0010.flac,bonafide,0,librispeech,bonafide_libri_test-other,libri_7105,7105-2330-0010,libri_7105,16000,
data/external/LibriSpeech/test-other/7105/2330/7105-2330-0011.flac,bonafide,0,librispeech,bonafide_libri_test-other,libri_7105,7105-2330-0011,libri_7105,16000,
data/external/LibriSpeech/test-other/7105/2330/7105-2330-0012.flac,bonafide,0,librispeech,bonafide_libri_test-other,libri_7105,7105-2330-0012,libri_7105,16000,
data/external/LibriSpeech/test-other/7105/2330/7105-2330-0013.flac,bonafide,0,librispeech,bonafide_libri_test-other,libri_7105,7105-2330-0013,libri_7105,16000,
data/external/LibriSpeech/test-other/7105/2330/7105-2330-0014.flac,bonafide,0,librispeech,bonafide_libri_test-other,libri_7105,7105-2330-0014,libri_7105,16000,
data/external/LibriSpeech/test-other/7105/2330/7105-2330-0015.flac,bonafide,0,librispeech,bonafide_libri_test-other,libri_7105,7105-2330-0015,libri_7105,16000,
data/external/LibriSpeech/test-other/7105/2330/7105-2330-0016.flac,bonafide,0,librispeech,bonafide_libri_test-other,libri_7105,7105-2330-0016,libri_7105,16000,
data/external/LibriSpeech/test-other/7105/2330/7105-2330-0017.flac,bonafide,0,librispeech,bonafide_libri_test-other,libri_7105,7105-2330-0017,libri_7105,16000,
data/external/LibriSpeech/test-other/7105/2330/7105-2330-0018.flac,bonafide,0,librispeech,bonafide_libri_test-other,libri_7105,7105-2330-0018,libri_7105,16000,
data/external/LibriSpeech/test-other/7105/2330/7105-2330-0019.flac,bonafide,0,librispeech,bonafide_libri_test-other,libri_7105,7105-2330-0019,libri_7105,16000,
data/external/LibriSpeech/test-other/7105/2330/7105-2330-0020.flac,bonafide,0,librispeech,bonafide_libri_test-other,libri_7105,7105-2330-0020,libri_7105,16000,
data/external/LibriSpeech/test-other/7105/2330/7105-2330-0021.flac,bonafide,0,librispeech,bonafide_libri_test-other,libri_7105,7105-2330-0021,libri_7105,16000,
data/external/LibriSpeech/test-other/7105/2330/7105-2330-0022.flac,bonafide,0,librispeech,bonafide_libri_test-other,libri_7105,7105-2330-0022,libri_7105,16000,
data/external/LibriSpeech/test-other/7105/2330/7105-2330-0023.flac,bonafide,0,librispeech,bonafide_libri_test-other,libri_7105,7105-2330-0023,libri_7105,16000,
data/external/LibriSpeech/test-other/7105/2330/7105-2330-0024.flac,bonafide,0,librispeech,bonafide_libri_test-other,libri_7105,7105-2330-0024,libri_7105,16000,
data/external/LibriSpeech/test-other/7105/2330/7105-2330-0025.flac,bonafide,0,librispeech,bonafide_libri_test-other,libri_7105,7105-2330-0025,libri_7105,16000,
data/external/LibriSpeech/test-other/7105/2330/7105-2330-0026.flac,bonafide,0,librispeech,bonafide_libri_test-other,libri_7105,7105-2330-0026,libri_7105,16000,
data/external/LibriSpeech/test-other/7105/2330/7105-2330-0027.flac,bonafide,0,librispeech,bonafide_libri_test-other,libri_7105,7105-2330-0027,libri_7105,16000,
data/external/LibriSpeech/test-other/7105/2330/7105-2330-0028.flac,bonafide,0,librispeech,bonafide_libri_test-other,libri_7105,7105-2330-0028,libri_7105,16000,
data/external/LibriSpeech/test-other/7105/2330/7105-2330-0029.flac,bonafide,0,librispeech,bonafide_libri_test-other,libri_7105,7105-2330-0029,libri_7105,16000,
data/external/LibriSpeech/test-other/7105/2330/7105-2330-0030.flac,bonafide,0,librispeech,bonafide_libri_test-other,libri_7105,7105-2330-0030,libri_7105,16000,
data/external/LibriSpeech/test-other/7105/2330/7105-2330-0031.flac,bonafide,0,librispeech,bonafide_libri_test-other,libri_7105,7105-2330-0031,libri_7105,16000,
data/external/LibriSpeech/test-other/7105/2330/7105-2330-0032.flac,bonafide,0,librispeech,bonafide_libri_test-other,libri_7105,7105-2330-0032,libri_7105,16000,
data/external/LibriSpeech/test-other/7105/2330/7105-2330-0033.flac,bonafide,0,librispeech,bonafide_libri_test-other,libri_7105,7105-2330-0033,libri_7105,16000,
data/external/LibriSpeech/test-other/7105/2330/7105-2330-0034.flac,bonafide,0,librispeech,bonafide_libri_test-other,libri_7105,7105-2330-0034,libri_7105,16000,
data/external/LibriSpeech/test-other/7105/2330/7105-2330-0035.flac,bonafide,0,librispeech,bonafide_libri_test-other,libri_7105,7105-2330-0035,libri_7105,16000,
data/external/LibriSpeech/test-other/7105/2330/7105-2330-0036.flac,bonafide,0,librispeech,bonafide_libri_test-other,libri_7105,7105-2330-0036,libri_7105,16000,
data/external/LibriSpeech/test-other/7105/2330/7105-2330-0037.flac,bonafide,0,librispeech,bonafide_libri_test-other,libri_7105,7105-2330-0037,libri_7105,16000,
data/external/LibriSpeech/test-other/7105/2330/7105-2330-0038.flac,bonafide,0,librispeech,bonafide_libri_test-other,libri_7105,7105-2330-0038,libri_7105,16000,
data/external/LibriSpeech/test-other/7105/2330/7105-2330-0039.flac,bonafide,0,librispeech,bonafide_libri_test-other,libri_7105,7105-2330-0039,libri_7105,16000,
data/external/LibriSpeech/test-other/7105/2330/7105-2330-0040.flac,bonafide,0,librispeech,bonafide_libri_test-other,libri_7105,7105-2330-0040,libri_7105,16000,
data/external/LibriSpeech/test-other/7105/2330/7105-2330-0041.flac,bonafide,0,librispeech,bonafide_libri_test-other,libri_7105,7105-2330-0041,libri_7105,16000,
data/external/LibriSpeech/test-other/7105/2340/7105-2340-0000.flac,bonafide,0,librispeech,bonafide_libri_test-other,libri_7105,7105-2340-0000,libri_7105,16000,
data/external/LibriSpeech/test-other/7105/2340/7105-2340-0001.flac,bonafide,0,librispeech,bonafide_libri_test-other,libri_7105,7105-2340-0001,libri_7105,16000,
data/external/LibriSpeech/test-other/7105/2340/7105-2340-0002.flac,bonafide,0,librispeech,bonafide_libri_test-other,libri_7105,7105-2340-0002,libri_7105,16000,
data/external/LibriSpeech/test-other/7105/2340/7105-2340-0003.flac,bonafide,0,librispeech,bonafide_libri_test-other,libri_7105,7105-2340-0003,libri_7105,16000,
data/external/LibriSpeech/test-other/7105/2340/7105-2340-0004.flac,bonafide,0,librispeech,bonafide_libri_test-other,libri_7105,7105-2340-0004,libri_7105,16000,
data/external/LibriSpeech/test-other/7105/2340/7105-2340-0005.flac,bonafide,0,librispeech,bonafide_libri_test-other,libri_7105,7105-2340-0005,libri_7105,16000,
data/external/LibriSpeech/test-other/7105/2340/7105-2340-0006.flac,bonafide,0,librispeech,bonafide_libri_test-other,libri_7105,7105-2340-0006,libri_7105,16000,
data/external/LibriSpeech/test-other/7105/2340/7105-2340-0007.flac,bonafide,0,librispeech,bonafide_libri_test-other,libri_7105,7105-2340-0007,libri_7105,16000,
data/external/LibriSpeech/test-other/7105/2340/7105-2340-0008.flac,bonafide,0,librispeech,bonafide_libri_test-other,libri_7105,7105-2340-0008,libri_7105,16000,
data/external/LibriSpeech/test-other/7105/2340/7105-2340-0009.flac,bonafide,0,librispeech,bonafide_libri_test-other,libri_7105,7105-2340-0009,libri_7105,16000,
data/external/LibriSpeech/test-other/7105/2340/7105-2340-0010.flac,bonafide,0,librispeech,bonafide_libri_test-other,libri_7105,7105-2340-0010,libri_7105,16000,
data/external/LibriSpeech/test-other/7105/2340/7105-2340-0011.flac,bonafide,0,librispeech,bonafide_libri_test-other,libri_7105,7105-2340-0011,libri_7105,16000,
data/external/LibriSpeech/test-other/7105/2340/7105-2340-0012.flac,bonafide,0,librispeech,bonafide_libri_test-other,libri_7105,7105-2340-0012,libri_7105,16000,
data/external/LibriSpeech/test-other/7105/2340/7105-2340-0013.flac,bonafide,0,librispeech,bonafide_libri_test-other,libri_7105,7105-2340-0013,libri_7105,16000,
data/external/LibriSpeech/test-other/7105/2340/7105-2340-0014.flac,bonafide,0,librispeech,bonafide_libri_test-other,libri_7105,7105-2340-0014,libri_7105,16000,
data/external/LibriSpeech/test-other/7105/2340/7105-2340-0015.flac,bonafide,0,librispeech,bonafide_libri_test-other,libri_7105,7105-2340-0015,libri_7105,16000,
data/external/LibriSpeech/test-other/7105/2340/7105-2340-0016.flac,bonafide,0,librispeech,bonafide_libri_test-other,libri_7105,7105-2340-0016,libri_7105,16000,
data/external/LibriSpeech/test-other/7105/2340/7105-2340-0017.flac,bonafide,0,librispeech,bonafide_libri_test-other,libri_7105,7105-2340-0017,libri_7105,16000,
data/external/LibriSpeech/test-other/7105/2340/7105-2340-0018.flac,bonafide,0,librispeech,bonafide_libri_test-other,libri_7105,7105-2340-0018,libri_7105,16000,
data/external/LibriSpeech/test-other/7105/2340/7105-2340-0019.flac,bonafide,0,librispeech,bonafide_libri_test-other,libri_7105,7105-2340-0019,libri_7105,16000,
data/external/LibriSpeech/test-other/7105/2340/7105-2340-0020.flac,bonafide,0,librispeech,bonafide_libri_test-other,libri_7105,7105-2340-0020,libri_7105,16000,
data/external/LibriSpeech/test-other/7105/2340/7105-2340-0021.flac,bonafide,0,librispeech,bonafide_libri_test-other,libri_7105,7105-2340-0021,libri_7105,16000,
data/external/LibriSpeech/test-other/7105/2340/7105-2340-0022.flac,bonafide,0,librispeech,bonafide_libri_test-other,libri_7105,7105-2340-0022,libri_7105,16000,
data/external/LibriSpeech/test-other/7105/2340/7105-2340-0023.flac,bonafide,0,librispeech,bonafide_libri_test-other,libri_7105,7105-2340-0023,libri_7105,16000,
data/external/LibriSpeech/test-other/7105/2340/7105-2340-0024.flac,bonafide,0,librispeech,bonafide_libri_test-other,libri_7105,7105-2340-0024,libri_7105,16000,
data/external/LibriSpeech/test-other/7105/2340/7105-2340-0025.flac,bonafide,0,librispeech,bonafide_libri_test-other,libri_7105,7105-2340-0025,libri_7105,16000,
data/external/LibriSpeech/test-other/7105/2340/7105-2340-0026.flac,bonafide,0,librispeech,bonafide_libri_test-other,libri_7105,7105-2340-0026,libri_7105,16000,
data/external/LibriSpeech/test-other/7105/2340/7105-2340-0027.flac,bonafide,0,librispeech,bonafide_libri_test-other,libri_7105,7105-2340-0027,libri_7105,16000,
data/external/LibriSpeech/test-other/7105/2340/7105-2340-0028.flac,bonafide,0,librispeech,bonafide_libri_test-other,libri_7105,7105-2340-0028,libri_7105,16000,
data/external/LibriSpeech/test-other/7105/2340/7105-2340-0029.flac,bonafide,0,librispeech,bonafide_libri_test-other,libri_7105,7105-2340-0029,libri_7105,16000,
data/external/LibriSpeech/test-other/7105/2340/7105-2340-0030.flac,bonafide,0,librispeech,bonafide_libri_test-other,libri_7105,7105-2340-0030,libri_7105,16000,
data/external/LibriSpeech/test-other/7105/2340/7105-2340-0031.flac,bonafide,0,librispeech,bonafide_libri_test-other,libri_7105,7105-2340-0031,libri_7105,16000,
data/external/LibriSpeech/test-other/7105/2340/7105-2340-0032.flac,bonafide,0,librispeech,bonafide_libri_test-other,libri_7105,7105-2340-0032,libri_7105,16000,
data/external/LibriSpeech/test-other/7105/2340/7105-2340-0033.flac,bonafide,0,librispeech,bonafide_libri_test-other,libri_7105,7105-2340-0033,libri_7105,16000,
data/external/LibriSpeech/test-other/7105/2340/7105-2340-0034.flac,bonafide,0,librispeech,bonafide_libri_test-other,libri_7105,7105-2340-0034,libri_7105,16000,
data/external/LibriSpeech/test-other/7105/2340/7105-2340-0035.flac,bonafide,0,librispeech,bonafide_libri_test-other,libri_7105,7105-2340-0035,libri_7105,16000,
data/external/LibriSpeech/test-other/7105/2340/7105-2340-0036.flac,bonafide,0,librispeech,bonafide_libri_test-other,libri_7105,7105-2340-0036,libri_7105,16000,
data/external/LibriSpeech/test-other/7105/2340/7105-2340-0037.flac,bonafide,0,librispeech,bonafide_libri_test-other,libri_7105,7105-2340-0037,libri_7105,16000,
data/external/LibriSpeech/test-other/7902/96591/7902-96591-0000.flac,bonafide,0,librispeech,bonafide_libri_test-other,libri_7902,7902-96591-0000,libri_7902,16000,
data/external/LibriSpeech/test-other/7902/96591/7902-96591-0001.flac,bonafide,0,librispeech,bonafide_libri_test-other,libri_7902,7902-96591-0001,libri_7902,16000,
data/external/LibriSpeech/test-other/7902/96591/7902-96591-0002.flac,bonafide,0,librispeech,bonafide_libri_test-other,libri_7902,7902-96591-0002,libri_7902,16000,
data/external/LibriSpeech/test-other/7902/96591/7902-96591-0003.flac,bonafide,0,librispeech,bonafide_libri_test-other,libri_7902,7902-96591-0003,libri_7902,16000,
data/external/LibriSpeech/test-other/7902/96591/7902-96591-0004.flac,bonafide,0,librispeech,bonafide_libri_test-other,libri_7902,7902-96591-0004,libri_7902,16000,
data/external/LibriSpeech/test-other/7902/96591/7902-96591-0005.flac,bonafide,0,librispeech,bonafide_libri_test-other,libri_7902,7902-96591-0005,libri_7902,16000,
data/external/LibriSpeech/test-other/7902/96591/7902-96591-0006.flac,bonafide,0,librispeech,bonafide_libri_test-other,libri_7902,7902-96591-0006,libri_7902,16000,
data/external/LibriSpeech/test-other/7902/96591/7902-96591-0007.flac,bonafide,0,librispeech,bonafide_libri_test-other,libri_7902,7902-96591-0007,libri_7902,16000,
data/external/LibriSpeech/test-other/7902/96591/7902-96591-0008.flac,bonafide,0,librispeech,bonafide_libri_test-other,libri_7902,7902-96591-0008,libri_7902,16000,
data/external/LibriSpeech/test-other/7902/96591/7902-96591-0009.flac,bonafide,0,librispeech,bonafide_libri_test-other,libri_7902,7902-96591-0009,libri_7902,16000,
data/external/LibriSpeech/test-other/7902/96591/7902-96591-0010.flac,bonafide,0,librispeech,bonafide_libri_test-other,libri_7902,7902-96591-0010,libri_7902,16000,
data/external/LibriSpeech/test-other/7902/96591/7902-96591-0011.flac,bonafide,0,librispeech,bonafide_libri_test-other,libri_7902,7902-96591-0011,libri_7902,16000,
data/external/LibriSpeech/test-other/7902/96591/7902-96591-0012.flac,bonafide,0,librispeech,bonafide_libri_test-other,libri_7902,7902-96591-0012,libri_7902,16000,
data/external/LibriSpeech/test-other/7902/96591/7902-96591-0013.flac,bonafide,0,librispeech,bonafide_libri_test-other,libri_7902,7902-96591-0013,libri_7902,16000,
data/external/LibriSpeech/test-other/7902/96591/7902-96591-0014.flac,bonafide,0,librispeech,bonafide_libri_test-other,libri_7902,7902-96591-0014,libri_7902,16000,
data/external/LibriSpeech/test-other/7902/96591/7902-96591-0015.flac,bonafide,0,librispeech,bonafide_libri_test-other,libri_7902,7902-96591-0015,libri_7902,16000,
data/external/LibriSpeech/test-other/7902/96591/7902-96591-0016.flac,bonafide,0,librispeech,bonafide_libri_test-other,libri_7902,7902-96591-0016,libri_7902,16000,
data/external/LibriSpeech/test-other/7902/96591/7902-96591-0017.flac,bonafide,0,librispeech,bonafide_libri_test-other,libri_7902,7902-96591-0017,libri_7902,16000,
data/external/LibriSpeech/test-other/7902/96591/7902-96591-0018.flac,bonafide,0,librispeech,bonafide_libri_test-other,libri_7902,7902-96591-0018,libri_7902,16000,
data/external/LibriSpeech/test-other/7902/96591/7902-96591-0019.flac,bonafide,0,librispeech,bonafide_libri_test-other,libri_7902,7902-96591-0019,libri_7902,16000,
data/external/LibriSpeech/test-other/7902/96591/7902-96591-0020.flac,bonafide,0,librispeech,bonafide_libri_test-other,libri_7902,7902-96591-0020,libri_7902,16000,
data/external/LibriSpeech/test-other/7902/96591/7902-96591-0021.flac,bonafide,0,librispeech,bonafide_libri_test-other,libri_7902,7902-96591-0021,libri_7902,16000,
data/external/LibriSpeech/test-other/7902/96591/7902-96591-0022.flac,bonafide,0,librispeech,bonafide_libri_test-other,libri_7902,7902-96591-0022,libri_7902,16000,
data/external/LibriSpeech/test-other/7902/96591/7902-96591-0023.flac,bonafide,0,librispeech,bonafide_libri_test-other,libri_7902,7902-96591-0023,libri_7902,16000,
data/external/LibriSpeech/test-other/7902/96591/7902-96591-0024.flac,bonafide,0,librispeech,bonafide_libri_test-other,libri_7902,7902-96591-0024,libri_7902,16000,
data/external/LibriSpeech/test-other/7902/96592/7902-96592-0000.flac,bonafide,0,librispeech,bonafide_libri_test-other,libri_7902,7902-96592-0000,libri_7902,16000,
data/external/LibriSpeech/test-other/7902/96592/7902-96592-0001.flac,bonafide,0,librispeech,bonafide_libri_test-other,libri_7902,7902-96592-0001,libri_7902,16000,
data/external/LibriSpeech/test-other/7902/96592/7902-96592-0002.flac,bonafide,0,librispeech,bonafide_libri_test-other,libri_7902,7902-96592-0002,libri_7902,16000,
data/external/LibriSpeech/test-other/7902/96592/7902-96592-0003.flac,bonafide,0,librispeech,bonafide_libri_test-other,libri_7902,7902-96592-0003,libri_7902,16000,
data/external/LibriSpeech/test-other/7902/96592/7902-96592-0004.flac,bonafide,0,librispeech,bonafide_libri_test-other,libri_7902,7902-96592-0004,libri_7902,16000,
data/external/LibriSpeech/test-other/7902/96592/7902-96592-0005.flac,bonafide,0,librispeech,bonafide_libri_test-other,libri_7902,7902-96592-0005,libri_7902,16000,
data/external/LibriSpeech/test-other/7902/96592/7902-96592-0006.flac,bonafide,0,librispeech,bonafide_libri_test-other,libri_7902,7902-96592-0006,libri_7902,16000,
data/external/LibriSpeech/test-other/7902/96592/7902-96592-0007.flac,bonafide,0,librispeech,bonafide_libri_test-other,libri_7902,7902-96592-0007,libri_7902,16000,
data/external/LibriSpeech/test-other/7902/96592/7902-96592-0008.flac,bonafide,0,librispeech,bonafide_libri_test-other,libri_7902,7902-96592-0008,libri_7902,16000,
data/external/LibriSpeech/test-other/7902/96592/7902-96592-0009.flac,bonafide,0,librispeech,bonafide_libri_test-other,libri_7902,7902-96592-0009,libri_7902,16000,
data/external/LibriSpeech/test-other/7902/96592/7902-96592-0010.flac,bonafide,0,librispeech,bonafide_libri_test-other,libri_7902,7902-96592-0010,libri_7902,16000,
data/external/LibriSpeech/test-other/7902/96592/7902-96592-0011.flac,bonafide,0,librispeech,bonafide_libri_test-other,libri_7902,7902-96592-0011,libri_7902,16000,
data/external/LibriSpeech/test-other/7902/96592/7902-96592-0012.flac,bonafide,0,librispeech,bonafide_libri_test-other,libri_7902,7902-96592-0012,libri_7902,16000,
data/external/LibriSpeech/test-other/7902/96592/7902-96592-0013.flac,bonafide,0,librispeech,bonafide_libri_test-other,libri_7902,7902-96592-0013,libri_7902,16000,
data/external/LibriSpeech/test-other/7902/96592/7902-96592-0014.flac,bonafide,0,librispeech,bonafide_libri_test-other,libri_7902,7902-96592-0014,libri_7902,16000,
data/external/LibriSpeech/test-other/7902/96592/7902-96592-0015.flac,bonafide,0,librispeech,bonafide_libri_test-other,libri_7902,7902-96592-0015,libri_7902,16000,
data/external/LibriSpeech/test-other/7902/96592/7902-96592-0016.flac,bonafide,0,librispeech,bonafide_libri_test-other,libri_7902,7902-96592-0016,libri_7902,16000,
data/external/LibriSpeech/test-other/7902/96592/7902-96592-0017.flac,bonafide,0,librispeech,bonafide_libri_test-other,libri_7902,7902-96592-0017,libri_7902,16000,
data/external/LibriSpeech/test-other/7902/96592/7902-96592-0018.flac,bonafide,0,librispeech,bonafide_libri_test-other,libri_7902,7902-96592-0018,libri_7902,16000,
data/external/LibriSpeech/test-other/7902/96592/7902-96592-0019.flac,bonafide,0,librispeech,bonafide_libri_test-other,libri_7902,7902-96592-0019,libri_7902,16000,
data/external/LibriSpeech/test-other/7902/96592/7902-96592-0020.flac,bonafide,0,librispeech,bonafide_libri_test-other,libri_7902,7902-96592-0020,libri_7902,16000,
data/external/LibriSpeech/test-other/7902/96592/7902-96592-0021.flac,bonafide,0,librispeech,bonafide_libri_test-other,libri_7902,7902-96592-0021,libri_7902,16000,
data/external/LibriSpeech/test-other/7902/96592/7902-96592-0022.flac,bonafide,0,librispeech,bonafide_libri_test-other,libri_7902,7902-96592-0022,libri_7902,16000,
data/external/LibriSpeech/test-other/7902/96592/7902-96592-0023.flac,bonafide,0,librispeech,bonafide_libri_test-other,libri_7902,7902-96592-0023,libri_7902,16000,
data/external/LibriSpeech/test-other/7902/96592/7902-96592-0024.flac,bonafide,0,librispeech,bonafide_libri_test-other,libri_7902,7902-96592-0024,libri_7902,16000,
data/external/LibriSpeech/test-other/7902/96592/7902-96592-0025.flac,bonafide,0,librispeech,bonafide_libri_test-other,libri_7902,7902-96592-0025,libri_7902,16000,
data/external/LibriSpeech/test-other/7902/96592/7902-96592-0026.flac,bonafide,0,librispeech,bonafide_libri_test-other,libri_7902,7902-96592-0026,libri_7902,16000,
data/external/LibriSpeech/test-other/7902/96592/7902-96592-0027.flac,bonafide,0,librispeech,bonafide_libri_test-other,libri_7902,7902-96592-0027,libri_7902,16000,
data/external/LibriSpeech/test-other/7902/96592/7902-96592-0028.flac,bonafide,0,librispeech,bonafide_libri_test-other,libri_7902,7902-96592-0028,libri_7902,16000,
data/external/LibriSpeech/test-other/7902/96592/7902-96592-0029.flac,bonafide,0,librispeech,bonafide_libri_test-other,libri_7902,7902-96592-0029,libri_7902,16000,
data/external/LibriSpeech/test-other/7902/96592/7902-96592-0030.flac,bonafide,0,librispeech,bonafide_libri_test-other,libri_7902,7902-96592-0030,libri_7902,16000,
data/external/LibriSpeech/test-other/7902/96592/7902-96592-0031.flac,bonafide,0,librispeech,bonafide_libri_test-other,libri_7902,7902-96592-0031,libri_7902,16000,
data/external/LibriSpeech/test-other/7902/96592/7902-96592-0032.flac,bonafide,0,librispeech,bonafide_libri_test-other,libri_7902,7902-96592-0032,libri_7902,16000,
data/external/LibriSpeech/test-other/7902/96592/7902-96592-0033.flac,bonafide,0,librispeech,bonafide_libri_test-other,libri_7902,7902-96592-0033,libri_7902,16000,
data/external/LibriSpeech/test-other/7902/96592/7902-96592-0034.flac,bonafide,0,librispeech,bonafide_libri_test-other,libri_7902,7902-96592-0034,libri_7902,16000,
data/external/LibriSpeech/test-other/7902/96592/7902-96592-0035.flac,bonafide,0,librispeech,bonafide_libri_test-other,libri_7902,7902-96592-0035,libri_7902,16000,
data/external/LibriSpeech/test-other/7902/96592/7902-96592-0036.flac,bonafide,0,librispeech,bonafide_libri_test-other,libri_7902,7902-96592-0036,libri_7902,16000,
data/external/LibriSpeech/test-other/7902/96592/7902-96592-0037.flac,bonafide,0,librispeech,bonafide_libri_test-other,libri_7902,7902-96592-0037,libri_7902,16000,
data/external/LibriSpeech/test-other/7902/96592/7902-96592-0038.flac,bonafide,0,librispeech,bonafide_libri_test-other,libri_7902,7902-96592-0038,libri_7902,16000,
data/external/LibriSpeech/test-other/7902/96592/7902-96592-0039.flac,bonafide,0,librispeech,bonafide_libri_test-other,libri_7902,7902-96592-0039,libri_7902,16000,
data/external/LibriSpeech/test-other/7902/96592/7902-96592-0040.flac,bonafide,0,librispeech,bonafide_libri_test-other,libri_7902,7902-96592-0040,libri_7902,16000,
data/external/LibriSpeech/test-other/7902/96592/7902-96592-0041.flac,bonafide,0,librispeech,bonafide_libri_test-other,libri_7902,7902-96592-0041,libri_7902,16000,
data/external/LibriSpeech/test-other/7902/96592/7902-96592-0042.flac,bonafide,0,librispeech,bonafide_libri_test-other,libri_7902,7902-96592-0042,libri_7902,16000,
data/external/LibriSpeech/test-other/7902/96592/7902-96592-0043.flac,bonafide,0,librispeech,bonafide_libri_test-other,libri_7902,7902-96592-0043,libri_7902,16000,
data/external/LibriSpeech/test-other/7902/96592/7902-96592-0044.flac,bonafide,0,librispeech,bonafide_libri_test-other,libri_7902,7902-96592-0044,libri_7902,16000,
data/external/LibriSpeech/test-other/7902/96592/7902-96592-0045.flac,bonafide,0,librispeech,bonafide_libri_test-other,libri_7902,7902-96592-0045,libri_7902,16000,
data/external/LibriSpeech/test-other/7902/96592/7902-96592-0046.flac,bonafide,0,librispeech,bonafide_libri_test-other,libri_7902,7902-96592-0046,libri_7902,16000,
data/external/LibriSpeech/test-other/7902/96592/7902-96592-0047.flac,bonafide,0,librispeech,bonafide_libri_test-other,libri_7902,7902-96592-0047,libri_7902,16000,
data/external/LibriSpeech/test-other/7902/96592/7902-96592-0048.flac,bonafide,0,librispeech,bonafide_libri_test-other,libri_7902,7902-96592-0048,libri_7902,16000,
data/external/LibriSpeech/test-other/7902/96592/7902-96592-0049.flac,bonafide,0,librispeech,bonafide_libri_test-other,libri_7902,7902-96592-0049,libri_7902,16000,
data/external/LibriSpeech/test-other/7902/96592/7902-96592-0050.flac,bonafide,0,librispeech,bonafide_libri_test-other,libri_7902,7902-96592-0050,libri_7902,16000,
data/external/LibriSpeech/test-other/7902/96594/7902-96594-0000.flac,bonafide,0,librispeech,bonafide_libri_test-other,libri_7902,7902-96594-0000,libri_7902,16000,
data/external/LibriSpeech/test-other/7902/96594/7902-96594-0001.flac,bonafide,0,librispeech,bonafide_libri_test-other,libri_7902,7902-96594-0001,libri_7902,16000,
data/external/LibriSpeech/test-other/7902/96594/7902-96594-0002.flac,bonafide,0,librispeech,bonafide_libri_test-other,libri_7902,7902-96594-0002,libri_7902,16000,
data/external/LibriSpeech/test-other/7902/96594/7902-96594-0003.flac,bonafide,0,librispeech,bonafide_libri_test-other,libri_7902,7902-96594-0003,libri_7902,16000,
data/external/LibriSpeech/test-other/7902/96594/7902-96594-0004.flac,bonafide,0,librispeech,bonafide_libri_test-other,libri_7902,7902-96594-0004,libri_7902,16000,
data/external/LibriSpeech/test-other/7902/96594/7902-96594-0005.flac,bonafide,0,librispeech,bonafide_libri_test-other,libri_7902,7902-96594-0005,libri_7902,16000,
data/external/LibriSpeech/test-other/7902/96594/7902-96594-0006.flac,bonafide,0,librispeech,bonafide_libri_test-other,libri_7902,7902-96594-0006,libri_7902,16000,
data/external/LibriSpeech/test-other/7902/96594/7902-96594-0007.flac,bonafide,0,librispeech,bonafide_libri_test-other,libri_7902,7902-96594-0007,libri_7902,16000,
data/external/LibriSpeech/test-other/7902/96594/7902-96594-0008.flac,bonafide,0,librispeech,bonafide_libri_test-other,libri_7902,7902-96594-0008,libri_7902,16000,
data/external/LibriSpeech/test-other/7902/96594/7902-96594-0009.flac,bonafide,0,librispeech,bonafide_libri_test-other,libri_7902,7902-96594-0009,libri_7902,16000,
data/external/LibriSpeech/test-other/7902/96594/7902-96594-0010.flac,bonafide,0,librispeech,bonafide_libri_test-other,libri_7902,7902-96594-0010,libri_7902,16000,
data/external/LibriSpeech/test-other/7902/96594/7902-96594-0011.flac,bonafide,0,librispeech,bonafide_libri_test-other,libri_7902,7902-96594-0011,libri_7902,16000,
data/external/LibriSpeech/test-other/7902/96594/7902-96594-0012.flac,bonafide,0,librispeech,bonafide_libri_test-other,libri_7902,7902-96594-0012,libri_7902,16000,
data/external/LibriSpeech/test-other/7902/96594/7902-96594-0013.flac,bonafide,0,librispeech,bonafide_libri_test-other,libri_7902,7902-96594-0013,libri_7902,16000,
data/external/LibriSpeech/test-other/7902/96594/7902-96594-0014.flac,bonafide,0,librispeech,bonafide_libri_test-other,libri_7902,7902-96594-0014,libri_7902,16000,
data/external/LibriSpeech/test-other/7902/96594/7902-96594-0015.flac,bonafide,0,librispeech,bonafide_libri_test-other,libri_7902,7902-96594-0015,libri_7902,16000,
data/external/LibriSpeech/test-other/7902/96594/7902-96594-0016.flac,bonafide,0,librispeech,bonafide_libri_test-other,libri_7902,7902-96594-0016,libri_7902,16000,
data/external/LibriSpeech/test-other/7902/96594/7902-96594-0017.flac,bonafide,0,librispeech,bonafide_libri_test-other,libri_7902,7902-96594-0017,libri_7902,16000,
data/external/LibriSpeech/test-other/7902/96594/7902-96594-0018.flac,bonafide,0,librispeech,bonafide_libri_test-other,libri_7902,7902-96594-0018,libri_7902,16000,
data/external/LibriSpeech/test-other/7902/96594/7902-96594-0019.flac,bonafide,0,librispeech,bonafide_libri_test-other,libri_7902,7902-96594-0019,libri_7902,16000,
data/external/LibriSpeech/test-other/7902/96594/7902-96594-0020.flac,bonafide,0,librispeech,bonafide_libri_test-other,libri_7902,7902-96594-0020,libri_7902,16000,
data/external/LibriSpeech/test-other/7902/96594/7902-96594-0021.flac,bonafide,0,librispeech,bonafide_libri_test-other,libri_7902,7902-96594-0021,libri_7902,16000,
data/external/LibriSpeech/test-other/7902/96594/7902-96594-0022.flac,bonafide,0,librispeech,bonafide_libri_test-other,libri_7902,7902-96594-0022,libri_7902,16000,
data/external/LibriSpeech/test-other/7902/96594/7902-96594-0023.flac,bonafide,0,librispeech,bonafide_libri_test-other,libri_7902,7902-96594-0023,libri_7902,16000,
data/external/LibriSpeech/test-other/7902/96594/7902-96594-0024.flac,bonafide,0,librispeech,bonafide_libri_test-other,libri_7902,7902-96594-0024,libri_7902,16000,
data/external/LibriSpeech/test-other/7902/96594/7902-96594-0025.flac,bonafide,0,librispeech,bonafide_libri_test-other,libri_7902,7902-96594-0025,libri_7902,16000,
data/external/LibriSpeech/test-other/7902/96594/7902-96594-0026.flac,bonafide,0,librispeech,bonafide_libri_test-other,libri_7902,7902-96594-0026,libri_7902,16000,
data/external/LibriSpeech/test-other/7902/96594/7902-96594-0027.flac,bonafide,0,librispeech,bonafide_libri_test-other,libri_7902,7902-96594-0027,libri_7902,16000,
data/external/LibriSpeech/test-other/7902/96594/7902-96594-0028.flac,bonafide,0,librispeech,bonafide_libri_test-other,libri_7902,7902-96594-0028,libri_7902,16000,
data/external/LibriSpeech/test-other/7902/96594/7902-96594-0029.flac,bonafide,0,librispeech,bonafide_libri_test-other,libri_7902,7902-96594-0029,libri_7902,16000,
data/external/LibriSpeech/test-other/7902/96594/7902-96594-0030.flac,bonafide,0,librispeech,bonafide_libri_test-other,libri_7902,7902-96594-0030,libri_7902,16000,
data/external/LibriSpeech/test-other/7902/96594/7902-96594-0031.flac,bonafide,0,librispeech,bonafide_libri_test-other,libri_7902,7902-96594-0031,libri_7902,16000,
data/external/LibriSpeech/test-other/7902/96594/7902-96594-0032.flac,bonafide,0,librispeech,bonafide_libri_test-other,libri_7902,7902-96594-0032,libri_7902,16000,
data/external/LibriSpeech/test-other/7902/96595/7902-96595-0000.flac,bonafide,0,librispeech,bonafide_libri_test-other,libri_7902,7902-96595-0000,libri_7902,16000,
data/external/LibriSpeech/test-other/7902/96595/7902-96595-0001.flac,bonafide,0,librispeech,bonafide_libri_test-other,libri_7902,7902-96595-0001,libri_7902,16000,
data/external/LibriSpeech/test-other/7902/96595/7902-96595-0002.flac,bonafide,0,librispeech,bonafide_libri_test-other,libri_7902,7902-96595-0002,libri_7902,16000,
data/external/LibriSpeech/test-other/7902/96595/7902-96595-0003.flac,bonafide,0,librispeech,bonafide_libri_test-other,libri_7902,7902-96595-0003,libri_7902,16000,
data/external/LibriSpeech/test-other/7902/96595/7902-96595-0004.flac,bonafide,0,librispeech,bonafide_libri_test-other,libri_7902,7902-96595-0004,libri_7902,16000,
data/external/LibriSpeech/test-other/7902/96595/7902-96595-0005.flac,bonafide,0,librispeech,bonafide_libri_test-other,libri_7902,7902-96595-0005,libri_7902,16000,
data/external/LibriSpeech/test-other/7902/96595/7902-96595-0006.flac,bonafide,0,librispeech,bonafide_libri_test-other,libri_7902,7902-96595-0006,libri_7902,16000,
data/external/LibriSpeech/test-other/7902/96595/7902-96595-0007.flac,bonafide,0,librispeech,bonafide_libri_test-other,libri_7902,7902-96595-0007,libri_7902,16000,
data/external/LibriSpeech/test-other/7902/96595/7902-96595-0008.flac,bonafide,0,librispeech,bonafide_libri_test-other,libri_7902,7902-96595-0008,libri_7902,16000,
data/external/LibriSpeech/test-other/7902/96595/7902-96595-0009.flac,bonafide,0,librispeech,bonafide_libri_test-other,libri_7902,7902-96595-0009,libri_7902,16000,
data/external/LibriSpeech/test-other/7902/96595/7902-96595-0010.flac,bonafide,0,librispeech,bonafide_libri_test-other,libri_7902,7902-96595-0010,libri_7902,16000,
data/external/LibriSpeech/test-other/7902/96595/7902-96595-0011.flac,bonafide,0,librispeech,bonafide_libri_test-other,libri_7902,7902-96595-0011,libri_7902,16000,
data/external/LibriSpeech/test-other/7902/96595/7902-96595-0012.flac,bonafide,0,librispeech,bonafide_libri_test-other,libri_7902,7902-96595-0012,libri_7902,16000,
data/external/LibriSpeech/test-other/7902/96595/7902-96595-0013.flac,bonafide,0,librispeech,bonafide_libri_test-other,libri_7902,7902-96595-0013,libri_7902,16000,
data/external/LibriSpeech/test-other/7902/96595/7902-96595-0014.flac,bonafide,0,librispeech,bonafide_libri_test-other,libri_7902,7902-96595-0014,libri_7902,16000,
data/external/LibriSpeech/test-other/7902/96595/7902-96595-0015.flac,bonafide,0,librispeech,bonafide_libri_test-other,libri_7902,7902-96595-0015,libri_7902,16000,
data/external/LibriSpeech/test-other/7902/96595/7902-96595-0016.flac,bonafide,0,librispeech,bonafide_libri_test-other,libri_7902,7902-96595-0016,libri_7902,16000,
data/external/LibriSpeech/test-other/7902/96595/7902-96595-0017.flac,bonafide,0,librispeech,bonafide_libri_test-other,libri_7902,7902-96595-0017,libri_7902,16000,
data/external/LibriSpeech/test-other/7902/96595/7902-96595-0018.flac,bonafide,0,librispeech,bonafide_libri_test-other,libri_7902,7902-96595-0018,libri_7902,16000,
data/external/LibriSpeech/test-other/7902/96595/7902-96595-0019.flac,bonafide,0,librispeech,bonafide_libri_test-other,libri_7902,7902-96595-0019,libri_7902,16000,
data/external/LibriSpeech/test-other/7902/96595/7902-96595-0020.flac,bonafide,0,librispeech,bonafide_libri_test-other,libri_7902,7902-96595-0020,libri_7902,16000,
data/external/LibriSpeech/test-other/7902/96595/7902-96595-0021.flac,bonafide,0,librispeech,bonafide_libri_test-other,libri_7902,7902-96595-0021,libri_7902,16000,
data/external/LibriSpeech/test-other/7902/96595/7902-96595-0022.flac,bonafide,0,librispeech,bonafide_libri_test-other,libri_7902,7902-96595-0022,libri_7902,16000,
data/external/LibriSpeech/test-other/7902/96595/7902-96595-0023.flac,bonafide,0,librispeech,bonafide_libri_test-other,libri_7902,7902-96595-0023,libri_7902,16000,
data/external/LibriSpeech/test-other/7902/96595/7902-96595-0024.flac,bonafide,0,librispeech,bonafide_libri_test-other,libri_7902,7902-96595-0024,libri_7902,16000,
data/external/LibriSpeech/test-other/7902/96595/7902-96595-0025.flac,bonafide,0,librispeech,bonafide_libri_test-other,libri_7902,7902-96595-0025,libri_7902,16000,
data/external/LibriSpeech/test-other/7975/280057/7975-280057-0000.flac,bonafide,0,librispeech,bonafide_libri_test-other,libri_7975,7975-280057-0000,libri_7975,16000,
data/external/LibriSpeech/test-other/7975/280057/7975-280057-0001.flac,bonafide,0,librispeech,bonafide_libri_test-other,libri_7975,7975-280057-0001,libri_7975,16000,
data/external/LibriSpeech/test-other/7975/280057/7975-280057-0002.flac,bonafide,0,librispeech,bonafide_libri_test-other,libri_7975,7975-280057-0002,libri_7975,16000,
data/external/LibriSpeech/test-other/7975/280057/7975-280057-0003.flac,bonafide,0,librispeech,bonafide_libri_test-other,libri_7975,7975-280057-0003,libri_7975,16000,
data/external/LibriSpeech/test-other/7975/280057/7975-280057-0004.flac,bonafide,0,librispeech,bonafide_libri_test-other,libri_7975,7975-280057-0004,libri_7975,16000,
data/external/LibriSpeech/test-other/7975/280057/7975-280057-0005.flac,bonafide,0,librispeech,bonafide_libri_test-other,libri_7975,7975-280057-0005,libri_7975,16000,
data/external/LibriSpeech/test-other/7975/280057/7975-280057-0006.flac,bonafide,0,librispeech,bonafide_libri_test-other,libri_7975,7975-280057-0006,libri_7975,16000,
data/external/LibriSpeech/test-other/7975/280057/7975-280057-0007.flac,bonafide,0,librispeech,bonafide_libri_test-other,libri_7975,7975-280057-0007,libri_7975,16000,
data/external/LibriSpeech/test-other/7975/280057/7975-280057-0008.flac,bonafide,0,librispeech,bonafide_libri_test-other,libri_7975,7975-280057-0008,libri_7975,16000,
data/external/LibriSpeech/test-other/7975/280057/7975-280057-0009.flac,bonafide,0,librispeech,bonafide_libri_test-other,libri_7975,7975-280057-0009,libri_7975,16000,
data/external/LibriSpeech/test-other/7975/280057/7975-280057-0010.flac,bonafide,0,librispeech,bonafide_libri_test-other,libri_7975,7975-280057-0010,libri_7975,16000,
data/external/LibriSpeech/test-other/7975/280057/7975-280057-0011.flac,bonafide,0,librispeech,bonafide_libri_test-other,libri_7975,7975-280057-0011,libri_7975,16000,
data/external/LibriSpeech/test-other/7975/280057/7975-280057-0012.flac,bonafide,0,librispeech,bonafide_libri_test-other,libri_7975,7975-280057-0012,libri_7975,16000,
data/external/LibriSpeech/test-other/7975/280057/7975-280057-0013.flac,bonafide,0,librispeech,bonafide_libri_test-other,libri_7975,7975-280057-0013,libri_7975,16000,
data/external/LibriSpeech/test-other/7975/280057/7975-280057-0014.flac,bonafide,0,librispeech,bonafide_libri_test-other,libri_7975,7975-280057-0014,libri_7975,16000,
data/external/LibriSpeech/test-other/7975/280057/7975-280057-0015.flac,bonafide,0,librispeech,bonafide_libri_test-other,libri_7975,7975-280057-0015,libri_7975,16000,
data/external/LibriSpeech/test-other/7975/280057/7975-280057-0016.flac,bonafide,0,librispeech,bonafide_libri_test-other,libri_7975,7975-280057-0016,libri_7975,16000,
data/external/LibriSpeech/test-other/7975/280057/7975-280057-0017.flac,bonafide,0,librispeech,bonafide_libri_test-other,libri_7975,7975-280057-0017,libri_7975,16000,
data/external/LibriSpeech/test-other/7975/280057/7975-280057-0018.flac,bonafide,0,librispeech,bonafide_libri_test-other,libri_7975,7975-280057-0018,libri_7975,16000,
data/external/LibriSpeech/test-other/7975/280057/7975-280057-0019.flac,bonafide,0,librispeech,bonafide_libri_test-other,libri_7975,7975-280057-0019,libri_7975,16000,
data/external/LibriSpeech/test-other/7975/280057/7975-280057-0020.flac,bonafide,0,librispeech,bonafide_libri_test-other,libri_7975,7975-280057-0020,libri_7975,16000,
data/external/LibriSpeech/test-other/7975/280063/7975-280063-0000.flac,bonafide,0,librispeech,bonafide_libri_test-other,libri_7975,7975-280063-0000,libri_7975,16000,
data/external/LibriSpeech/test-other/7975/280063/7975-280063-0001.flac,bonafide,0,librispeech,bonafide_libri_test-other,libri_7975,7975-280063-0001,libri_7975,16000,
data/external/LibriSpeech/test-other/7975/280063/7975-280063-0002.flac,bonafide,0,librispeech,bonafide_libri_test-other,libri_7975,7975-280063-0002,libri_7975,16000,
data/external/LibriSpeech/test-other/7975/280063/7975-280063-0003.flac,bonafide,0,librispeech,bonafide_libri_test-other,libri_7975,7975-280063-0003,libri_7975,16000,
data/external/LibriSpeech/test-other/7975/280063/7975-280063-0004.flac,bonafide,0,librispeech,bonafide_libri_test-other,libri_7975,7975-280063-0004,libri_7975,16000,
data/external/LibriSpeech/test-other/7975/280063/7975-280063-0005.flac,bonafide,0,librispeech,bonafide_libri_test-other,libri_7975,7975-280063-0005,libri_7975,16000,
data/external/LibriSpeech/test-other/7975/280063/7975-280063-0006.flac,bonafide,0,librispeech,bonafide_libri_test-other,libri_7975,7975-280063-0006,libri_7975,16000,
data/external/LibriSpeech/test-other/7975/280063/7975-280063-0007.flac,bonafide,0,librispeech,bonafide_libri_test-other,libri_7975,7975-280063-0007,libri_7975,16000,
data/external/LibriSpeech/test-other/7975/280063/7975-280063-0008.flac,bonafide,0,librispeech,bonafide_libri_test-other,libri_7975,7975-280063-0008,libri_7975,16000,
data/external/LibriSpeech/test-other/7975/280063/7975-280063-0009.flac,bonafide,0,librispeech,bonafide_libri_test-other,libri_7975,7975-280063-0009,libri_7975,16000,
data/external/LibriSpeech/test-other/7975/280063/7975-280063-0010.flac,bonafide,0,librispeech,bonafide_libri_test-other,libri_7975,7975-280063-0010,libri_7975,16000,
data/external/LibriSpeech/test-other/7975/280063/7975-280063-0011.flac,bonafide,0,librispeech,bonafide_libri_test-other,libri_7975,7975-280063-0011,libri_7975,16000,
data/external/LibriSpeech/test-other/7975/280063/7975-280063-0012.flac,bonafide,0,librispeech,bonafide_libri_test-other,libri_7975,7975-280063-0012,libri_7975,16000,
data/external/LibriSpeech/test-other/7975/280076/7975-280076-0000.flac,bonafide,0,librispeech,bonafide_libri_test-other,libri_7975,7975-280076-0000,libri_7975,16000,
data/external/LibriSpeech/test-other/7975/280076/7975-280076-0001.flac,bonafide,0,librispeech,bonafide_libri_test-other,libri_7975,7975-280076-0001,libri_7975,16000,
data/external/LibriSpeech/test-other/7975/280076/7975-280076-0002.flac,bonafide,0,librispeech,bonafide_libri_test-other,libri_7975,7975-280076-0002,libri_7975,16000,
data/external/LibriSpeech/test-other/7975/280076/7975-280076-0003.flac,bonafide,0,librispeech,bonafide_libri_test-other,libri_7975,7975-280076-0003,libri_7975,16000,
data/external/LibriSpeech/test-other/7975/280076/7975-280076-0004.flac,bonafide,0,librispeech,bonafide_libri_test-other,libri_7975,7975-280076-0004,libri_7975,16000,
data/external/LibriSpeech/test-other/7975/280076/7975-280076-0005.flac,bonafide,0,librispeech,bonafide_libri_test-other,libri_7975,7975-280076-0005,libri_7975,16000,
data/external/LibriSpeech/test-other/7975/280076/7975-280076-0006.flac,bonafide,0,librispeech,bonafide_libri_test-other,libri_7975,7975-280076-0006,libri_7975,16000,
data/external/LibriSpeech/test-other/7975/280076/7975-280076-0007.flac,bonafide,0,librispeech,bonafide_libri_test-other,libri_7975,7975-280076-0007,libri_7975,16000,
data/external/LibriSpeech/test-other/7975/280076/7975-280076-0008.flac,bonafide,0,librispeech,bonafide_libri_test-other,libri_7975,7975-280076-0008,libri_7975,16000,
data/external/LibriSpeech/test-other/7975/280076/7975-280076-0009.flac,bonafide,0,librispeech,bonafide_libri_test-other,libri_7975,7975-280076-0009,libri_7975,16000,
data/external/LibriSpeech/test-other/7975/280076/7975-280076-0010.flac,bonafide,0,librispeech,bonafide_libri_test-other,libri_7975,7975-280076-0010,libri_7975,16000,
data/external/LibriSpeech/test-other/7975/280076/7975-280076-0011.flac,bonafide,0,librispeech,bonafide_libri_test-other,libri_7975,7975-280076-0011,libri_7975,16000,
data/external/LibriSpeech/test-other/7975/280076/7975-280076-0012.flac,bonafide,0,librispeech,bonafide_libri_test-other,libri_7975,7975-280076-0012,libri_7975,16000,
data/external/LibriSpeech/test-other/7975/280076/7975-280076-0013.flac,bonafide,0,librispeech,bonafide_libri_test-other,libri_7975,7975-280076-0013,libri_7975,16000,
data/external/LibriSpeech/test-other/7975/280076/7975-280076-0014.flac,bonafide,0,librispeech,bonafide_libri_test-other,libri_7975,7975-280076-0014,libri_7975,16000,
data/external/LibriSpeech/test-other/7975/280076/7975-280076-0015.flac,bonafide,0,librispeech,bonafide_libri_test-other,libri_7975,7975-280076-0015,libri_7975,16000,
data/external/LibriSpeech/test-other/7975/280076/7975-280076-0016.flac,bonafide,0,librispeech,bonafide_libri_test-other,libri_7975,7975-280076-0016,libri_7975,16000,
data/external/LibriSpeech/test-other/7975/280076/7975-280076-0017.flac,bonafide,0,librispeech,bonafide_libri_test-other,libri_7975,7975-280076-0017,libri_7975,16000,
data/external/LibriSpeech/test-other/7975/280076/7975-280076-0018.flac,bonafide,0,librispeech,bonafide_libri_test-other,libri_7975,7975-280076-0018,libri_7975,16000,
data/external/LibriSpeech/test-other/7975/280076/7975-280076-0019.flac,bonafide,0,librispeech,bonafide_libri_test-other,libri_7975,7975-280076-0019,libri_7975,16000,
data/external/LibriSpeech/test-other/7975/280076/7975-280076-0020.flac,bonafide,0,librispeech,bonafide_libri_test-other,libri_7975,7975-280076-0020,libri_7975,16000,
data/external/LibriSpeech/test-other/7975/280076/7975-280076-0021.flac,bonafide,0,librispeech,bonafide_libri_test-other,libri_7975,7975-280076-0021,libri_7975,16000,
data/external/LibriSpeech/test-other/7975/280076/7975-280076-0022.flac,bonafide,0,librispeech,bonafide_libri_test-other,libri_7975,7975-280076-0022,libri_7975,16000,
data/external/LibriSpeech/test-other/7975/280076/7975-280076-0023.flac,bonafide,0,librispeech,bonafide_libri_test-other,libri_7975,7975-280076-0023,libri_7975,16000,
data/external/LibriSpeech/test-other/7975/280076/7975-280076-0024.flac,bonafide,0,librispeech,bonafide_libri_test-other,libri_7975,7975-280076-0024,libri_7975,16000,
data/external/LibriSpeech/test-other/7975/280076/7975-280076-0025.flac,bonafide,0,librispeech,bonafide_libri_test-other,libri_7975,7975-280076-0025,libri_7975,16000,
data/external/LibriSpeech/test-other/7975/280076/7975-280076-0026.flac,bonafide,0,librispeech,bonafide_libri_test-other,libri_7975,7975-280076-0026,libri_7975,16000,
data/external/LibriSpeech/test-other/7975/280076/7975-280076-0027.flac,bonafide,0,librispeech,bonafide_libri_test-other,libri_7975,7975-280076-0027,libri_7975,16000,
data/external/LibriSpeech/test-other/7975/280076/7975-280076-0028.flac,bonafide,0,librispeech,bonafide_libri_test-other,libri_7975,7975-280076-0028,libri_7975,16000,
data/external/LibriSpeech/test-other/7975/280084/7975-280084-0000.flac,bonafide,0,librispeech,bonafide_libri_test-other,libri_7975,7975-280084-0000,libri_7975,16000,
data/external/LibriSpeech/test-other/7975/280084/7975-280084-0001.flac,bonafide,0,librispeech,bonafide_libri_test-other,libri_7975,7975-280084-0001,libri_7975,16000,
data/external/LibriSpeech/test-other/7975/280084/7975-280084-0002.flac,bonafide,0,librispeech,bonafide_libri_test-other,libri_7975,7975-280084-0002,libri_7975,16000,
data/external/LibriSpeech/test-other/7975/280084/7975-280084-0003.flac,bonafide,0,librispeech,bonafide_libri_test-other,libri_7975,7975-280084-0003,libri_7975,16000,
data/external/LibriSpeech/test-other/7975/280084/7975-280084-0004.flac,bonafide,0,librispeech,bonafide_libri_test-other,libri_7975,7975-280084-0004,libri_7975,16000,
data/external/LibriSpeech/test-other/7975/280084/7975-280084-0005.flac,bonafide,0,librispeech,bonafide_libri_test-other,libri_7975,7975-280084-0005,libri_7975,16000,
data/external/LibriSpeech/test-other/7975/280084/7975-280084-0006.flac,bonafide,0,librispeech,bonafide_libri_test-other,libri_7975,7975-280084-0006,libri_7975,16000,
data/external/LibriSpeech/test-other/7975/280084/7975-280084-0007.flac,bonafide,0,librispeech,bonafide_libri_test-other,libri_7975,7975-280084-0007,libri_7975,16000,
data/external/LibriSpeech/test-other/7975/280084/7975-280084-0008.flac,bonafide,0,librispeech,bonafide_libri_test-other,libri_7975,7975-280084-0008,libri_7975,16000,
data/external/LibriSpeech/test-other/7975/280084/7975-280084-0009.flac,bonafide,0,librispeech,bonafide_libri_test-other,libri_7975,7975-280084-0009,libri_7975,16000,
data/external/LibriSpeech/test-other/7975/280084/7975-280084-0010.flac,bonafide,0,librispeech,bonafide_libri_test-other,libri_7975,7975-280084-0010,libri_7975,16000,
data/external/LibriSpeech/test-other/7975/280084/7975-280084-0011.flac,bonafide,0,librispeech,bonafide_libri_test-other,libri_7975,7975-280084-0011,libri_7975,16000,
data/external/LibriSpeech/test-other/7975/280084/7975-280084-0012.flac,bonafide,0,librispeech,bonafide_libri_test-other,libri_7975,7975-280084-0012,libri_7975,16000,
data/external/LibriSpeech/test-other/7975/280084/7975-280084-0013.flac,bonafide,0,librispeech,bonafide_libri_test-other,libri_7975,7975-280084-0013,libri_7975,16000,
data/external/LibriSpeech/test-other/7975/280084/7975-280084-0014.flac,bonafide,0,librispeech,bonafide_libri_test-other,libri_7975,7975-280084-0014,libri_7975,16000,
data/external/LibriSpeech/test-other/7975/280084/7975-280084-0015.flac,bonafide,0,librispeech,bonafide_libri_test-other,libri_7975,7975-280084-0015,libri_7975,16000,
data/external/LibriSpeech/test-other/7975/280084/7975-280084-0016.flac,bonafide,0,librispeech,bonafide_libri_test-other,libri_7975,7975-280084-0016,libri_7975,16000,
data/external/LibriSpeech/test-other/7975/280084/7975-280084-0017.flac,bonafide,0,librispeech,bonafide_libri_test-other,libri_7975,7975-280084-0017,libri_7975,16000,
data/external/LibriSpeech/test-other/7975/280085/7975-280085-0000.flac,bonafide,0,librispeech,bonafide_libri_test-other,libri_7975,7975-280085-0000,libri_7975,16000,
data/external/LibriSpeech/test-other/7975/280085/7975-280085-0001.flac,bonafide,0,librispeech,bonafide_libri_test-other,libri_7975,7975-280085-0001,libri_7975,16000,
data/external/LibriSpeech/test-other/7975/280085/7975-280085-0002.flac,bonafide,0,librispeech,bonafide_libri_test-other,libri_7975,7975-280085-0002,libri_7975,16000,
data/external/LibriSpeech/test-other/7975/280085/7975-280085-0003.flac,bonafide,0,librispeech,bonafide_libri_test-other,libri_7975,7975-280085-0003,libri_7975,16000,
data/external/LibriSpeech/test-other/7975/280085/7975-280085-0004.flac,bonafide,0,librispeech,bonafide_libri_test-other,libri_7975,7975-280085-0004,libri_7975,16000,
data/external/LibriSpeech/test-other/7975/280085/7975-280085-0005.flac,bonafide,0,librispeech,bonafide_libri_test-other,libri_7975,7975-280085-0005,libri_7975,16000,
data/external/LibriSpeech/test-other/7975/280085/7975-280085-0006.flac,bonafide,0,librispeech,bonafide_libri_test-other,libri_7975,7975-280085-0006,libri_7975,16000,
data/external/LibriSpeech/test-other/7975/280085/7975-280085-0007.flac,bonafide,0,librispeech,bonafide_libri_test-other,libri_7975,7975-280085-0007,libri_7975,16000,
data/external/LibriSpeech/test-other/7975/280085/7975-280085-0008.flac,bonafide,0,librispeech,bonafide_libri_test-other,libri_7975,7975-280085-0008,libri_7975,16000,
data/external/LibriSpeech/test-other/7975/280085/7975-280085-0009.flac,bonafide,0,librispeech,bonafide_libri_test-other,libri_7975,7975-280085-0009,libri_7975,16000,
data/external/LibriSpeech/test-other/7975/280085/7975-280085-0010.flac,bonafide,0,librispeech,bonafide_libri_test-other,libri_7975,7975-280085-0010,libri_7975,16000,
data/external/LibriSpeech/test-other/7975/280085/7975-280085-0011.flac,bonafide,0,librispeech,bonafide_libri_test-other,libri_7975,7975-280085-0011,libri_7975,16000,
data/external/LibriSpeech/test-other/7975/280085/7975-280085-0012.flac,bonafide,0,librispeech,bonafide_libri_test-other,libri_7975,7975-280085-0012,libri_7975,16000,
data/external/LibriSpeech/test-other/7975/280085/7975-280085-0013.flac,bonafide,0,librispeech,bonafide_libri_test-other,libri_7975,7975-280085-0013,libri_7975,16000,
data/external/LibriSpeech/test-other/7975/280085/7975-280085-0014.flac,bonafide,0,librispeech,bonafide_libri_test-other,libri_7975,7975-280085-0014,libri_7975,16000,
data/external/LibriSpeech/test-other/7975/280085/7975-280085-0015.flac,bonafide,0,librispeech,bonafide_libri_test-other,libri_7975,7975-280085-0015,libri_7975,16000,
data/external/LibriSpeech/test-other/7975/280085/7975-280085-0016.flac,bonafide,0,librispeech,bonafide_libri_test-other,libri_7975,7975-280085-0016,libri_7975,16000,
data/external/LibriSpeech/test-other/7975/280085/7975-280085-0017.flac,bonafide,0,librispeech,bonafide_libri_test-other,libri_7975,7975-280085-0017,libri_7975,16000,
data/external/LibriSpeech/test-other/7975/280085/7975-280085-0018.flac,bonafide,0,librispeech,bonafide_libri_test-other,libri_7975,7975-280085-0018,libri_7975,16000,
data/external/LibriSpeech/test-other/8131/117016/8131-117016-0000.flac,bonafide,0,librispeech,bonafide_libri_test-other,libri_8131,8131-117016-0000,libri_8131,16000,
data/external/LibriSpeech/test-other/8131/117016/8131-117016-0001.flac,bonafide,0,librispeech,bonafide_libri_test-other,libri_8131,8131-117016-0001,libri_8131,16000,
data/external/LibriSpeech/test-other/8131/117016/8131-117016-0002.flac,bonafide,0,librispeech,bonafide_libri_test-other,libri_8131,8131-117016-0002,libri_8131,16000,
data/external/LibriSpeech/test-other/8131/117016/8131-117016-0003.flac,bonafide,0,librispeech,bonafide_libri_test-other,libri_8131,8131-117016-0003,libri_8131,16000,
data/external/LibriSpeech/test-other/8131/117016/8131-117016-0004.flac,bonafide,0,librispeech,bonafide_libri_test-other,libri_8131,8131-117016-0004,libri_8131,16000,
data/external/LibriSpeech/test-other/8131/117016/8131-117016-0005.flac,bonafide,0,librispeech,bonafide_libri_test-other,libri_8131,8131-117016-0005,libri_8131,16000,
data/external/LibriSpeech/test-other/8131/117016/8131-117016-0006.flac,bonafide,0,librispeech,bonafide_libri_test-other,libri_8131,8131-117016-0006,libri_8131,16000,
data/external/LibriSpeech/test-other/8131/117016/8131-117016-0007.flac,bonafide,0,librispeech,bonafide_libri_test-other,libri_8131,8131-117016-0007,libri_8131,16000,
data/external/LibriSpeech/test-other/8131/117016/8131-117016-0008.flac,bonafide,0,librispeech,bonafide_libri_test-other,libri_8131,8131-117016-0008,libri_8131,16000,
data/external/LibriSpeech/test-other/8131/117016/8131-117016-0009.flac,bonafide,0,librispeech,bonafide_libri_test-other,libri_8131,8131-117016-0009,libri_8131,16000,
data/external/LibriSpeech/test-other/8131/117016/8131-117016-0010.flac,bonafide,0,librispeech,bonafide_libri_test-other,libri_8131,8131-117016-0010,libri_8131,16000,
data/external/LibriSpeech/test-other/8131/117016/8131-117016-0011.flac,bonafide,0,librispeech,bonafide_libri_test-other,libri_8131,8131-117016-0011,libri_8131,16000,
data/external/LibriSpeech/test-other/8131/117016/8131-117016-0012.flac,bonafide,0,librispeech,bonafide_libri_test-other,libri_8131,8131-117016-0012,libri_8131,16000,
data/external/LibriSpeech/test-other/8131/117016/8131-117016-0013.flac,bonafide,0,librispeech,bonafide_libri_test-other,libri_8131,8131-117016-0013,libri_8131,16000,
data/external/LibriSpeech/test-other/8131/117016/8131-117016-0014.flac,bonafide,0,librispeech,bonafide_libri_test-other,libri_8131,8131-117016-0014,libri_8131,16000,
data/external/LibriSpeech/test-other/8131/117016/8131-117016-0015.flac,bonafide,0,librispeech,bonafide_libri_test-other,libri_8131,8131-117016-0015,libri_8131,16000,
data/external/LibriSpeech/test-other/8131/117016/8131-117016-0016.flac,bonafide,0,librispeech,bonafide_libri_test-other,libri_8131,8131-117016-0016,libri_8131,16000,
data/external/LibriSpeech/test-other/8131/117016/8131-117016-0017.flac,bonafide,0,librispeech,bonafide_libri_test-other,libri_8131,8131-117016-0017,libri_8131,16000,
data/external/LibriSpeech/test-other/8131/117016/8131-117016-0018.flac,bonafide,0,librispeech,bonafide_libri_test-other,libri_8131,8131-117016-0018,libri_8131,16000,
data/external/LibriSpeech/test-other/8131/117016/8131-117016-0019.flac,bonafide,0,librispeech,bonafide_libri_test-other,libri_8131,8131-117016-0019,libri_8131,16000,
data/external/LibriSpeech/test-other/8131/117016/8131-117016-0020.flac,bonafide,0,librispeech,bonafide_libri_test-other,libri_8131,8131-117016-0020,libri_8131,16000,
data/external/LibriSpeech/test-other/8131/117016/8131-117016-0021.flac,bonafide,0,librispeech,bonafide_libri_test-other,libri_8131,8131-117016-0021,libri_8131,16000,
data/external/LibriSpeech/test-other/8131/117016/8131-117016-0022.flac,bonafide,0,librispeech,bonafide_libri_test-other,libri_8131,8131-117016-0022,libri_8131,16000,
data/external/LibriSpeech/test-other/8131/117016/8131-117016-0023.flac,bonafide,0,librispeech,bonafide_libri_test-other,libri_8131,8131-117016-0023,libri_8131,16000,
data/external/LibriSpeech/test-other/8131/117016/8131-117016-0024.flac,bonafide,0,librispeech,bonafide_libri_test-other,libri_8131,8131-117016-0024,libri_8131,16000,
data/external/LibriSpeech/test-other/8131/117016/8131-117016-0025.flac,bonafide,0,librispeech,bonafide_libri_test-other,libri_8131,8131-117016-0025,libri_8131,16000,
data/external/LibriSpeech/test-other/8131/117016/8131-117016-0026.flac,bonafide,0,librispeech,bonafide_libri_test-other,libri_8131,8131-117016-0026,libri_8131,16000,
data/external/LibriSpeech/test-other/8131/117016/8131-117016-0027.flac,bonafide,0,librispeech,bonafide_libri_test-other,libri_8131,8131-117016-0027,libri_8131,16000,
data/external/LibriSpeech/test-other/8131/117016/8131-117016-0028.flac,bonafide,0,librispeech,bonafide_libri_test-other,libri_8131,8131-117016-0028,libri_8131,16000,
data/external/LibriSpeech/test-other/8131/117016/8131-117016-0029.flac,bonafide,0,librispeech,bonafide_libri_test-other,libri_8131,8131-117016-0029,libri_8131,16000,
data/external/LibriSpeech/test-other/8131/117016/8131-117016-0030.flac,bonafide,0,librispeech,bonafide_libri_test-other,libri_8131,8131-117016-0030,libri_8131,16000,
data/external/LibriSpeech/test-other/8131/117016/8131-117016-0031.flac,bonafide,0,librispeech,bonafide_libri_test-other,libri_8131,8131-117016-0031,libri_8131,16000,
data/external/LibriSpeech/test-other/8131/117016/8131-117016-0032.flac,bonafide,0,librispeech,bonafide_libri_test-other,libri_8131,8131-117016-0032,libri_8131,16000,
data/external/LibriSpeech/test-other/8131/117016/8131-117016-0033.flac,bonafide,0,librispeech,bonafide_libri_test-other,libri_8131,8131-117016-0033,libri_8131,16000,
data/external/LibriSpeech/test-other/8131/117016/8131-117016-0034.flac,bonafide,0,librispeech,bonafide_libri_test-other,libri_8131,8131-117016-0034,libri_8131,16000,
data/external/LibriSpeech/test-other/8131/117016/8131-117016-0035.flac,bonafide,0,librispeech,bonafide_libri_test-other,libri_8131,8131-117016-0035,libri_8131,16000,
data/external/LibriSpeech/test-other/8131/117016/8131-117016-0036.flac,bonafide,0,librispeech,bonafide_libri_test-other,libri_8131,8131-117016-0036,libri_8131,16000,
data/external/LibriSpeech/test-other/8131/117016/8131-117016-0037.flac,bonafide,0,librispeech,bonafide_libri_test-other,libri_8131,8131-117016-0037,libri_8131,16000,
data/external/LibriSpeech/test-other/8131/117016/8131-117016-0038.flac,bonafide,0,librispeech,bonafide_libri_test-other,libri_8131,8131-117016-0038,libri_8131,16000,
data/external/LibriSpeech/test-other/8131/117016/8131-117016-0039.flac,bonafide,0,librispeech,bonafide_libri_test-other,libri_8131,8131-117016-0039,libri_8131,16000,
data/external/LibriSpeech/test-other/8131/117016/8131-117016-0040.flac,bonafide,0,librispeech,bonafide_libri_test-other,libri_8131,8131-117016-0040,libri_8131,16000,
data/external/LibriSpeech/test-other/8131/117016/8131-117016-0041.flac,bonafide,0,librispeech,bonafide_libri_test-other,libri_8131,8131-117016-0041,libri_8131,16000,
data/external/LibriSpeech/test-other/8131/117016/8131-117016-0042.flac,bonafide,0,librispeech,bonafide_libri_test-other,libri_8131,8131-117016-0042,libri_8131,16000,
data/external/LibriSpeech/test-other/8131/117016/8131-117016-0043.flac,bonafide,0,librispeech,bonafide_libri_test-other,libri_8131,8131-117016-0043,libri_8131,16000,
data/external/LibriSpeech/test-other/8131/117016/8131-117016-0044.flac,bonafide,0,librispeech,bonafide_libri_test-other,libri_8131,8131-117016-0044,libri_8131,16000,
data/external/LibriSpeech/test-other/8131/117016/8131-117016-0045.flac,bonafide,0,librispeech,bonafide_libri_test-other,libri_8131,8131-117016-0045,libri_8131,16000,
data/external/LibriSpeech/test-other/8131/117016/8131-117016-0046.flac,bonafide,0,librispeech,bonafide_libri_test-other,libri_8131,8131-117016-0046,libri_8131,16000,
data/external/LibriSpeech/test-other/8131/117016/8131-117016-0047.flac,bonafide,0,librispeech,bonafide_libri_test-other,libri_8131,8131-117016-0047,libri_8131,16000,
data/external/LibriSpeech/test-other/8131/117016/8131-117016-0048.flac,bonafide,0,librispeech,bonafide_libri_test-other,libri_8131,8131-117016-0048,libri_8131,16000,
data/external/LibriSpeech/test-other/8131/117016/8131-117016-0049.flac,bonafide,0,librispeech,bonafide_libri_test-other,libri_8131,8131-117016-0049,libri_8131,16000,
data/external/LibriSpeech/test-other/8131/117016/8131-117016-0050.flac,bonafide,0,librispeech,bonafide_libri_test-other,libri_8131,8131-117016-0050,libri_8131,16000,
data/external/LibriSpeech/test-other/8131/117016/8131-117016-0051.flac,bonafide,0,librispeech,bonafide_libri_test-other,libri_8131,8131-117016-0051,libri_8131,16000,
data/external/LibriSpeech/test-other/8131/117016/8131-117016-0052.flac,bonafide,0,librispeech,bonafide_libri_test-other,libri_8131,8131-117016-0052,libri_8131,16000,
data/external/LibriSpeech/test-other/8131/117016/8131-117016-0053.flac,bonafide,0,librispeech,bonafide_libri_test-other,libri_8131,8131-117016-0053,libri_8131,16000,
data/external/LibriSpeech/test-other/8131/117016/8131-117016-0054.flac,bonafide,0,librispeech,bonafide_libri_test-other,libri_8131,8131-117016-0054,libri_8131,16000,
data/external/LibriSpeech/test-other/8131/117016/8131-117016-0055.flac,bonafide,0,librispeech,bonafide_libri_test-other,libri_8131,8131-117016-0055,libri_8131,16000,
data/external/LibriSpeech/test-other/8131/117016/8131-117016-0056.flac,bonafide,0,librispeech,bonafide_libri_test-other,libri_8131,8131-117016-0056,libri_8131,16000,
data/external/LibriSpeech/test-other/8131/117016/8131-117016-0057.flac,bonafide,0,librispeech,bonafide_libri_test-other,libri_8131,8131-117016-0057,libri_8131,16000,
data/external/LibriSpeech/test-other/8131/117016/8131-117016-0058.flac,bonafide,0,librispeech,bonafide_libri_test-other,libri_8131,8131-117016-0058,libri_8131,16000,
data/external/LibriSpeech/test-other/8131/117016/8131-117016-0059.flac,bonafide,0,librispeech,bonafide_libri_test-other,libri_8131,8131-117016-0059,libri_8131,16000,
data/external/LibriSpeech/test-other/8131/117016/8131-117016-0060.flac,bonafide,0,librispeech,bonafide_libri_test-other,libri_8131,8131-117016-0060,libri_8131,16000,
data/external/LibriSpeech/test-other/8131/117016/8131-117016-0061.flac,bonafide,0,librispeech,bonafide_libri_test-other,libri_8131,8131-117016-0061,libri_8131,16000,
data/external/LibriSpeech/test-other/8131/117017/8131-117017-0000.flac,bonafide,0,librispeech,bonafide_libri_test-other,libri_8131,8131-117017-0000,libri_8131,16000,
data/external/LibriSpeech/test-other/8131/117017/8131-117017-0001.flac,bonafide,0,librispeech,bonafide_libri_test-other,libri_8131,8131-117017-0001,libri_8131,16000,
data/external/LibriSpeech/test-other/8131/117017/8131-117017-0002.flac,bonafide,0,librispeech,bonafide_libri_test-other,libri_8131,8131-117017-0002,libri_8131,16000,
data/external/LibriSpeech/test-other/8131/117017/8131-117017-0003.flac,bonafide,0,librispeech,bonafide_libri_test-other,libri_8131,8131-117017-0003,libri_8131,16000,
data/external/LibriSpeech/test-other/8131/117017/8131-117017-0004.flac,bonafide,0,librispeech,bonafide_libri_test-other,libri_8131,8131-117017-0004,libri_8131,16000,
data/external/LibriSpeech/test-other/8131/117017/8131-117017-0005.flac,bonafide,0,librispeech,bonafide_libri_test-other,libri_8131,8131-117017-0005,libri_8131,16000,
data/external/LibriSpeech/test-other/8131/117017/8131-117017-0006.flac,bonafide,0,librispeech,bonafide_libri_test-other,libri_8131,8131-117017-0006,libri_8131,16000,
data/external/LibriSpeech/test-other/8131/117017/8131-117017-0007.flac,bonafide,0,librispeech,bonafide_libri_test-other,libri_8131,8131-117017-0007,libri_8131,16000,
data/external/LibriSpeech/test-other/8131/117017/8131-117017-0008.flac,bonafide,0,librispeech,bonafide_libri_test-other,libri_8131,8131-117017-0008,libri_8131,16000,
data/external/LibriSpeech/test-other/8131/117017/8131-117017-0009.flac,bonafide,0,librispeech,bonafide_libri_test-other,libri_8131,8131-117017-0009,libri_8131,16000,
data/external/LibriSpeech/test-other/8131/117017/8131-117017-0010.flac,bonafide,0,librispeech,bonafide_libri_test-other,libri_8131,8131-117017-0010,libri_8131,16000,
data/external/LibriSpeech/test-other/8131/117017/8131-117017-0011.flac,bonafide,0,librispeech,bonafide_libri_test-other,libri_8131,8131-117017-0011,libri_8131,16000,
data/external/LibriSpeech/test-other/8131/117017/8131-117017-0012.flac,bonafide,0,librispeech,bonafide_libri_test-other,libri_8131,8131-117017-0012,libri_8131,16000,
data/external/LibriSpeech/test-other/8131/117017/8131-117017-0013.flac,bonafide,0,librispeech,bonafide_libri_test-other,libri_8131,8131-117017-0013,libri_8131,16000,
data/external/LibriSpeech/test-other/8131/117017/8131-117017-0014.flac,bonafide,0,librispeech,bonafide_libri_test-other,libri_8131,8131-117017-0014,libri_8131,16000,
data/external/LibriSpeech/test-other/8131/117017/8131-117017-0015.flac,bonafide,0,librispeech,bonafide_libri_test-other,libri_8131,8131-117017-0015,libri_8131,16000,
data/external/LibriSpeech/test-other/8131/117017/8131-117017-0016.flac,bonafide,0,librispeech,bonafide_libri_test-other,libri_8131,8131-117017-0016,libri_8131,16000,
data/external/LibriSpeech/test-other/8131/117017/8131-117017-0017.flac,bonafide,0,librispeech,bonafide_libri_test-other,libri_8131,8131-117017-0017,libri_8131,16000,
data/external/LibriSpeech/test-other/8131/117017/8131-117017-0018.flac,bonafide,0,librispeech,bonafide_libri_test-other,libri_8131,8131-117017-0018,libri_8131,16000,
data/external/LibriSpeech/test-other/8131/117017/8131-117017-0019.flac,bonafide,0,librispeech,bonafide_libri_test-other,libri_8131,8131-117017-0019,libri_8131,16000,
data/external/LibriSpeech/test-other/8131/117017/8131-117017-0020.flac,bonafide,0,librispeech,bonafide_libri_test-other,libri_8131,8131-117017-0020,libri_8131,16000,
data/external/LibriSpeech/test-other/8131/117017/8131-117017-0021.flac,bonafide,0,librispeech,bonafide_libri_test-other,libri_8131,8131-117017-0021,libri_8131,16000,
data/external/LibriSpeech/test-other/8131/117017/8131-117017-0022.flac,bonafide,0,librispeech,bonafide_libri_test-other,libri_8131,8131-117017-0022,libri_8131,16000,
data/external/LibriSpeech/test-other/8131/117017/8131-117017-0023.flac,bonafide,0,librispeech,bonafide_libri_test-other,libri_8131,8131-117017-0023,libri_8131,16000,
data/external/LibriSpeech/test-other/8131/117017/8131-117017-0024.flac,bonafide,0,librispeech,bonafide_libri_test-other,libri_8131,8131-117017-0024,libri_8131,16000,
data/external/LibriSpeech/test-other/8131/117017/8131-117017-0025.flac,bonafide,0,librispeech,bonafide_libri_test-other,libri_8131,8131-117017-0025,libri_8131,16000,
data/external/LibriSpeech/test-other/8131/117017/8131-117017-0026.flac,bonafide,0,librispeech,bonafide_libri_test-other,libri_8131,8131-117017-0026,libri_8131,16000,
data/external/LibriSpeech/test-other/8131/117017/8131-117017-0027.flac,bonafide,0,librispeech,bonafide_libri_test-other,libri_8131,8131-117017-0027,libri_8131,16000,
data/external/LibriSpeech/test-other/8131/117017/8131-117017-0028.flac,bonafide,0,librispeech,bonafide_libri_test-other,libri_8131,8131-117017-0028,libri_8131,16000,
data/external/LibriSpeech/test-other/8131/117017/8131-117017-0029.flac,bonafide,0,librispeech,bonafide_libri_test-other,libri_8131,8131-117017-0029,libri_8131,16000,
data/external/LibriSpeech/test-other/8131/117017/8131-117017-0030.flac,bonafide,0,librispeech,bonafide_libri_test-other,libri_8131,8131-117017-0030,libri_8131,16000,
data/external/LibriSpeech/test-other/8131/117017/8131-117017-0031.flac,bonafide,0,librispeech,bonafide_libri_test-other,libri_8131,8131-117017-0031,libri_8131,16000,
data/external/LibriSpeech/test-other/8131/117017/8131-117017-0032.flac,bonafide,0,librispeech,bonafide_libri_test-other,libri_8131,8131-117017-0032,libri_8131,16000,
data/external/LibriSpeech/test-other/8131/117029/8131-117029-0000.flac,bonafide,0,librispeech,bonafide_libri_test-other,libri_8131,8131-117029-0000,libri_8131,16000,
data/external/LibriSpeech/test-other/8131/117029/8131-117029-0001.flac,bonafide,0,librispeech,bonafide_libri_test-other,libri_8131,8131-117029-0001,libri_8131,16000,
data/external/LibriSpeech/test-other/8131/117029/8131-117029-0002.flac,bonafide,0,librispeech,bonafide_libri_test-other,libri_8131,8131-117029-0002,libri_8131,16000,
data/external/LibriSpeech/test-other/8131/117029/8131-117029-0003.flac,bonafide,0,librispeech,bonafide_libri_test-other,libri_8131,8131-117029-0003,libri_8131,16000,
data/external/LibriSpeech/test-other/8131/117029/8131-117029-0004.flac,bonafide,0,librispeech,bonafide_libri_test-other,libri_8131,8131-117029-0004,libri_8131,16000,
data/external/LibriSpeech/test-other/8131/117029/8131-117029-0005.flac,bonafide,0,librispeech,bonafide_libri_test-other,libri_8131,8131-117029-0005,libri_8131,16000,
data/external/LibriSpeech/test-other/8131/117029/8131-117029-0006.flac,bonafide,0,librispeech,bonafide_libri_test-other,libri_8131,8131-117029-0006,libri_8131,16000,
data/external/LibriSpeech/test-other/8131/117029/8131-117029-0007.flac,bonafide,0,librispeech,bonafide_libri_test-other,libri_8131,8131-117029-0007,libri_8131,16000,
data/external/LibriSpeech/test-other/8131/117029/8131-117029-0008.flac,bonafide,0,librispeech,bonafide_libri_test-other,libri_8131,8131-117029-0008,libri_8131,16000,
data/external/LibriSpeech/test-other/8131/117029/8131-117029-0009.flac,bonafide,0,librispeech,bonafide_libri_test-other,libri_8131,8131-117029-0009,libri_8131,16000,
data/external/LibriSpeech/test-other/8131/117029/8131-117029-0010.flac,bonafide,0,librispeech,bonafide_libri_test-other,libri_8131,8131-117029-0010,libri_8131,16000,
data/external/LibriSpeech/test-other/8131/117029/8131-117029-0011.flac,bonafide,0,librispeech,bonafide_libri_test-other,libri_8131,8131-117029-0011,libri_8131,16000,
data/external/LibriSpeech/test-other/8131/117029/8131-117029-0012.flac,bonafide,0,librispeech,bonafide_libri_test-other,libri_8131,8131-117029-0012,libri_8131,16000,
data/external/LibriSpeech/test-other/8131/117029/8131-117029-0013.flac,bonafide,0,librispeech,bonafide_libri_test-other,libri_8131,8131-117029-0013,libri_8131,16000,
data/external/LibriSpeech/test-other/8131/117029/8131-117029-0014.flac,bonafide,0,librispeech,bonafide_libri_test-other,libri_8131,8131-117029-0014,libri_8131,16000,
data/external/LibriSpeech/test-other/8131/117029/8131-117029-0015.flac,bonafide,0,librispeech,bonafide_libri_test-other,libri_8131,8131-117029-0015,libri_8131,16000,
data/external/LibriSpeech/test-other/8131/117029/8131-117029-0016.flac,bonafide,0,librispeech,bonafide_libri_test-other,libri_8131,8131-117029-0016,libri_8131,16000,
data/external/LibriSpeech/test-other/8131/117029/8131-117029-0017.flac,bonafide,0,librispeech,bonafide_libri_test-other,libri_8131,8131-117029-0017,libri_8131,16000,
data/external/LibriSpeech/test-other/8131/117029/8131-117029-0018.flac,bonafide,0,librispeech,bonafide_libri_test-other,libri_8131,8131-117029-0018,libri_8131,16000,
data/external/LibriSpeech/test-other/8131/117029/8131-117029-0019.flac,bonafide,0,librispeech,bonafide_libri_test-other,libri_8131,8131-117029-0019,libri_8131,16000,
data/external/LibriSpeech/test-other/8131/117029/8131-117029-0020.flac,bonafide,0,librispeech,bonafide_libri_test-other,libri_8131,8131-117029-0020,libri_8131,16000,
data/external/LibriSpeech/test-other/8131/117029/8131-117029-0021.flac,bonafide,0,librispeech,bonafide_libri_test-other,libri_8131,8131-117029-0021,libri_8131,16000,
data/external/LibriSpeech/test-other/8131/117029/8131-117029-0022.flac,bonafide,0,librispeech,bonafide_libri_test-other,libri_8131,8131-117029-0022,libri_8131,16000,
data/external/LibriSpeech/test-other/8188/269288/8188-269288-0000.flac,bonafide,0,librispeech,bonafide_libri_test-other,libri_8188,8188-269288-0000,libri_8188,16000,
data/external/LibriSpeech/test-other/8188/269288/8188-269288-0001.flac,bonafide,0,librispeech,bonafide_libri_test-other,libri_8188,8188-269288-0001,libri_8188,16000,
data/external/LibriSpeech/test-other/8188/269288/8188-269288-0002.flac,bonafide,0,librispeech,bonafide_libri_test-other,libri_8188,8188-269288-0002,libri_8188,16000,
data/external/LibriSpeech/test-other/8188/269288/8188-269288-0003.flac,bonafide,0,librispeech,bonafide_libri_test-other,libri_8188,8188-269288-0003,libri_8188,16000,
data/external/LibriSpeech/test-other/8188/269288/8188-269288-0004.flac,bonafide,0,librispeech,bonafide_libri_test-other,libri_8188,8188-269288-0004,libri_8188,16000,
data/external/LibriSpeech/test-other/8188/269288/8188-269288-0005.flac,bonafide,0,librispeech,bonafide_libri_test-other,libri_8188,8188-269288-0005,libri_8188,16000,
data/external/LibriSpeech/test-other/8188/269288/8188-269288-0006.flac,bonafide,0,librispeech,bonafide_libri_test-other,libri_8188,8188-269288-0006,libri_8188,16000,
data/external/LibriSpeech/test-other/8188/269288/8188-269288-0007.flac,bonafide,0,librispeech,bonafide_libri_test-other,libri_8188,8188-269288-0007,libri_8188,16000,
data/external/LibriSpeech/test-other/8188/269288/8188-269288-0008.flac,bonafide,0,librispeech,bonafide_libri_test-other,libri_8188,8188-269288-0008,libri_8188,16000,
data/external/LibriSpeech/test-other/8188/269288/8188-269288-0009.flac,bonafide,0,librispeech,bonafide_libri_test-other,libri_8188,8188-269288-0009,libri_8188,16000,
data/external/LibriSpeech/test-other/8188/269288/8188-269288-0010.flac,bonafide,0,librispeech,bonafide_libri_test-other,libri_8188,8188-269288-0010,libri_8188,16000,
data/external/LibriSpeech/test-other/8188/269288/8188-269288-0011.flac,bonafide,0,librispeech,bonafide_libri_test-other,libri_8188,8188-269288-0011,libri_8188,16000,
data/external/LibriSpeech/test-other/8188/269288/8188-269288-0012.flac,bonafide,0,librispeech,bonafide_libri_test-other,libri_8188,8188-269288-0012,libri_8188,16000,
data/external/LibriSpeech/test-other/8188/269288/8188-269288-0013.flac,bonafide,0,librispeech,bonafide_libri_test-other,libri_8188,8188-269288-0013,libri_8188,16000,
data/external/LibriSpeech/test-other/8188/269288/8188-269288-0014.flac,bonafide,0,librispeech,bonafide_libri_test-other,libri_8188,8188-269288-0014,libri_8188,16000,
data/external/LibriSpeech/test-other/8188/269288/8188-269288-0015.flac,bonafide,0,librispeech,bonafide_libri_test-other,libri_8188,8188-269288-0015,libri_8188,16000,
data/external/LibriSpeech/test-other/8188/269288/8188-269288-0016.flac,bonafide,0,librispeech,bonafide_libri_test-other,libri_8188,8188-269288-0016,libri_8188,16000,
data/external/LibriSpeech/test-other/8188/269288/8188-269288-0017.flac,bonafide,0,librispeech,bonafide_libri_test-other,libri_8188,8188-269288-0017,libri_8188,16000,
data/external/LibriSpeech/test-other/8188/269288/8188-269288-0018.flac,bonafide,0,librispeech,bonafide_libri_test-other,libri_8188,8188-269288-0018,libri_8188,16000,
data/external/LibriSpeech/test-other/8188/269288/8188-269288-0019.flac,bonafide,0,librispeech,bonafide_libri_test-other,libri_8188,8188-269288-0019,libri_8188,16000,
data/external/LibriSpeech/test-other/8188/269288/8188-269288-0020.flac,bonafide,0,librispeech,bonafide_libri_test-other,libri_8188,8188-269288-0020,libri_8188,16000,
data/external/LibriSpeech/test-other/8188/269288/8188-269288-0021.flac,bonafide,0,librispeech,bonafide_libri_test-other,libri_8188,8188-269288-0021,libri_8188,16000,
data/external/LibriSpeech/test-other/8188/269288/8188-269288-0022.flac,bonafide,0,librispeech,bonafide_libri_test-other,libri_8188,8188-269288-0022,libri_8188,16000,
data/external/LibriSpeech/test-other/8188/269288/8188-269288-0023.flac,bonafide,0,librispeech,bonafide_libri_test-other,libri_8188,8188-269288-0023,libri_8188,16000,
data/external/LibriSpeech/test-other/8188/269288/8188-269288-0024.flac,bonafide,0,librispeech,bonafide_libri_test-other,libri_8188,8188-269288-0024,libri_8188,16000,
data/external/LibriSpeech/test-other/8188/269288/8188-269288-0025.flac,bonafide,0,librispeech,bonafide_libri_test-other,libri_8188,8188-269288-0025,libri_8188,16000,
data/external/LibriSpeech/test-other/8188/269288/8188-269288-0026.flac,bonafide,0,librispeech,bonafide_libri_test-other,libri_8188,8188-269288-0026,libri_8188,16000,
data/external/LibriSpeech/test-other/8188/269288/8188-269288-0027.flac,bonafide,0,librispeech,bonafide_libri_test-other,libri_8188,8188-269288-0027,libri_8188,16000,
data/external/LibriSpeech/test-other/8188/269288/8188-269288-0028.flac,bonafide,0,librispeech,bonafide_libri_test-other,libri_8188,8188-269288-0028,libri_8188,16000,
data/external/LibriSpeech/test-other/8188/269288/8188-269288-0029.flac,bonafide,0,librispeech,bonafide_libri_test-other,libri_8188,8188-269288-0029,libri_8188,16000,
data/external/LibriSpeech/test-other/8188/269288/8188-269288-0030.flac,bonafide,0,librispeech,bonafide_libri_test-other,libri_8188,8188-269288-0030,libri_8188,16000,
data/external/LibriSpeech/test-other/8188/269288/8188-269288-0031.flac,bonafide,0,librispeech,bonafide_libri_test-other,libri_8188,8188-269288-0031,libri_8188,16000,
data/external/LibriSpeech/test-other/8188/269288/8188-269288-0032.flac,bonafide,0,librispeech,bonafide_libri_test-other,libri_8188,8188-269288-0032,libri_8188,16000,
data/external/LibriSpeech/test-other/8188/269288/8188-269288-0033.flac,bonafide,0,librispeech,bonafide_libri_test-other,libri_8188,8188-269288-0033,libri_8188,16000,
data/external/LibriSpeech/test-other/8188/269288/8188-269288-0034.flac,bonafide,0,librispeech,bonafide_libri_test-other,libri_8188,8188-269288-0034,libri_8188,16000,
data/external/LibriSpeech/test-other/8188/269288/8188-269288-0035.flac,bonafide,0,librispeech,bonafide_libri_test-other,libri_8188,8188-269288-0035,libri_8188,16000,
data/external/LibriSpeech/test-other/8188/269288/8188-269288-0036.flac,bonafide,0,librispeech,bonafide_libri_test-other,libri_8188,8188-269288-0036,libri_8188,16000,
data/external/LibriSpeech/test-other/8188/269288/8188-269288-0037.flac,bonafide,0,librispeech,bonafide_libri_test-other,libri_8188,8188-269288-0037,libri_8188,16000,
data/external/LibriSpeech/test-other/8188/269288/8188-269288-0038.flac,bonafide,0,librispeech,bonafide_libri_test-other,libri_8188,8188-269288-0038,libri_8188,16000,
data/external/LibriSpeech/test-other/8188/269288/8188-269288-0039.flac,bonafide,0,librispeech,bonafide_libri_test-other,libri_8188,8188-269288-0039,libri_8188,16000,
data/external/LibriSpeech/test-other/8188/269288/8188-269288-0040.flac,bonafide,0,librispeech,bonafide_libri_test-other,libri_8188,8188-269288-0040,libri_8188,16000,
data/external/LibriSpeech/test-other/8188/269288/8188-269288-0041.flac,bonafide,0,librispeech,bonafide_libri_test-other,libri_8188,8188-269288-0041,libri_8188,16000,
data/external/LibriSpeech/test-other/8188/269288/8188-269288-0042.flac,bonafide,0,librispeech,bonafide_libri_test-other,libri_8188,8188-269288-0042,libri_8188,16000,
data/external/LibriSpeech/test-other/8188/269288/8188-269288-0043.flac,bonafide,0,librispeech,bonafide_libri_test-other,libri_8188,8188-269288-0043,libri_8188,16000,
data/external/LibriSpeech/test-other/8188/269288/8188-269288-0044.flac,bonafide,0,librispeech,bonafide_libri_test-other,libri_8188,8188-269288-0044,libri_8188,16000,
data/external/LibriSpeech/test-other/8188/269288/8188-269288-0045.flac,bonafide,0,librispeech,bonafide_libri_test-other,libri_8188,8188-269288-0045,libri_8188,16000,
data/external/LibriSpeech/test-other/8188/269288/8188-269288-0046.flac,bonafide,0,librispeech,bonafide_libri_test-other,libri_8188,8188-269288-0046,libri_8188,16000,
data/external/LibriSpeech/test-other/8188/269288/8188-269288-0047.flac,bonafide,0,librispeech,bonafide_libri_test-other,libri_8188,8188-269288-0047,libri_8188,16000,
data/external/LibriSpeech/test-other/8188/269288/8188-269288-0048.flac,bonafide,0,librispeech,bonafide_libri_test-other,libri_8188,8188-269288-0048,libri_8188,16000,
data/external/LibriSpeech/test-other/8188/269288/8188-269288-0049.flac,bonafide,0,librispeech,bonafide_libri_test-other,libri_8188,8188-269288-0049,libri_8188,16000,
data/external/LibriSpeech/test-other/8188/269288/8188-269288-0050.flac,bonafide,0,librispeech,bonafide_libri_test-other,libri_8188,8188-269288-0050,libri_8188,16000,
data/external/LibriSpeech/test-other/8188/269288/8188-269288-0051.flac,bonafide,0,librispeech,bonafide_libri_test-other,libri_8188,8188-269288-0051,libri_8188,16000,
data/external/LibriSpeech/test-other/8188/269288/8188-269288-0052.flac,bonafide,0,librispeech,bonafide_libri_test-other,libri_8188,8188-269288-0052,libri_8188,16000,
data/external/LibriSpeech/test-other/8188/269288/8188-269288-0053.flac,bonafide,0,librispeech,bonafide_libri_test-other,libri_8188,8188-269288-0053,libri_8188,16000,
data/external/LibriSpeech/test-other/8188/269288/8188-269288-0054.flac,bonafide,0,librispeech,bonafide_libri_test-other,libri_8188,8188-269288-0054,libri_8188,16000,
data/external/LibriSpeech/test-other/8188/269288/8188-269288-0055.flac,bonafide,0,librispeech,bonafide_libri_test-other,libri_8188,8188-269288-0055,libri_8188,16000,
data/external/LibriSpeech/test-other/8188/269288/8188-269288-0056.flac,bonafide,0,librispeech,bonafide_libri_test-other,libri_8188,8188-269288-0056,libri_8188,16000,
data/external/LibriSpeech/test-other/8188/269288/8188-269288-0057.flac,bonafide,0,librispeech,bonafide_libri_test-other,libri_8188,8188-269288-0057,libri_8188,16000,
data/external/LibriSpeech/test-other/8188/269290/8188-269290-0000.flac,bonafide,0,librispeech,bonafide_libri_test-other,libri_8188,8188-269290-0000,libri_8188,16000,
data/external/LibriSpeech/test-other/8188/269290/8188-269290-0001.flac,bonafide,0,librispeech,bonafide_libri_test-other,libri_8188,8188-269290-0001,libri_8188,16000,
data/external/LibriSpeech/test-other/8188/269290/8188-269290-0002.flac,bonafide,0,librispeech,bonafide_libri_test-other,libri_8188,8188-269290-0002,libri_8188,16000,
data/external/LibriSpeech/test-other/8188/269290/8188-269290-0003.flac,bonafide,0,librispeech,bonafide_libri_test-other,libri_8188,8188-269290-0003,libri_8188,16000,
data/external/LibriSpeech/test-other/8188/269290/8188-269290-0004.flac,bonafide,0,librispeech,bonafide_libri_test-other,libri_8188,8188-269290-0004,libri_8188,16000,
data/external/LibriSpeech/test-other/8188/269290/8188-269290-0005.flac,bonafide,0,librispeech,bonafide_libri_test-other,libri_8188,8188-269290-0005,libri_8188,16000,
data/external/LibriSpeech/test-other/8188/269290/8188-269290-0006.flac,bonafide,0,librispeech,bonafide_libri_test-other,libri_8188,8188-269290-0006,libri_8188,16000,
data/external/LibriSpeech/test-other/8188/269290/8188-269290-0007.flac,bonafide,0,librispeech,bonafide_libri_test-other,libri_8188,8188-269290-0007,libri_8188,16000,
data/external/LibriSpeech/test-other/8188/269290/8188-269290-0008.flac,bonafide,0,librispeech,bonafide_libri_test-other,libri_8188,8188-269290-0008,libri_8188,16000,
data/external/LibriSpeech/test-other/8188/269290/8188-269290-0009.flac,bonafide,0,librispeech,bonafide_libri_test-other,libri_8188,8188-269290-0009,libri_8188,16000,
data/external/LibriSpeech/test-other/8188/269290/8188-269290-0010.flac,bonafide,0,librispeech,bonafide_libri_test-other,libri_8188,8188-269290-0010,libri_8188,16000,
data/external/LibriSpeech/test-other/8188/269290/8188-269290-0011.flac,bonafide,0,librispeech,bonafide_libri_test-other,libri_8188,8188-269290-0011,libri_8188,16000,
data/external/LibriSpeech/test-other/8188/269290/8188-269290-0012.flac,bonafide,0,librispeech,bonafide_libri_test-other,libri_8188,8188-269290-0012,libri_8188,16000,
data/external/LibriSpeech/test-other/8188/269290/8188-269290-0013.flac,bonafide,0,librispeech,bonafide_libri_test-other,libri_8188,8188-269290-0013,libri_8188,16000,
data/external/LibriSpeech/test-other/8188/269290/8188-269290-0014.flac,bonafide,0,librispeech,bonafide_libri_test-other,libri_8188,8188-269290-0014,libri_8188,16000,
data/external/LibriSpeech/test-other/8188/269290/8188-269290-0015.flac,bonafide,0,librispeech,bonafide_libri_test-other,libri_8188,8188-269290-0015,libri_8188,16000,
data/external/LibriSpeech/test-other/8188/269290/8188-269290-0016.flac,bonafide,0,librispeech,bonafide_libri_test-other,libri_8188,8188-269290-0016,libri_8188,16000,
data/external/LibriSpeech/test-other/8188/269290/8188-269290-0017.flac,bonafide,0,librispeech,bonafide_libri_test-other,libri_8188,8188-269290-0017,libri_8188,16000,
data/external/LibriSpeech/test-other/8188/269290/8188-269290-0018.flac,bonafide,0,librispeech,bonafide_libri_test-other,libri_8188,8188-269290-0018,libri_8188,16000,
data/external/LibriSpeech/test-other/8188/269290/8188-269290-0019.flac,bonafide,0,librispeech,bonafide_libri_test-other,libri_8188,8188-269290-0019,libri_8188,16000,
data/external/LibriSpeech/test-other/8188/269290/8188-269290-0020.flac,bonafide,0,librispeech,bonafide_libri_test-other,libri_8188,8188-269290-0020,libri_8188,16000,
data/external/LibriSpeech/test-other/8188/269290/8188-269290-0021.flac,bonafide,0,librispeech,bonafide_libri_test-other,libri_8188,8188-269290-0021,libri_8188,16000,
data/external/LibriSpeech/test-other/8188/269290/8188-269290-0022.flac,bonafide,0,librispeech,bonafide_libri_test-other,libri_8188,8188-269290-0022,libri_8188,16000,
data/external/LibriSpeech/test-other/8188/269290/8188-269290-0023.flac,bonafide,0,librispeech,bonafide_libri_test-other,libri_8188,8188-269290-0023,libri_8188,16000,
data/external/LibriSpeech/test-other/8188/269290/8188-269290-0024.flac,bonafide,0,librispeech,bonafide_libri_test-other,libri_8188,8188-269290-0024,libri_8188,16000,
data/external/LibriSpeech/test-other/8188/269290/8188-269290-0025.flac,bonafide,0,librispeech,bonafide_libri_test-other,libri_8188,8188-269290-0025,libri_8188,16000,
data/external/LibriSpeech/test-other/8188/269290/8188-269290-0026.flac,bonafide,0,librispeech,bonafide_libri_test-other,libri_8188,8188-269290-0026,libri_8188,16000,
data/external/LibriSpeech/test-other/8188/269290/8188-269290-0027.flac,bonafide,0,librispeech,bonafide_libri_test-other,libri_8188,8188-269290-0027,libri_8188,16000,
data/external/LibriSpeech/test-other/8188/269290/8188-269290-0028.flac,bonafide,0,librispeech,bonafide_libri_test-other,libri_8188,8188-269290-0028,libri_8188,16000,
data/external/LibriSpeech/test-other/8188/269290/8188-269290-0029.flac,bonafide,0,librispeech,bonafide_libri_test-other,libri_8188,8188-269290-0029,libri_8188,16000,
data/external/LibriSpeech/test-other/8188/269290/8188-269290-0030.flac,bonafide,0,librispeech,bonafide_libri_test-other,libri_8188,8188-269290-0030,libri_8188,16000,
data/external/LibriSpeech/test-other/8188/269290/8188-269290-0031.flac,bonafide,0,librispeech,bonafide_libri_test-other,libri_8188,8188-269290-0031,libri_8188,16000,
data/external/LibriSpeech/test-other/8188/269290/8188-269290-0032.flac,bonafide,0,librispeech,bonafide_libri_test-other,libri_8188,8188-269290-0032,libri_8188,16000,
data/external/LibriSpeech/test-other/8188/269290/8188-269290-0033.flac,bonafide,0,librispeech,bonafide_libri_test-other,libri_8188,8188-269290-0033,libri_8188,16000,
data/external/LibriSpeech/test-other/8188/269290/8188-269290-0034.flac,bonafide,0,librispeech,bonafide_libri_test-other,libri_8188,8188-269290-0034,libri_8188,16000,
data/external/LibriSpeech/test-other/8188/269290/8188-269290-0035.flac,bonafide,0,librispeech,bonafide_libri_test-other,libri_8188,8188-269290-0035,libri_8188,16000,
data/external/LibriSpeech/test-other/8188/269290/8188-269290-0036.flac,bonafide,0,librispeech,bonafide_libri_test-other,libri_8188,8188-269290-0036,libri_8188,16000,
data/external/LibriSpeech/test-other/8188/269290/8188-269290-0037.flac,bonafide,0,librispeech,bonafide_libri_test-other,libri_8188,8188-269290-0037,libri_8188,16000,
data/external/LibriSpeech/test-other/8188/269290/8188-269290-0038.flac,bonafide,0,librispeech,bonafide_libri_test-other,libri_8188,8188-269290-0038,libri_8188,16000,
data/external/LibriSpeech/test-other/8188/269290/8188-269290-0039.flac,bonafide,0,librispeech,bonafide_libri_test-other,libri_8188,8188-269290-0039,libri_8188,16000,
data/external/LibriSpeech/test-other/8188/269290/8188-269290-0040.flac,bonafide,0,librispeech,bonafide_libri_test-other,libri_8188,8188-269290-0040,libri_8188,16000,
data/external/LibriSpeech/test-other/8188/269290/8188-269290-0041.flac,bonafide,0,librispeech,bonafide_libri_test-other,libri_8188,8188-269290-0041,libri_8188,16000,
data/external/LibriSpeech/test-other/8188/269290/8188-269290-0042.flac,bonafide,0,librispeech,bonafide_libri_test-other,libri_8188,8188-269290-0042,libri_8188,16000,
data/external/LibriSpeech/test-other/8188/269290/8188-269290-0043.flac,bonafide,0,librispeech,bonafide_libri_test-other,libri_8188,8188-269290-0043,libri_8188,16000,
data/external/LibriSpeech/test-other/8188/269290/8188-269290-0044.flac,bonafide,0,librispeech,bonafide_libri_test-other,libri_8188,8188-269290-0044,libri_8188,16000,
data/external/LibriSpeech/test-other/8188/269290/8188-269290-0045.flac,bonafide,0,librispeech,bonafide_libri_test-other,libri_8188,8188-269290-0045,libri_8188,16000,
data/external/LibriSpeech/test-other/8188/269290/8188-269290-0046.flac,bonafide,0,librispeech,bonafide_libri_test-other,libri_8188,8188-269290-0046,libri_8188,16000,
data/external/LibriSpeech/test-other/8188/269290/8188-269290-0047.flac,bonafide,0,librispeech,bonafide_libri_test-other,libri_8188,8188-269290-0047,libri_8188,16000,
data/external/LibriSpeech/test-other/8188/269290/8188-269290-0048.flac,bonafide,0,librispeech,bonafide_libri_test-other,libri_8188,8188-269290-0048,libri_8188,16000,
data/external/LibriSpeech/test-other/8188/269290/8188-269290-0049.flac,bonafide,0,librispeech,bonafide_libri_test-other,libri_8188,8188-269290-0049,libri_8188,16000,
data/external/LibriSpeech/test-other/8188/269290/8188-269290-0050.flac,bonafide,0,librispeech,bonafide_libri_test-other,libri_8188,8188-269290-0050,libri_8188,16000,
data/external/LibriSpeech/test-other/8188/269290/8188-269290-0051.flac,bonafide,0,librispeech,bonafide_libri_test-other,libri_8188,8188-269290-0051,libri_8188,16000,
data/external/LibriSpeech/test-other/8188/269290/8188-269290-0052.flac,bonafide,0,librispeech,bonafide_libri_test-other,libri_8188,8188-269290-0052,libri_8188,16000,
data/external/LibriSpeech/test-other/8188/269290/8188-269290-0053.flac,bonafide,0,librispeech,bonafide_libri_test-other,libri_8188,8188-269290-0053,libri_8188,16000,
data/external/LibriSpeech/test-other/8188/269290/8188-269290-0054.flac,bonafide,0,librispeech,bonafide_libri_test-other,libri_8188,8188-269290-0054,libri_8188,16000,
data/external/LibriSpeech/test-other/8188/269290/8188-269290-0055.flac,bonafide,0,librispeech,bonafide_libri_test-other,libri_8188,8188-269290-0055,libri_8188,16000,
data/external/LibriSpeech/test-other/8188/269290/8188-269290-0056.flac,bonafide,0,librispeech,bonafide_libri_test-other,libri_8188,8188-269290-0056,libri_8188,16000,
data/external/LibriSpeech/test-other/8188/269290/8188-269290-0057.flac,bonafide,0,librispeech,bonafide_libri_test-other,libri_8188,8188-269290-0057,libri_8188,16000,
data/external/LibriSpeech/test-other/8188/274364/8188-274364-0000.flac,bonafide,0,librispeech,bonafide_libri_test-other,libri_8188,8188-274364-0000,libri_8188,16000,
data/external/LibriSpeech/test-other/8188/274364/8188-274364-0001.flac,bonafide,0,librispeech,bonafide_libri_test-other,libri_8188,8188-274364-0001,libri_8188,16000,
data/external/LibriSpeech/test-other/8188/274364/8188-274364-0002.flac,bonafide,0,librispeech,bonafide_libri_test-other,libri_8188,8188-274364-0002,libri_8188,16000,
data/external/LibriSpeech/test-other/8188/274364/8188-274364-0003.flac,bonafide,0,librispeech,bonafide_libri_test-other,libri_8188,8188-274364-0003,libri_8188,16000,
data/external/LibriSpeech/test-other/8188/274364/8188-274364-0004.flac,bonafide,0,librispeech,bonafide_libri_test-other,libri_8188,8188-274364-0004,libri_8188,16000,
data/external/LibriSpeech/test-other/8188/274364/8188-274364-0005.flac,bonafide,0,librispeech,bonafide_libri_test-other,libri_8188,8188-274364-0005,libri_8188,16000,
data/external/LibriSpeech/test-other/8188/274364/8188-274364-0006.flac,bonafide,0,librispeech,bonafide_libri_test-other,libri_8188,8188-274364-0006,libri_8188,16000,
data/external/LibriSpeech/test-other/8188/274364/8188-274364-0007.flac,bonafide,0,librispeech,bonafide_libri_test-other,libri_8188,8188-274364-0007,libri_8188,16000,
data/external/LibriSpeech/test-other/8188/274364/8188-274364-0008.flac,bonafide,0,librispeech,bonafide_libri_test-other,libri_8188,8188-274364-0008,libri_8188,16000,
data/external/LibriSpeech/test-other/8188/274364/8188-274364-0009.flac,bonafide,0,librispeech,bonafide_libri_test-other,libri_8188,8188-274364-0009,libri_8188,16000,
data/external/LibriSpeech/test-other/8188/274364/8188-274364-0010.flac,bonafide,0,librispeech,bonafide_libri_test-other,libri_8188,8188-274364-0010,libri_8188,16000,
data/external/LibriSpeech/test-other/8188/274364/8188-274364-0011.flac,bonafide,0,librispeech,bonafide_libri_test-other,libri_8188,8188-274364-0011,libri_8188,16000,
data/external/LibriSpeech/test-other/8280/266249/8280-266249-0000.flac,bonafide,0,librispeech,bonafide_libri_test-other,libri_8280,8280-266249-0000,libri_8280,16000,
data/external/LibriSpeech/test-other/8280/266249/8280-266249-0001.flac,bonafide,0,librispeech,bonafide_libri_test-other,libri_8280,8280-266249-0001,libri_8280,16000,
data/external/LibriSpeech/test-other/8280/266249/8280-266249-0002.flac,bonafide,0,librispeech,bonafide_libri_test-other,libri_8280,8280-266249-0002,libri_8280,16000,
data/external/LibriSpeech/test-other/8280/266249/8280-266249-0003.flac,bonafide,0,librispeech,bonafide_libri_test-other,libri_8280,8280-266249-0003,libri_8280,16000,
data/external/LibriSpeech/test-other/8280/266249/8280-266249-0004.flac,bonafide,0,librispeech,bonafide_libri_test-other,libri_8280,8280-266249-0004,libri_8280,16000,
data/external/LibriSpeech/test-other/8280/266249/8280-266249-0005.flac,bonafide,0,librispeech,bonafide_libri_test-other,libri_8280,8280-266249-0005,libri_8280,16000,
data/external/LibriSpeech/test-other/8280/266249/8280-266249-0006.flac,bonafide,0,librispeech,bonafide_libri_test-other,libri_8280,8280-266249-0006,libri_8280,16000,
data/external/LibriSpeech/test-other/8280/266249/8280-266249-0007.flac,bonafide,0,librispeech,bonafide_libri_test-other,libri_8280,8280-266249-0007,libri_8280,16000,
data/external/LibriSpeech/test-other/8280/266249/8280-266249-0008.flac,bonafide,0,librispeech,bonafide_libri_test-other,libri_8280,8280-266249-0008,libri_8280,16000,
data/external/LibriSpeech/test-other/8280/266249/8280-266249-0009.flac,bonafide,0,librispeech,bonafide_libri_test-other,libri_8280,8280-266249-0009,libri_8280,16000,
data/external/LibriSpeech/test-other/8280/266249/8280-266249-0010.flac,bonafide,0,librispeech,bonafide_libri_test-other,libri_8280,8280-266249-0010,libri_8280,16000,
data/external/LibriSpeech/test-other/8280/266249/8280-266249-0011.flac,bonafide,0,librispeech,bonafide_libri_test-other,libri_8280,8280-266249-0011,libri_8280,16000,
data/external/LibriSpeech/test-other/8280/266249/8280-266249-0012.flac,bonafide,0,librispeech,bonafide_libri_test-other,libri_8280,8280-266249-0012,libri_8280,16000,
data/external/LibriSpeech/test-other/8280/266249/8280-266249-0013.flac,bonafide,0,librispeech,bonafide_libri_test-other,libri_8280,8280-266249-0013,libri_8280,16000,
data/external/LibriSpeech/test-other/8280/266249/8280-266249-0014.flac,bonafide,0,librispeech,bonafide_libri_test-other,libri_8280,8280-266249-0014,libri_8280,16000,
data/external/LibriSpeech/test-other/8280/266249/8280-266249-0015.flac,bonafide,0,librispeech,bonafide_libri_test-other,libri_8280,8280-266249-0015,libri_8280,16000,
data/external/LibriSpeech/test-other/8280/266249/8280-266249-0016.flac,bonafide,0,librispeech,bonafide_libri_test-other,libri_8280,8280-266249-0016,libri_8280,16000,
data/external/LibriSpeech/test-other/8280/266249/8280-266249-0017.flac,bonafide,0,librispeech,bonafide_libri_test-other,libri_8280,8280-266249-0017,libri_8280,16000,
data/external/LibriSpeech/test-other/8280/266249/8280-266249-0018.flac,bonafide,0,librispeech,bonafide_libri_test-other,libri_8280,8280-266249-0018,libri_8280,16000,
data/external/LibriSpeech/test-other/8280/266249/8280-266249-0019.flac,bonafide,0,librispeech,bonafide_libri_test-other,libri_8280,8280-266249-0019,libri_8280,16000,
data/external/LibriSpeech/test-other/8280/266249/8280-266249-0020.flac,bonafide,0,librispeech,bonafide_libri_test-other,libri_8280,8280-266249-0020,libri_8280,16000,
data/external/LibriSpeech/test-other/8280/266249/8280-266249-0021.flac,bonafide,0,librispeech,bonafide_libri_test-other,libri_8280,8280-266249-0021,libri_8280,16000,
data/external/LibriSpeech/test-other/8280/266249/8280-266249-0022.flac,bonafide,0,librispeech,bonafide_libri_test-other,libri_8280,8280-266249-0022,libri_8280,16000,
data/external/LibriSpeech/test-other/8280/266249/8280-266249-0023.flac,bonafide,0,librispeech,bonafide_libri_test-other,libri_8280,8280-266249-0023,libri_8280,16000,
data/external/LibriSpeech/test-other/8280/266249/8280-266249-0024.flac,bonafide,0,librispeech,bonafide_libri_test-other,libri_8280,8280-266249-0024,libri_8280,16000,
data/external/LibriSpeech/test-other/8280/266249/8280-266249-0025.flac,bonafide,0,librispeech,bonafide_libri_test-other,libri_8280,8280-266249-0025,libri_8280,16000,
data/external/LibriSpeech/test-other/8280/266249/8280-266249-0026.flac,bonafide,0,librispeech,bonafide_libri_test-other,libri_8280,8280-266249-0026,libri_8280,16000,
data/external/LibriSpeech/test-other/8280/266249/8280-266249-0027.flac,bonafide,0,librispeech,bonafide_libri_test-other,libri_8280,8280-266249-0027,libri_8280,16000,
data/external/LibriSpeech/test-other/8280/266249/8280-266249-0028.flac,bonafide,0,librispeech,bonafide_libri_test-other,libri_8280,8280-266249-0028,libri_8280,16000,
data/external/LibriSpeech/test-other/8280/266249/8280-266249-0029.flac,bonafide,0,librispeech,bonafide_libri_test-other,libri_8280,8280-266249-0029,libri_8280,16000,
data/external/LibriSpeech/test-other/8280/266249/8280-266249-0030.flac,bonafide,0,librispeech,bonafide_libri_test-other,libri_8280,8280-266249-0030,libri_8280,16000,
data/external/LibriSpeech/test-other/8280/266249/8280-266249-0031.flac,bonafide,0,librispeech,bonafide_libri_test-other,libri_8280,8280-266249-0031,libri_8280,16000,
data/external/LibriSpeech/test-other/8280/266249/8280-266249-0032.flac,bonafide,0,librispeech,bonafide_libri_test-other,libri_8280,8280-266249-0032,libri_8280,16000,
data/external/LibriSpeech/test-other/8280/266249/8280-266249-0033.flac,bonafide,0,librispeech,bonafide_libri_test-other,libri_8280,8280-266249-0033,libri_8280,16000,
data/external/LibriSpeech/test-other/8280/266249/8280-266249-0034.flac,bonafide,0,librispeech,bonafide_libri_test-other,libri_8280,8280-266249-0034,libri_8280,16000,
data/external/LibriSpeech/test-other/8280/266249/8280-266249-0035.flac,bonafide,0,librispeech,bonafide_libri_test-other,libri_8280,8280-266249-0035,libri_8280,16000,
data/external/LibriSpeech/test-other/8280/266249/8280-266249-0036.flac,bonafide,0,librispeech,bonafide_libri_test-other,libri_8280,8280-266249-0036,libri_8280,16000,
data/external/LibriSpeech/test-other/8280/266249/8280-266249-0037.flac,bonafide,0,librispeech,bonafide_libri_test-other,libri_8280,8280-266249-0037,libri_8280,16000,
data/external/LibriSpeech/test-other/8280/266249/8280-266249-0038.flac,bonafide,0,librispeech,bonafide_libri_test-other,libri_8280,8280-266249-0038,libri_8280,16000,
data/external/LibriSpeech/test-other/8280/266249/8280-266249-0039.flac,bonafide,0,librispeech,bonafide_libri_test-other,libri_8280,8280-266249-0039,libri_8280,16000,
data/external/LibriSpeech/test-other/8280/266249/8280-266249-0040.flac,bonafide,0,librispeech,bonafide_libri_test-other,libri_8280,8280-266249-0040,libri_8280,16000,
data/external/LibriSpeech/test-other/8280/266249/8280-266249-0041.flac,bonafide,0,librispeech,bonafide_libri_test-other,libri_8280,8280-266249-0041,libri_8280,16000,
data/external/LibriSpeech/test-other/8280/266249/8280-266249-0042.flac,bonafide,0,librispeech,bonafide_libri_test-other,libri_8280,8280-266249-0042,libri_8280,16000,
data/external/LibriSpeech/test-other/8280/266249/8280-266249-0043.flac,bonafide,0,librispeech,bonafide_libri_test-other,libri_8280,8280-266249-0043,libri_8280,16000,
data/external/LibriSpeech/test-other/8280/266249/8280-266249-0044.flac,bonafide,0,librispeech,bonafide_libri_test-other,libri_8280,8280-266249-0044,libri_8280,16000,
data/external/LibriSpeech/test-other/8280/266249/8280-266249-0045.flac,bonafide,0,librispeech,bonafide_libri_test-other,libri_8280,8280-266249-0045,libri_8280,16000,
data/external/LibriSpeech/test-other/8280/266249/8280-266249-0046.flac,bonafide,0,librispeech,bonafide_libri_test-other,libri_8280,8280-266249-0046,libri_8280,16000,
data/external/LibriSpeech/test-other/8280/266249/8280-266249-0047.flac,bonafide,0,librispeech,bonafide_libri_test-other,libri_8280,8280-266249-0047,libri_8280,16000,
data/external/LibriSpeech/test-other/8280/266249/8280-266249-0048.flac,bonafide,0,librispeech,bonafide_libri_test-other,libri_8280,8280-266249-0048,libri_8280,16000,
data/external/LibriSpeech/test-other/8280/266249/8280-266249-0049.flac,bonafide,0,librispeech,bonafide_libri_test-other,libri_8280,8280-266249-0049,libri_8280,16000,
data/external/LibriSpeech/test-other/8280/266249/8280-266249-0050.flac,bonafide,0,librispeech,bonafide_libri_test-other,libri_8280,8280-266249-0050,libri_8280,16000,
data/external/LibriSpeech/test-other/8280/266249/8280-266249-0051.flac,bonafide,0,librispeech,bonafide_libri_test-other,libri_8280,8280-266249-0051,libri_8280,16000,
data/external/LibriSpeech/test-other/8280/266249/8280-266249-0052.flac,bonafide,0,librispeech,bonafide_libri_test-other,libri_8280,8280-266249-0052,libri_8280,16000,
data/external/LibriSpeech/test-other/8280/266249/8280-266249-0053.flac,bonafide,0,librispeech,bonafide_libri_test-other,libri_8280,8280-266249-0053,libri_8280,16000,
data/external/LibriSpeech/test-other/8280/266249/8280-266249-0054.flac,bonafide,0,librispeech,bonafide_libri_test-other,libri_8280,8280-266249-0054,libri_8280,16000,
data/external/LibriSpeech/test-other/8280/266249/8280-266249-0055.flac,bonafide,0,librispeech,bonafide_libri_test-other,libri_8280,8280-266249-0055,libri_8280,16000,
data/external/LibriSpeech/test-other/8280/266249/8280-266249-0056.flac,bonafide,0,librispeech,bonafide_libri_test-other,libri_8280,8280-266249-0056,libri_8280,16000,
data/external/LibriSpeech/test-other/8280/266249/8280-266249-0057.flac,bonafide,0,librispeech,bonafide_libri_test-other,libri_8280,8280-266249-0057,libri_8280,16000,
data/external/LibriSpeech/test-other/8280/266249/8280-266249-0058.flac,bonafide,0,librispeech,bonafide_libri_test-other,libri_8280,8280-266249-0058,libri_8280,16000,
data/external/LibriSpeech/test-other/8280/266249/8280-266249-0059.flac,bonafide,0,librispeech,bonafide_libri_test-other,libri_8280,8280-266249-0059,libri_8280,16000,
data/external/LibriSpeech/test-other/8280/266249/8280-266249-0060.flac,bonafide,0,librispeech,bonafide_libri_test-other,libri_8280,8280-266249-0060,libri_8280,16000,
data/external/LibriSpeech/test-other/8280/266249/8280-266249-0061.flac,bonafide,0,librispeech,bonafide_libri_test-other,libri_8280,8280-266249-0061,libri_8280,16000,
data/external/LibriSpeech/test-other/8280/266249/8280-266249-0062.flac,bonafide,0,librispeech,bonafide_libri_test-other,libri_8280,8280-266249-0062,libri_8280,16000,
data/external/LibriSpeech/test-other/8280/266249/8280-266249-0063.flac,bonafide,0,librispeech,bonafide_libri_test-other,libri_8280,8280-266249-0063,libri_8280,16000,
data/external/LibriSpeech/test-other/8280/266249/8280-266249-0064.flac,bonafide,0,librispeech,bonafide_libri_test-other,libri_8280,8280-266249-0064,libri_8280,16000,
data/external/LibriSpeech/test-other/8280/266249/8280-266249-0065.flac,bonafide,0,librispeech,bonafide_libri_test-other,libri_8280,8280-266249-0065,libri_8280,16000,
data/external/LibriSpeech/test-other/8461/258277/8461-258277-0000.flac,bonafide,0,librispeech,bonafide_libri_test-other,libri_8461,8461-258277-0000,libri_8461,16000,
data/external/LibriSpeech/test-other/8461/258277/8461-258277-0001.flac,bonafide,0,librispeech,bonafide_libri_test-other,libri_8461,8461-258277-0001,libri_8461,16000,
data/external/LibriSpeech/test-other/8461/258277/8461-258277-0002.flac,bonafide,0,librispeech,bonafide_libri_test-other,libri_8461,8461-258277-0002,libri_8461,16000,
data/external/LibriSpeech/test-other/8461/258277/8461-258277-0003.flac,bonafide,0,librispeech,bonafide_libri_test-other,libri_8461,8461-258277-0003,libri_8461,16000,
data/external/LibriSpeech/test-other/8461/258277/8461-258277-0004.flac,bonafide,0,librispeech,bonafide_libri_test-other,libri_8461,8461-258277-0004,libri_8461,16000,
data/external/LibriSpeech/test-other/8461/258277/8461-258277-0005.flac,bonafide,0,librispeech,bonafide_libri_test-other,libri_8461,8461-258277-0005,libri_8461,16000,
data/external/LibriSpeech/test-other/8461/258277/8461-258277-0006.flac,bonafide,0,librispeech,bonafide_libri_test-other,libri_8461,8461-258277-0006,libri_8461,16000,
data/external/LibriSpeech/test-other/8461/258277/8461-258277-0007.flac,bonafide,0,librispeech,bonafide_libri_test-other,libri_8461,8461-258277-0007,libri_8461,16000,
data/external/LibriSpeech/test-other/8461/258277/8461-258277-0008.flac,bonafide,0,librispeech,bonafide_libri_test-other,libri_8461,8461-258277-0008,libri_8461,16000,
data/external/LibriSpeech/test-other/8461/258277/8461-258277-0009.flac,bonafide,0,librispeech,bonafide_libri_test-other,libri_8461,8461-258277-0009,libri_8461,16000,
data/external/LibriSpeech/test-other/8461/258277/8461-258277-0010.flac,bonafide,0,librispeech,bonafide_libri_test-other,libri_8461,8461-258277-0010,libri_8461,16000,
data/external/LibriSpeech/test-other/8461/258277/8461-258277-0011.flac,bonafide,0,librispeech,bonafide_libri_test-other,libri_8461,8461-258277-0011,libri_8461,16000,
data/external/LibriSpeech/test-other/8461/258277/8461-258277-0012.flac,bonafide,0,librispeech,bonafide_libri_test-other,libri_8461,8461-258277-0012,libri_8461,16000,
data/external/LibriSpeech/test-other/8461/258277/8461-258277-0013.flac,bonafide,0,librispeech,bonafide_libri_test-other,libri_8461,8461-258277-0013,libri_8461,16000,
data/external/LibriSpeech/test-other/8461/258277/8461-258277-0014.flac,bonafide,0,librispeech,bonafide_libri_test-other,libri_8461,8461-258277-0014,libri_8461,16000,
data/external/LibriSpeech/test-other/8461/258277/8461-258277-0015.flac,bonafide,0,librispeech,bonafide_libri_test-other,libri_8461,8461-258277-0015,libri_8461,16000,
data/external/LibriSpeech/test-other/8461/258277/8461-258277-0016.flac,bonafide,0,librispeech,bonafide_libri_test-other,libri_8461,8461-258277-0016,libri_8461,16000,
data/external/LibriSpeech/test-other/8461/278226/8461-278226-0000.flac,bonafide,0,librispeech,bonafide_libri_test-other,libri_8461,8461-278226-0000,libri_8461,16000,
data/external/LibriSpeech/test-other/8461/278226/8461-278226-0001.flac,bonafide,0,librispeech,bonafide_libri_test-other,libri_8461,8461-278226-0001,libri_8461,16000,
data/external/LibriSpeech/test-other/8461/278226/8461-278226-0002.flac,bonafide,0,librispeech,bonafide_libri_test-other,libri_8461,8461-278226-0002,libri_8461,16000,
data/external/LibriSpeech/test-other/8461/278226/8461-278226-0003.flac,bonafide,0,librispeech,bonafide_libri_test-other,libri_8461,8461-278226-0003,libri_8461,16000,
data/external/LibriSpeech/test-other/8461/278226/8461-278226-0004.flac,bonafide,0,librispeech,bonafide_libri_test-other,libri_8461,8461-278226-0004,libri_8461,16000,
data/external/LibriSpeech/test-other/8461/278226/8461-278226-0005.flac,bonafide,0,librispeech,bonafide_libri_test-other,libri_8461,8461-278226-0005,libri_8461,16000,
data/external/LibriSpeech/test-other/8461/278226/8461-278226-0006.flac,bonafide,0,librispeech,bonafide_libri_test-other,libri_8461,8461-278226-0006,libri_8461,16000,
data/external/LibriSpeech/test-other/8461/278226/8461-278226-0007.flac,bonafide,0,librispeech,bonafide_libri_test-other,libri_8461,8461-278226-0007,libri_8461,16000,
data/external/LibriSpeech/test-other/8461/278226/8461-278226-0008.flac,bonafide,0,librispeech,bonafide_libri_test-other,libri_8461,8461-278226-0008,libri_8461,16000,
data/external/LibriSpeech/test-other/8461/278226/8461-278226-0009.flac,bonafide,0,librispeech,bonafide_libri_test-other,libri_8461,8461-278226-0009,libri_8461,16000,
data/external/LibriSpeech/test-other/8461/278226/8461-278226-0010.flac,bonafide,0,librispeech,bonafide_libri_test-other,libri_8461,8461-278226-0010,libri_8461,16000,
data/external/LibriSpeech/test-other/8461/278226/8461-278226-0011.flac,bonafide,0,librispeech,bonafide_libri_test-other,libri_8461,8461-278226-0011,libri_8461,16000,
data/external/LibriSpeech/test-other/8461/278226/8461-278226-0012.flac,bonafide,0,librispeech,bonafide_libri_test-other,libri_8461,8461-278226-0012,libri_8461,16000,
data/external/LibriSpeech/test-other/8461/278226/8461-278226-0013.flac,bonafide,0,librispeech,bonafide_libri_test-other,libri_8461,8461-278226-0013,libri_8461,16000,
data/external/LibriSpeech/test-other/8461/278226/8461-278226-0014.flac,bonafide,0,librispeech,bonafide_libri_test-other,libri_8461,8461-278226-0014,libri_8461,16000,
data/external/LibriSpeech/test-other/8461/278226/8461-278226-0015.flac,bonafide,0,librispeech,bonafide_libri_test-other,libri_8461,8461-278226-0015,libri_8461,16000,
data/external/LibriSpeech/test-other/8461/281231/8461-281231-0000.flac,bonafide,0,librispeech,bonafide_libri_test-other,libri_8461,8461-281231-0000,libri_8461,16000,
data/external/LibriSpeech/test-other/8461/281231/8461-281231-0001.flac,bonafide,0,librispeech,bonafide_libri_test-other,libri_8461,8461-281231-0001,libri_8461,16000,
data/external/LibriSpeech/test-other/8461/281231/8461-281231-0002.flac,bonafide,0,librispeech,bonafide_libri_test-other,libri_8461,8461-281231-0002,libri_8461,16000,
data/external/LibriSpeech/test-other/8461/281231/8461-281231-0003.flac,bonafide,0,librispeech,bonafide_libri_test-other,libri_8461,8461-281231-0003,libri_8461,16000,
data/external/LibriSpeech/test-other/8461/281231/8461-281231-0004.flac,bonafide,0,librispeech,bonafide_libri_test-other,libri_8461,8461-281231-0004,libri_8461,16000,
data/external/LibriSpeech/test-other/8461/281231/8461-281231-0005.flac,bonafide,0,librispeech,bonafide_libri_test-other,libri_8461,8461-281231-0005,libri_8461,16000,
data/external/LibriSpeech/test-other/8461/281231/8461-281231-0006.flac,bonafide,0,librispeech,bonafide_libri_test-other,libri_8461,8461-281231-0006,libri_8461,16000,
data/external/LibriSpeech/test-other/8461/281231/8461-281231-0007.flac,bonafide,0,librispeech,bonafide_libri_test-other,libri_8461,8461-281231-0007,libri_8461,16000,
data/external/LibriSpeech/test-other/8461/281231/8461-281231-0008.flac,bonafide,0,librispeech,bonafide_libri_test-other,libri_8461,8461-281231-0008,libri_8461,16000,
data/external/LibriSpeech/test-other/8461/281231/8461-281231-0009.flac,bonafide,0,librispeech,bonafide_libri_test-other,libri_8461,8461-281231-0009,libri_8461,16000,
data/external/LibriSpeech/test-other/8461/281231/8461-281231-0010.flac,bonafide,0,librispeech,bonafide_libri_test-other,libri_8461,8461-281231-0010,libri_8461,16000,
data/external/LibriSpeech/test-other/8461/281231/8461-281231-0011.flac,bonafide,0,librispeech,bonafide_libri_test-other,libri_8461,8461-281231-0011,libri_8461,16000,
data/external/LibriSpeech/test-other/8461/281231/8461-281231-0012.flac,bonafide,0,librispeech,bonafide_libri_test-other,libri_8461,8461-281231-0012,libri_8461,16000,
data/external/LibriSpeech/test-other/8461/281231/8461-281231-0013.flac,bonafide,0,librispeech,bonafide_libri_test-other,libri_8461,8461-281231-0013,libri_8461,16000,
data/external/LibriSpeech/test-other/8461/281231/8461-281231-0014.flac,bonafide,0,librispeech,bonafide_libri_test-other,libri_8461,8461-281231-0014,libri_8461,16000,
data/external/LibriSpeech/test-other/8461/281231/8461-281231-0015.flac,bonafide,0,librispeech,bonafide_libri_test-other,libri_8461,8461-281231-0015,libri_8461,16000,
data/external/LibriSpeech/test-other/8461/281231/8461-281231-0016.flac,bonafide,0,librispeech,bonafide_libri_test-other,libri_8461,8461-281231-0016,libri_8461,16000,
data/external/LibriSpeech/test-other/8461/281231/8461-281231-0017.flac,bonafide,0,librispeech,bonafide_libri_test-other,libri_8461,8461-281231-0017,libri_8461,16000,
data/external/LibriSpeech/test-other/8461/281231/8461-281231-0018.flac,bonafide,0,librispeech,bonafide_libri_test-other,libri_8461,8461-281231-0018,libri_8461,16000,
data/external/LibriSpeech/test-other/8461/281231/8461-281231-0019.flac,bonafide,0,librispeech,bonafide_libri_test-other,libri_8461,8461-281231-0019,libri_8461,16000,
data/external/LibriSpeech/test-other/8461/281231/8461-281231-0020.flac,bonafide,0,librispeech,bonafide_libri_test-other,libri_8461,8461-281231-0020,libri_8461,16000,
data/external/LibriSpeech/test-other/8461/281231/8461-281231-0021.flac,bonafide,0,librispeech,bonafide_libri_test-other,libri_8461,8461-281231-0021,libri_8461,16000,
data/external/LibriSpeech/test-other/8461/281231/8461-281231-0022.flac,bonafide,0,librispeech,bonafide_libri_test-other,libri_8461,8461-281231-0022,libri_8461,16000,
data/external/LibriSpeech/test-other/8461/281231/8461-281231-0023.flac,bonafide,0,librispeech,bonafide_libri_test-other,libri_8461,8461-281231-0023,libri_8461,16000,
data/external/LibriSpeech/test-other/8461/281231/8461-281231-0024.flac,bonafide,0,librispeech,bonafide_libri_test-other,libri_8461,8461-281231-0024,libri_8461,16000,
data/external/LibriSpeech/test-other/8461/281231/8461-281231-0025.flac,bonafide,0,librispeech,bonafide_libri_test-other,libri_8461,8461-281231-0025,libri_8461,16000,
data/external/LibriSpeech/test-other/8461/281231/8461-281231-0026.flac,bonafide,0,librispeech,bonafide_libri_test-other,libri_8461,8461-281231-0026,libri_8461,16000,
data/external/LibriSpeech/test-other/8461/281231/8461-281231-0027.flac,bonafide,0,librispeech,bonafide_libri_test-other,libri_8461,8461-281231-0027,libri_8461,16000,
data/external/LibriSpeech/test-other/8461/281231/8461-281231-0028.flac,bonafide,0,librispeech,bonafide_libri_test-other,libri_8461,8461-281231-0028,libri_8461,16000,
data/external/LibriSpeech/test-other/8461/281231/8461-281231-0029.flac,bonafide,0,librispeech,bonafide_libri_test-other,libri_8461,8461-281231-0029,libri_8461,16000,
data/external/LibriSpeech/test-other/8461/281231/8461-281231-0030.flac,bonafide,0,librispeech,bonafide_libri_test-other,libri_8461,8461-281231-0030,libri_8461,16000,
data/external/LibriSpeech/test-other/8461/281231/8461-281231-0031.flac,bonafide,0,librispeech,bonafide_libri_test-other,libri_8461,8461-281231-0031,libri_8461,16000,
data/external/LibriSpeech/test-other/8461/281231/8461-281231-0032.flac,bonafide,0,librispeech,bonafide_libri_test-other,libri_8461,8461-281231-0032,libri_8461,16000,
data/external/LibriSpeech/test-other/8461/281231/8461-281231-0033.flac,bonafide,0,librispeech,bonafide_libri_test-other,libri_8461,8461-281231-0033,libri_8461,16000,
data/external/LibriSpeech/test-other/8461/281231/8461-281231-0034.flac,bonafide,0,librispeech,bonafide_libri_test-other,libri_8461,8461-281231-0034,libri_8461,16000,
data/external/LibriSpeech/test-other/8461/281231/8461-281231-0035.flac,bonafide,0,librispeech,bonafide_libri_test-other,libri_8461,8461-281231-0035,libri_8461,16000,
data/external/LibriSpeech/test-other/8461/281231/8461-281231-0036.flac,bonafide,0,librispeech,bonafide_libri_test-other,libri_8461,8461-281231-0036,libri_8461,16000,
data/external/LibriSpeech/test-other/8461/281231/8461-281231-0037.flac,bonafide,0,librispeech,bonafide_libri_test-other,libri_8461,8461-281231-0037,libri_8461,16000,
data/external/LibriSpeech/test-other/8461/281231/8461-281231-0038.flac,bonafide,0,librispeech,bonafide_libri_test-other,libri_8461,8461-281231-0038,libri_8461,16000,
